[INFO] Scanning for projects...
[INFO] 
[INFO] ------------------< com.readyroad:readyroad-backend >-------------------
[INFO] Building readyroad 0.0.1-SNAPSHOT
[INFO]   from pom.xml
[INFO] --------------------------------[ jar ]---------------------------------
[INFO] 
[INFO] >>> spring-boot:4.0.1:run (default-cli) > test-compile @ readyroad-backend >>>
[INFO] 
[INFO] --- resources:3.3.1:resources (default-resources) @ readyroad-backend ---
[INFO] Copying 5 resources from src\main\resources to target\classes
[INFO] Copying 85 resources from src\main\resources to target\classes
[INFO] 
[INFO] --- compiler:3.14.1:compile (default-compile) @ readyroad-backend ---
[INFO] Nothing to compile - all classes are up to date.
[INFO] 
[INFO] --- resources:3.3.1:testResources (default-testResources) @ readyroad-backend ---
[INFO] Copying 2 resources from src\test\resources to target\test-classes
[INFO] 
[INFO] --- compiler:3.14.1:testCompile (default-testCompile) @ readyroad-backend ---
[INFO] Nothing to compile - all classes are up to date.
[INFO] 
[INFO] <<< spring-boot:4.0.1:run (default-cli) < test-compile @ readyroad-backend <<<
[INFO] 
[INFO] 
[INFO] --- spring-boot:4.0.1:run (default-cli) @ readyroad-backend ---
[INFO] Attaching agents: []

  .   ____          _            __ _ _
 /\\ / ___'_ __ _ _(_)_ __  __ _ \ \ \ \
( ( )\___ | '_ | '_| | '_ \/ _` | \ \ \ \
 \\/  ___)| |_)| | | | | || (_| |  ) ) ) )
  '  |____| .__|_| |_|_| |_\__, | / / / /
 =========|_|==============|___/=/_/_/_/

 :: Spring Boot ::                (v4.0.1)

2026-02-27T02:31:48.303+01:00  INFO 23160 --- [readyroad-secure] [           main] c.r.r.ReadyroadApplication               : Starting ReadyroadApplication using Java 21.0.10 with PID 23160 (C:\Users\haydar\Desktop\end_project\readyroad\target\classes started by haydar in C:\Users\haydar\Desktop\end_project\readyroad)
2026-02-27T02:31:48.318+01:00  INFO 23160 --- [readyroad-secure] [           main] c.r.r.ReadyroadApplication               : The following 1 profile is active: "secure"
2026-02-27T02:31:58.348+01:00  INFO 23160 --- [readyroad-secure] [           main] c.r.readyroadbackend.service.JwtService  : === JWT Service Initialization ===
2026-02-27T02:31:58.350+01:00  INFO 23160 --- [readyroad-secure] [           main] c.r.readyroadbackend.service.JwtService  : Secret Key Length: 96 characters
2026-02-27T02:31:58.350+01:00  INFO 23160 --- [readyroad-secure] [           main] c.r.readyroadbackend.service.JwtService  : JWT Expiration: 3600000 ms (1.0 hours)
2026-02-27T02:31:58.351+01:00  INFO 23160 --- [readyroad-secure] [           main] c.r.readyroadbackend.service.JwtService  : JWT Issuer: readyroad-backend
2026-02-27T02:31:58.361+01:00  INFO 23160 --- [readyroad-secure] [           main] c.r.readyroadbackend.service.JwtService  : ✅ JWT secret key is valid: 72 bytes (576 bits)
2026-02-27T02:32:01.845+01:00  WARN 23160 --- [readyroad-secure] [           main] o.f.c.i.s.DefaultSqlScriptExecutor       : DB: Table 'user_roles' already exists (SQL State: 42S01 - Error Code: 1050)
2026-02-27T02:32:01.851+01:00  WARN 23160 --- [readyroad-secure] [           main] o.f.c.i.s.DefaultSqlScriptExecutor       : DB: Duplicate entry 'USER' for key 'user_roles.role_name' (SQL State: 23000 - Error Code: 1062)
2026-02-27T02:32:01.852+01:00  WARN 23160 --- [readyroad-secure] [           main] o.f.c.i.s.DefaultSqlScriptExecutor       : DB: Duplicate entry 'ADMIN' for key 'user_roles.role_name' (SQL State: 23000 - Error Code: 1062)
2026-02-27T02:32:01.852+01:00  WARN 23160 --- [readyroad-secure] [           main] o.f.c.i.s.DefaultSqlScriptExecutor       : DB: Duplicate entry 'INSTRUCTOR' for key 'user_roles.role_name' (SQL State: 23000 - Error Code: 1062)
2026-02-27T02:32:01.862+01:00  WARN 23160 --- [readyroad-secure] [           main] o.f.c.i.s.DefaultSqlScriptExecutor       : DB: Duplicate entry 'admin@readyroad.be' for key 'users.email' (SQL State: 23000 - Error Code: 1062)
2026-02-27T02:32:05.544+01:00  WARN 23160 --- [readyroad-secure] [           main] org.hibernate.orm.deprecation            : HHH90000025: MySQLDialect does not need to be specified explicitly using 'hibernate.dialect' (remove the property setting and it will be selected by default)
2026-02-27T02:32:12.700+01:00 DEBUG 23160 --- [readyroad-secure] [           main] org.hibernate.SQL                        : alter table exam_simulations modify column score_percentage DECIMAL(5,2)
2026-02-27T02:32:12.806+01:00 DEBUG 23160 --- [readyroad-secure] [           main] org.hibernate.SQL                        : alter table quiz_questions modify column difficulty_level enum ('EASY','HARD','MEDIUM') not null
2026-02-27T02:32:12.920+01:00 DEBUG 23160 --- [readyroad-secure] [           main] org.hibernate.SQL                        : alter table quiz_questions modify column question_type enum ('IMAGE_BASED','MULTIPLE_CHOICE','TRUE_FALSE') not null
2026-02-27T02:32:13.018+01:00 DEBUG 23160 --- [readyroad-secure] [           main] org.hibernate.SQL                        : alter table quiz_questions modify column typical_error_type enum ('OTHER','PRIORITY_MISUNDERSTANDING','RULE_OVERGENERALIZATION','SIGN_CONFUSION','SPEED_LIMIT_ERROR','SUPPLEMENTARY_IGNORED','ZONE_CONFUSION')
2026-02-27T02:32:13.216+01:00 DEBUG 23160 --- [readyroad-secure] [           main] org.hibernate.SQL                        : alter table traffic_rules modify column importance_level enum ('HIGH','LOW','MEDIUM')
2026-02-27T02:32:22.643+01:00  INFO 23160 --- [readyroad-secure] [           main] c.r.r.config.ApplicationConfig           : 🔧 Configuring custom ObjectMapper with Java 8 Date/Time support
2026-02-27T02:32:22.646+01:00  INFO 23160 --- [readyroad-secure] [           main] c.r.r.config.ApplicationConfig           : ✅ ObjectMapper configured successfully
2026-02-27T02:32:23.811+01:00  INFO 23160 --- [readyroad-secure] [           main] c.r.r.service.FileUploadService          : 📁 Upload directory ready: C:\Users\haydar\Desktop\end_project\readyroad\public\images\quiz
2026-02-27T02:32:23.903+01:00  INFO 23160 --- [readyroad-secure] [           main] c.r.r.config.SecurityConfigDev           : 🎭 Configuring Role Hierarchy:
2026-02-27T02:32:23.906+01:00  INFO 23160 --- [readyroad-secure] [           main] c.r.r.config.SecurityConfigDev           :    ROLE_ADMIN > ROLE_MODERATOR > ROLE_USER
2026-02-27T02:32:23.911+01:00  INFO 23160 --- [readyroad-secure] [           main] c.r.r.config.SecurityConfigDev           : ✅ Role Hierarchy configured successfully
2026-02-27T02:32:23.911+01:00  INFO 23160 --- [readyroad-secure] [           main] c.r.r.config.SecurityConfigDev           :    - ADMIN users can access USER and MODERATOR protected endpoints
2026-02-27T02:32:23.914+01:00  INFO 23160 --- [readyroad-secure] [           main] c.r.r.config.SecurityConfigDev           :    - MODERATOR users can access USER protected endpoints
2026-02-27T02:32:23.924+01:00  INFO 23160 --- [readyroad-secure] [           main] c.r.r.config.SecurityConfigDev           : 🔐 Configuring Method Security with Role Hierarchy
2026-02-27T02:32:23.926+01:00  INFO 23160 --- [readyroad-secure] [           main] c.r.r.config.SecurityConfigDev           : ✅ Method Security Expression Handler configured
2026-02-27T02:32:23.927+01:00  INFO 23160 --- [readyroad-secure] [           main] c.r.r.config.SecurityConfigDev           :    - @PreAuthorize annotations now respect role hierarchy
2026-02-27T02:32:24.226+01:00  INFO 23160 --- [readyroad-secure] [           main] eAuthenticationProviderManagerConfigurer : Global AuthenticationManager configured with AuthenticationProvider bean with name authenticationProvider
2026-02-27T02:32:24.231+01:00  WARN 23160 --- [readyroad-secure] [           main] r$InitializeUserDetailsManagerConfigurer : Global AuthenticationManager configured with an AuthenticationProvider bean. UserDetailsService beans will not be used by Spring Security for automatically configuring username/password login. Consider removing the AuthenticationProvider bean. Alternatively, consider using the UserDetailsService in a manually instantiated DaoAuthenticationProvider. If the current configuration is intentional, to turn off this warning, increase the logging level of 'org.springframework.security.config.annotation.authentication.configuration.InitializeUserDetailsBeanManagerConfigurer' to ERROR
2026-02-27T02:32:25.760+01:00  WARN 23160 --- [readyroad-secure] [           main] JpaBaseConfiguration$JpaWebConfiguration : spring.jpa.open-in-view is enabled by default. Therefore, database queries may be performed during view rendering. Explicitly configure spring.jpa.open-in-view to disable this warning
2026-02-27T02:32:27.122+01:00  INFO 23160 --- [readyroad-secure] [           main] c.r.r.config.SecurityConfigDev           : ╔═══════════════════════════════════════════════════════════════╗
2026-02-27T02:32:27.125+01:00  INFO 23160 --- [readyroad-secure] [           main] c.r.r.config.SecurityConfigDev           : ║   🔒 Security Configuration: Production-Ready Mode            ║
2026-02-27T02:32:27.127+01:00  INFO 23160 --- [readyroad-secure] [           main] c.r.r.config.SecurityConfigDev           : ║                                                               ║
2026-02-27T02:32:27.127+01:00  INFO 23160 --- [readyroad-secure] [           main] c.r.r.config.SecurityConfigDev           : ║   ✅ Public Reads:  Traffic Signs (no auth)                   ║
2026-02-27T02:32:27.127+01:00  INFO 23160 --- [readyroad-secure] [           main] c.r.r.config.SecurityConfigDev           : ║   🔐 Protected:     Exams, Practice, Profile (JWT required)   ║
2026-02-27T02:32:27.127+01:00  INFO 23160 --- [readyroad-secure] [           main] c.r.r.config.SecurityConfigDev           : ║   🛡️  Admin:        All admin operations (JWT + role check)   ║
2026-02-27T02:32:27.129+01:00  INFO 23160 --- [readyroad-secure] [           main] c.r.r.config.SecurityConfigDev           : ║   🎭 Hierarchy:     ADMIN > MODERATOR > USER                  ║
2026-02-27T02:32:27.129+01:00  INFO 23160 --- [readyroad-secure] [           main] c.r.r.config.SecurityConfigDev           : ╚═══════════════════════════════════════════════════════════════╝
2026-02-27T02:32:27.133+01:00  INFO 23160 --- [readyroad-secure] [           main] c.r.r.config.SecurityConfigDev           : 🌍 Configuring CORS for cross-origin requests
2026-02-27T02:32:27.135+01:00  INFO 23160 --- [readyroad-secure] [           main] c.r.r.config.SecurityConfigDev           :    Using default development CORS origins
2026-02-27T02:32:27.139+01:00  INFO 23160 --- [readyroad-secure] [           main] c.r.r.config.SecurityConfigDev           : ✅ CORS configured successfully
2026-02-27T02:32:27.189+01:00  INFO 23160 --- [readyroad-secure] [           main] c.r.r.config.SecurityConfigDev           : ✅ Security configured successfully
2026-02-27T02:32:27.194+01:00  INFO 23160 --- [readyroad-secure] [           main] c.r.r.config.SecurityConfigDev           :    - Public endpoints: /api/traffic-signs/** (GET)
2026-02-27T02:32:27.194+01:00  INFO 23160 --- [readyroad-secure] [           main] c.r.r.config.SecurityConfigDev           :    - Protected endpoints: /api/exams/**, /api/users/**, etc.
2026-02-27T02:32:27.195+01:00  INFO 23160 --- [readyroad-secure] [           main] c.r.r.config.SecurityConfigDev           :    - Admin endpoints: /api/admin/** (ADMIN role required)
2026-02-27T02:32:27.195+01:00  INFO 23160 --- [readyroad-secure] [           main] c.r.r.config.SecurityConfigDev           :    - Role Hierarchy: ADMIN can access USER and MODERATOR endpoints
2026-02-27T02:32:32.073+01:00  INFO 23160 --- [readyroad-secure] [           main] c.r.r.ReadyroadApplication               : Started ReadyroadApplication in 46.134 seconds (process running for 48.238)
2026-02-27T02:32:32.428+01:00  INFO 23160 --- [readyroad-secure] [           main] c.r.r.config.DataImportRunner            : ═══════════════════════════════════════════════════
2026-02-27T02:32:32.428+01:00  INFO 23160 --- [readyroad-secure] [           main] c.r.r.config.DataImportRunner            : ℹ️  Data import is DISABLED
2026-02-27T02:32:32.428+01:00  INFO 23160 --- [readyroad-secure] [           main] c.r.r.config.DataImportRunner            : Set readyroad.data-import.enabled=true to enable.
2026-02-27T02:32:32.431+01:00  INFO 23160 --- [readyroad-secure] [           main] c.r.r.config.DataImportRunner            : ═══════════════════════════════════════════════════
2026-02-27T02:32:32.457+01:00  INFO 23160 --- [readyroad-secure] [           main] c.r.r.config.DataInitializer             : 🚀 Starting data initialization...
2026-02-27T02:32:32.701+01:00 DEBUG 23160 --- [readyroad-secure] [           main] org.hibernate.SQL                        : select count(*) from traffic_signs ts1_0
2026-02-27T02:32:32.748+01:00  INFO 23160 --- [readyroad-secure] [           main] c.r.r.config.DataInitializer             : 🚦 Traffic signs already exist. Skipping...
2026-02-27T02:32:32.750+01:00  INFO 23160 --- [readyroad-secure] [           main] c.r.r.config.DataInitializer             : ✅ Data initialization completed successfully!
2026-02-27T02:32:33.029+01:00 DEBUG 23160 --- [readyroad-secure] [           main] org.hibernate.SQL                        : select u1_0.id from users u1_0 where u1_0.username=? limit ?
2026-02-27T02:32:33.038+01:00  INFO 23160 --- [readyroad-secure] [           main] c.r.r.config.DefaultAdminInitializer     : ℹ️  Default admin user already exists - skipping creation
2026-02-27T07:55:33.470+01:00  WARN 23160 --- [readyroad-secure] [l-1:housekeeper] com.zaxxer.hikari.pool.HikariPool        : HikariPool-1 - Thread starvation or clock leap detected (housekeeper delta=4h12m55s663ms353µs700ns).
2026-02-27T08:06:19.773+01:00  WARN 23160 --- [readyroad-secure] [l-1:housekeeper] com.zaxxer.hikari.pool.HikariPool        : HikariPool-1 - Thread starvation or clock leap detected (housekeeper delta=10m16s191ms263µs100ns).
2026-02-27T09:06:51.185+01:00  WARN 23160 --- [readyroad-secure] [l-1:housekeeper] com.zaxxer.hikari.pool.HikariPool        : HikariPool-1 - Thread starvation or clock leap detected (housekeeper delta=1h1s399ms525µs300ns).
2026-02-27T09:11:07.901+01:00  INFO 23160 --- [readyroad-secure] [nio-8890-exec-1] o.s.web.servlet.DispatcherServlet        : Initializing Servlet 'dispatcherServlet'
2026-02-27T09:11:08.749+01:00  INFO 23160 --- [readyroad-secure] [nio-8890-exec-1] o.s.web.servlet.DispatcherServlet        : Completed initialization in 841 ms
2026-02-27T09:11:15.448+01:00 ERROR 23160 --- [readyroad-secure] [nio-8890-exec-1] c.r.r.config.JwtAuthenticationFilter     : ❌ Cannot set user authentication: JWT expired 22504433 milliseconds ago at 2026-02-27T01:56:11.000Z. Current time: 2026-02-27T08:11:15.433Z. Allowed clock skew: 0 milliseconds.
2026-02-27T09:11:15.457+01:00 ERROR 23160 --- [readyroad-secure] [nio-8890-exec-3] c.r.r.config.JwtAuthenticationFilter     : ❌ Cannot set user authentication: JWT expired 22504456 milliseconds ago at 2026-02-27T01:56:11.000Z. Current time: 2026-02-27T08:11:15.456Z. Allowed clock skew: 0 milliseconds.
2026-02-27T09:11:15.472+01:00 ERROR 23160 --- [readyroad-secure] [nio-8890-exec-6] c.r.r.config.JwtAuthenticationFilter     : ❌ Cannot set user authentication: JWT expired 22504418 milliseconds ago at 2026-02-27T01:56:11.000Z. Current time: 2026-02-27T08:11:15.418Z. Allowed clock skew: 0 milliseconds.
2026-02-27T09:11:15.468+01:00 ERROR 23160 --- [readyroad-secure] [nio-8890-exec-7] c.r.r.config.JwtAuthenticationFilter     : ❌ Cannot set user authentication: JWT expired 22504418 milliseconds ago at 2026-02-27T01:56:11.000Z. Current time: 2026-02-27T08:11:15.418Z. Allowed clock skew: 0 milliseconds.
2026-02-27T09:11:15.467+01:00 ERROR 23160 --- [readyroad-secure] [nio-8890-exec-3] c.r.r.config.JwtAuthenticationFilter     : Exception details:

io.jsonwebtoken.ExpiredJwtException: JWT expired 22504456 milliseconds ago at 2026-02-27T01:56:11.000Z. Current time: 2026-02-27T08:11:15.456Z. Allowed clock skew: 0 milliseconds.
	at io.jsonwebtoken.impl.DefaultJwtParser.parse(DefaultJwtParser.java:682) ~[jjwt-impl-0.12.5.jar:0.12.5]
	at io.jsonwebtoken.impl.DefaultJwtParser.parse(DefaultJwtParser.java:362) ~[jjwt-impl-0.12.5.jar:0.12.5]
	at io.jsonwebtoken.impl.DefaultJwtParser.parse(DefaultJwtParser.java:94) ~[jjwt-impl-0.12.5.jar:0.12.5]
	at io.jsonwebtoken.impl.io.AbstractParser.parse(AbstractParser.java:36) ~[jjwt-impl-0.12.5.jar:0.12.5]
	at io.jsonwebtoken.impl.io.AbstractParser.parse(AbstractParser.java:29) ~[jjwt-impl-0.12.5.jar:0.12.5]
	at io.jsonwebtoken.impl.DefaultJwtParser.parseSignedClaims(DefaultJwtParser.java:821) ~[jjwt-impl-0.12.5.jar:0.12.5]
	at com.readyroad.readyroadbackend.service.JwtService.extractAllClaims(JwtService.java:118) ~[classes/:na]
	at com.readyroad.readyroadbackend.service.JwtService.extractClaim(JwtService.java:103) ~[classes/:na]
	at com.readyroad.readyroadbackend.service.JwtService.extractUsername(JwtService.java:81) ~[classes/:na]
	at com.readyroad.readyroadbackend.config.JwtAuthenticationFilter.doFilterInternal(JwtAuthenticationFilter.java:113) ~[classes/:na]
	at org.springframework.web.filter.OncePerRequestFilter.doFilter(OncePerRequestFilter.java:116) ~[spring-web-7.0.2.jar:7.0.2]
	at org.springframework.security.web.ObservationFilterChainDecorator$ObservationFilter.wrapFilter(ObservationFilterChainDecorator.java:244) ~[spring-security-web-7.0.2.jar:7.0.2]
	at org.springframework.security.web.ObservationFilterChainDecorator$ObservationFilter.doFilter(ObservationFilterChainDecorator.java:231) ~[spring-security-web-7.0.2.jar:7.0.2]
	at org.springframework.security.web.ObservationFilterChainDecorator$VirtualFilterChain.doFilter(ObservationFilterChainDecorator.java:141) ~[spring-security-web-7.0.2.jar:7.0.2]
	at org.springframework.security.web.authentication.logout.LogoutFilter.doFilter(LogoutFilter.java:110) ~[spring-security-web-7.0.2.jar:7.0.2]
	at org.springframework.security.web.authentication.logout.LogoutFilter.doFilter(LogoutFilter.java:96) ~[spring-security-web-7.0.2.jar:7.0.2]
	at org.springframework.security.web.ObservationFilterChainDecorator$ObservationFilter.wrapFilter(ObservationFilterChainDecorator.java:244) ~[spring-security-web-7.0.2.jar:7.0.2]
	at org.springframework.security.web.ObservationFilterChainDecorator$ObservationFilter.doFilter(ObservationFilterChainDecorator.java:231) ~[spring-security-web-7.0.2.jar:7.0.2]
	at org.springframework.security.web.ObservationFilterChainDecorator$VirtualFilterChain.doFilter(ObservationFilterChainDecorator.java:141) ~[spring-security-web-7.0.2.jar:7.0.2]
	at org.springframework.web.filter.CorsFilter.doFilterInternal(CorsFilter.java:91) ~[spring-web-7.0.2.jar:7.0.2]
	at org.springframework.web.filter.OncePerRequestFilter.doFilter(OncePerRequestFilter.java:116) ~[spring-web-7.0.2.jar:7.0.2]
	at org.springframework.security.web.ObservationFilterChainDecorator$ObservationFilter.wrapFilter(ObservationFilterChainDecorator.java:244) ~[spring-security-web-7.0.2.jar:7.0.2]
	at org.springframework.security.web.ObservationFilterChainDecorator$ObservationFilter.doFilter(ObservationFilterChainDecorator.java:231) ~[spring-security-web-7.0.2.jar:7.0.2]
	at org.springframework.security.web.ObservationFilterChainDecorator$VirtualFilterChain.doFilter(ObservationFilterChainDecorator.java:141) ~[spring-security-web-7.0.2.jar:7.0.2]
	at org.springframework.security.web.header.HeaderWriterFilter.doHeadersAfter(HeaderWriterFilter.java:90) ~[spring-security-web-7.0.2.jar:7.0.2]
	at org.springframework.security.web.header.HeaderWriterFilter.doFilterInternal(HeaderWriterFilter.java:75) ~[spring-security-web-7.0.2.jar:7.0.2]
	at org.springframework.web.filter.OncePerRequestFilter.doFilter(OncePerRequestFilter.java:116) ~[spring-web-7.0.2.jar:7.0.2]
	at org.springframework.security.web.ObservationFilterChainDecorator$ObservationFilter.wrapFilter(ObservationFilterChainDecorator.java:244) ~[spring-security-web-7.0.2.jar:7.0.2]
	at org.springframework.security.web.ObservationFilterChainDecorator$ObservationFilter.doFilter(ObservationFilterChainDecorator.java:231) ~[spring-security-web-7.0.2.jar:7.0.2]
	at org.springframework.security.web.ObservationFilterChainDecorator$VirtualFilterChain.doFilter(ObservationFilterChainDecorator.java:141) ~[spring-security-web-7.0.2.jar:7.0.2]
	at org.springframework.security.web.context.SecurityContextHolderFilter.doFilter(SecurityContextHolderFilter.java:82) ~[spring-security-web-7.0.2.jar:7.0.2]
	at org.springframework.security.web.context.SecurityContextHolderFilter.doFilter(SecurityContextHolderFilter.java:69) ~[spring-security-web-7.0.2.jar:7.0.2]
	at org.springframework.security.web.ObservationFilterChainDecorator$ObservationFilter.wrapFilter(ObservationFilterChainDecorator.java:244) ~[spring-security-web-7.0.2.jar:7.0.2]
	at org.springframework.security.web.ObservationFilterChainDecorator$ObservationFilter.doFilter(ObservationFilterChainDecorator.java:231) ~[spring-security-web-7.0.2.jar:7.0.2]
	at org.springframework.security.web.ObservationFilterChainDecorator$VirtualFilterChain.doFilter(ObservationFilterChainDecorator.java:141) ~[spring-security-web-7.0.2.jar:7.0.2]
	at org.springframework.security.web.context.request.async.WebAsyncManagerIntegrationFilter.doFilterInternal(WebAsyncManagerIntegrationFilter.java:62) ~[spring-security-web-7.0.2.jar:7.0.2]
	at org.springframework.web.filter.OncePerRequestFilter.doFilter(OncePerRequestFilter.java:116) ~[spring-web-7.0.2.jar:7.0.2]
	at org.springframework.security.web.ObservationFilterChainDecorator$ObservationFilter.wrapFilter(ObservationFilterChainDecorator.java:244) ~[spring-security-web-7.0.2.jar:7.0.2]
	at org.springframework.security.web.ObservationFilterChainDecorator$ObservationFilter.doFilter(ObservationFilterChainDecorator.java:231) ~[spring-security-web-7.0.2.jar:7.0.2]
	at org.springframework.security.web.ObservationFilterChainDecorator$VirtualFilterChain.doFilter(ObservationFilterChainDecorator.java:141) ~[spring-security-web-7.0.2.jar:7.0.2]
	at org.springframework.security.web.session.DisableEncodeUrlFilter.doFilterInternal(DisableEncodeUrlFilter.java:42) ~[spring-security-web-7.0.2.jar:7.0.2]
	at org.springframework.web.filter.OncePerRequestFilter.doFilter(OncePerRequestFilter.java:116) ~[spring-web-7.0.2.jar:7.0.2]
	at org.springframework.security.web.ObservationFilterChainDecorator$ObservationFilter.wrapFilter(ObservationFilterChainDecorator.java:244) ~[spring-security-web-7.0.2.jar:7.0.2]
	at org.springframework.security.web.ObservationFilterChainDecorator$AroundFilterObservation$SimpleAroundFilterObservation.lambda$wrap$0(ObservationFilterChainDecorator.java:337) ~[spring-security-web-7.0.2.jar:7.0.2]
	at org.springframework.security.web.ObservationFilterChainDecorator$ObservationFilter.doFilter(ObservationFilterChainDecorator.java:228) ~[spring-security-web-7.0.2.jar:7.0.2]
	at org.springframework.security.web.ObservationFilterChainDecorator$VirtualFilterChain.doFilter(ObservationFilterChainDecorator.java:141) ~[spring-security-web-7.0.2.jar:7.0.2]
	at org.springframework.security.web.FilterChainProxy.doFilterInternal(FilterChainProxy.java:237) ~[spring-security-web-7.0.2.jar:7.0.2]
	at org.springframework.security.web.FilterChainProxy.doFilter(FilterChainProxy.java:195) ~[spring-security-web-7.0.2.jar:7.0.2]
	at org.springframework.web.filter.CompositeFilter$VirtualFilterChain.doFilter(CompositeFilter.java:113) ~[spring-web-7.0.2.jar:7.0.2]
	at org.springframework.web.filter.ServletRequestPathFilter.doFilter(ServletRequestPathFilter.java:52) ~[spring-web-7.0.2.jar:7.0.2]
	at org.springframework.web.filter.CompositeFilter$VirtualFilterChain.doFilter(CompositeFilter.java:113) ~[spring-web-7.0.2.jar:7.0.2]
	at org.springframework.web.filter.CompositeFilter.doFilter(CompositeFilter.java:74) ~[spring-web-7.0.2.jar:7.0.2]
	at org.springframework.security.config.annotation.web.configuration.WebSecurityConfiguration$CompositeFilterChainProxy.doFilter(WebSecurityConfiguration.java:317) ~[spring-security-config-7.0.2.jar:7.0.2]
	at org.springframework.web.filter.DelegatingFilterProxy.invokeDelegate(DelegatingFilterProxy.java:355) ~[spring-web-7.0.2.jar:7.0.2]
	at org.springframework.web.filter.DelegatingFilterProxy.doFilter(DelegatingFilterProxy.java:272) ~[spring-web-7.0.2.jar:7.0.2]
	at org.apache.catalina.core.ApplicationFilterChain.doFilter(ApplicationFilterChain.java:107) ~[tomcat-embed-core-11.0.15.jar:11.0.15]
	at org.springframework.web.filter.RequestContextFilter.doFilterInternal(RequestContextFilter.java:100) ~[spring-web-7.0.2.jar:7.0.2]
	at org.springframework.web.filter.OncePerRequestFilter.doFilter(OncePerRequestFilter.java:116) ~[spring-web-7.0.2.jar:7.0.2]
	at org.apache.catalina.core.ApplicationFilterChain.doFilter(ApplicationFilterChain.java:107) ~[tomcat-embed-core-11.0.15.jar:11.0.15]
	at org.springframework.web.filter.FormContentFilter.doFilterInternal(FormContentFilter.java:93) ~[spring-web-7.0.2.jar:7.0.2]
	at org.springframework.web.filter.OncePerRequestFilter.doFilter(OncePerRequestFilter.java:116) ~[spring-web-7.0.2.jar:7.0.2]
	at org.apache.catalina.core.ApplicationFilterChain.doFilter(ApplicationFilterChain.java:107) ~[tomcat-embed-core-11.0.15.jar:11.0.15]
	at org.springframework.web.filter.ServerHttpObservationFilter.doFilterInternal(ServerHttpObservationFilter.java:110) ~[spring-web-7.0.2.jar:7.0.2]
	at org.springframework.web.filter.OncePerRequestFilter.doFilter(OncePerRequestFilter.java:116) ~[spring-web-7.0.2.jar:7.0.2]
	at org.apache.catalina.core.ApplicationFilterChain.doFilter(ApplicationFilterChain.java:107) ~[tomcat-embed-core-11.0.15.jar:11.0.15]
	at org.springframework.web.filter.CharacterEncodingFilter.doFilterInternal(CharacterEncodingFilter.java:199) ~[spring-web-7.0.2.jar:7.0.2]
	at org.springframework.web.filter.OncePerRequestFilter.doFilter(OncePerRequestFilter.java:116) ~[spring-web-7.0.2.jar:7.0.2]
	at org.apache.catalina.core.ApplicationFilterChain.doFilter(ApplicationFilterChain.java:107) ~[tomcat-embed-core-11.0.15.jar:11.0.15]
	at org.apache.catalina.core.StandardWrapperValve.invoke(StandardWrapperValve.java:165) ~[tomcat-embed-core-11.0.15.jar:11.0.15]
	at org.apache.catalina.core.StandardContextValve.invoke(StandardContextValve.java:77) ~[tomcat-embed-core-11.0.15.jar:11.0.15]
	at org.apache.catalina.authenticator.AuthenticatorBase.invoke(AuthenticatorBase.java:482) ~[tomcat-embed-core-11.0.15.jar:11.0.15]
	at org.apache.catalina.core.StandardHostValve.invoke(StandardHostValve.java:113) ~[tomcat-embed-core-11.0.15.jar:11.0.15]
	at org.apache.catalina.valves.ErrorReportValve.invoke(ErrorReportValve.java:83) ~[tomcat-embed-core-11.0.15.jar:11.0.15]
	at org.apache.catalina.core.StandardEngineValve.invoke(StandardEngineValve.java:72) ~[tomcat-embed-core-11.0.15.jar:11.0.15]
	at org.apache.catalina.connector.CoyoteAdapter.service(CoyoteAdapter.java:341) ~[tomcat-embed-core-11.0.15.jar:11.0.15]
	at org.apache.coyote.http11.Http11Processor.service(Http11Processor.java:397) ~[tomcat-embed-core-11.0.15.jar:11.0.15]
	at org.apache.coyote.AbstractProcessorLight.process(AbstractProcessorLight.java:63) ~[tomcat-embed-core-11.0.15.jar:11.0.15]
	at org.apache.coyote.AbstractProtocol$ConnectionHandler.process(AbstractProtocol.java:903) ~[tomcat-embed-core-11.0.15.jar:11.0.15]
	at org.apache.tomcat.util.net.NioEndpoint$SocketProcessor.doRun(NioEndpoint.java:1778) ~[tomcat-embed-core-11.0.15.jar:11.0.15]
	at org.apache.tomcat.util.net.SocketProcessorBase.run(SocketProcessorBase.java:52) ~[tomcat-embed-core-11.0.15.jar:11.0.15]
	at org.apache.tomcat.util.threads.ThreadPoolExecutor.runWorker(ThreadPoolExecutor.java:946) ~[tomcat-embed-core-11.0.15.jar:11.0.15]
	at org.apache.tomcat.util.threads.ThreadPoolExecutor$Worker.run(ThreadPoolExecutor.java:480) ~[tomcat-embed-core-11.0.15.jar:11.0.15]
	at org.apache.tomcat.util.threads.TaskThread$WrappingRunnable.run(TaskThread.java:57) ~[tomcat-embed-core-11.0.15.jar:11.0.15]
	at java.base/java.lang.Thread.run(Thread.java:1583) ~[na:na]

2026-02-27T09:11:15.450+01:00 ERROR 23160 --- [readyroad-secure] [nio-8890-exec-1] c.r.r.config.JwtAuthenticationFilter     : Exception details:

io.jsonwebtoken.ExpiredJwtException: JWT expired 22504433 milliseconds ago at 2026-02-27T01:56:11.000Z. Current time: 2026-02-27T08:11:15.433Z. Allowed clock skew: 0 milliseconds.
	at io.jsonwebtoken.impl.DefaultJwtParser.parse(DefaultJwtParser.java:682) ~[jjwt-impl-0.12.5.jar:0.12.5]
	at io.jsonwebtoken.impl.DefaultJwtParser.parse(DefaultJwtParser.java:362) ~[jjwt-impl-0.12.5.jar:0.12.5]
	at io.jsonwebtoken.impl.DefaultJwtParser.parse(DefaultJwtParser.java:94) ~[jjwt-impl-0.12.5.jar:0.12.5]
	at io.jsonwebtoken.impl.io.AbstractParser.parse(AbstractParser.java:36) ~[jjwt-impl-0.12.5.jar:0.12.5]
	at io.jsonwebtoken.impl.io.AbstractParser.parse(AbstractParser.java:29) ~[jjwt-impl-0.12.5.jar:0.12.5]
	at io.jsonwebtoken.impl.DefaultJwtParser.parseSignedClaims(DefaultJwtParser.java:821) ~[jjwt-impl-0.12.5.jar:0.12.5]
	at com.readyroad.readyroadbackend.service.JwtService.extractAllClaims(JwtService.java:118) ~[classes/:na]
	at com.readyroad.readyroadbackend.service.JwtService.extractClaim(JwtService.java:103) ~[classes/:na]
	at com.readyroad.readyroadbackend.service.JwtService.extractUsername(JwtService.java:81) ~[classes/:na]
	at com.readyroad.readyroadbackend.config.JwtAuthenticationFilter.doFilterInternal(JwtAuthenticationFilter.java:113) ~[classes/:na]
	at org.springframework.web.filter.OncePerRequestFilter.doFilter(OncePerRequestFilter.java:116) ~[spring-web-7.0.2.jar:7.0.2]
	at org.springframework.security.web.ObservationFilterChainDecorator$ObservationFilter.wrapFilter(ObservationFilterChainDecorator.java:244) ~[spring-security-web-7.0.2.jar:7.0.2]
	at org.springframework.security.web.ObservationFilterChainDecorator$ObservationFilter.doFilter(ObservationFilterChainDecorator.java:231) ~[spring-security-web-7.0.2.jar:7.0.2]
	at org.springframework.security.web.ObservationFilterChainDecorator$VirtualFilterChain.doFilter(ObservationFilterChainDecorator.java:141) ~[spring-security-web-7.0.2.jar:7.0.2]
	at org.springframework.security.web.authentication.logout.LogoutFilter.doFilter(LogoutFilter.java:110) ~[spring-security-web-7.0.2.jar:7.0.2]
	at org.springframework.security.web.authentication.logout.LogoutFilter.doFilter(LogoutFilter.java:96) ~[spring-security-web-7.0.2.jar:7.0.2]
	at org.springframework.security.web.ObservationFilterChainDecorator$ObservationFilter.wrapFilter(ObservationFilterChainDecorator.java:244) ~[spring-security-web-7.0.2.jar:7.0.2]
	at org.springframework.security.web.ObservationFilterChainDecorator$ObservationFilter.doFilter(ObservationFilterChainDecorator.java:231) ~[spring-security-web-7.0.2.jar:7.0.2]
	at org.springframework.security.web.ObservationFilterChainDecorator$VirtualFilterChain.doFilter(ObservationFilterChainDecorator.java:141) ~[spring-security-web-7.0.2.jar:7.0.2]
	at org.springframework.web.filter.CorsFilter.doFilterInternal(CorsFilter.java:91) ~[spring-web-7.0.2.jar:7.0.2]
	at org.springframework.web.filter.OncePerRequestFilter.doFilter(OncePerRequestFilter.java:116) ~[spring-web-7.0.2.jar:7.0.2]
	at org.springframework.security.web.ObservationFilterChainDecorator$ObservationFilter.wrapFilter(ObservationFilterChainDecorator.java:244) ~[spring-security-web-7.0.2.jar:7.0.2]
	at org.springframework.security.web.ObservationFilterChainDecorator$ObservationFilter.doFilter(ObservationFilterChainDecorator.java:231) ~[spring-security-web-7.0.2.jar:7.0.2]
	at org.springframework.security.web.ObservationFilterChainDecorator$VirtualFilterChain.doFilter(ObservationFilterChainDecorator.java:141) ~[spring-security-web-7.0.2.jar:7.0.2]
	at org.springframework.security.web.header.HeaderWriterFilter.doHeadersAfter(HeaderWriterFilter.java:90) ~[spring-security-web-7.0.2.jar:7.0.2]
	at org.springframework.security.web.header.HeaderWriterFilter.doFilterInternal(HeaderWriterFilter.java:75) ~[spring-security-web-7.0.2.jar:7.0.2]
	at org.springframework.web.filter.OncePerRequestFilter.doFilter(OncePerRequestFilter.java:116) ~[spring-web-7.0.2.jar:7.0.2]
	at org.springframework.security.web.ObservationFilterChainDecorator$ObservationFilter.wrapFilter(ObservationFilterChainDecorator.java:244) ~[spring-security-web-7.0.2.jar:7.0.2]
	at org.springframework.security.web.ObservationFilterChainDecorator$ObservationFilter.doFilter(ObservationFilterChainDecorator.java:231) ~[spring-security-web-7.0.2.jar:7.0.2]
	at org.springframework.security.web.ObservationFilterChainDecorator$VirtualFilterChain.doFilter(ObservationFilterChainDecorator.java:141) ~[spring-security-web-7.0.2.jar:7.0.2]
	at org.springframework.security.web.context.SecurityContextHolderFilter.doFilter(SecurityContextHolderFilter.java:82) ~[spring-security-web-7.0.2.jar:7.0.2]
	at org.springframework.security.web.context.SecurityContextHolderFilter.doFilter(SecurityContextHolderFilter.java:69) ~[spring-security-web-7.0.2.jar:7.0.2]
	at org.springframework.security.web.ObservationFilterChainDecorator$ObservationFilter.wrapFilter(ObservationFilterChainDecorator.java:244) ~[spring-security-web-7.0.2.jar:7.0.2]
	at org.springframework.security.web.ObservationFilterChainDecorator$ObservationFilter.doFilter(ObservationFilterChainDecorator.java:231) ~[spring-security-web-7.0.2.jar:7.0.2]
	at org.springframework.security.web.ObservationFilterChainDecorator$VirtualFilterChain.doFilter(ObservationFilterChainDecorator.java:141) ~[spring-security-web-7.0.2.jar:7.0.2]
	at org.springframework.security.web.context.request.async.WebAsyncManagerIntegrationFilter.doFilterInternal(WebAsyncManagerIntegrationFilter.java:62) ~[spring-security-web-7.0.2.jar:7.0.2]
	at org.springframework.web.filter.OncePerRequestFilter.doFilter(OncePerRequestFilter.java:116) ~[spring-web-7.0.2.jar:7.0.2]
	at org.springframework.security.web.ObservationFilterChainDecorator$ObservationFilter.wrapFilter(ObservationFilterChainDecorator.java:244) ~[spring-security-web-7.0.2.jar:7.0.2]
	at org.springframework.security.web.ObservationFilterChainDecorator$ObservationFilter.doFilter(ObservationFilterChainDecorator.java:231) ~[spring-security-web-7.0.2.jar:7.0.2]
	at org.springframework.security.web.ObservationFilterChainDecorator$VirtualFilterChain.doFilter(ObservationFilterChainDecorator.java:141) ~[spring-security-web-7.0.2.jar:7.0.2]
	at org.springframework.security.web.session.DisableEncodeUrlFilter.doFilterInternal(DisableEncodeUrlFilter.java:42) ~[spring-security-web-7.0.2.jar:7.0.2]
	at org.springframework.web.filter.OncePerRequestFilter.doFilter(OncePerRequestFilter.java:116) ~[spring-web-7.0.2.jar:7.0.2]
	at org.springframework.security.web.ObservationFilterChainDecorator$ObservationFilter.wrapFilter(ObservationFilterChainDecorator.java:244) ~[spring-security-web-7.0.2.jar:7.0.2]
	at org.springframework.security.web.ObservationFilterChainDecorator$AroundFilterObservation$SimpleAroundFilterObservation.lambda$wrap$0(ObservationFilterChainDecorator.java:337) ~[spring-security-web-7.0.2.jar:7.0.2]
	at org.springframework.security.web.ObservationFilterChainDecorator$ObservationFilter.doFilter(ObservationFilterChainDecorator.java:228) ~[spring-security-web-7.0.2.jar:7.0.2]
	at org.springframework.security.web.ObservationFilterChainDecorator$VirtualFilterChain.doFilter(ObservationFilterChainDecorator.java:141) ~[spring-security-web-7.0.2.jar:7.0.2]
	at org.springframework.security.web.FilterChainProxy.doFilterInternal(FilterChainProxy.java:237) ~[spring-security-web-7.0.2.jar:7.0.2]
	at org.springframework.security.web.FilterChainProxy.doFilter(FilterChainProxy.java:195) ~[spring-security-web-7.0.2.jar:7.0.2]
	at org.springframework.web.filter.CompositeFilter$VirtualFilterChain.doFilter(CompositeFilter.java:113) ~[spring-web-7.0.2.jar:7.0.2]
	at org.springframework.web.filter.ServletRequestPathFilter.doFilter(ServletRequestPathFilter.java:52) ~[spring-web-7.0.2.jar:7.0.2]
	at org.springframework.web.filter.CompositeFilter$VirtualFilterChain.doFilter(CompositeFilter.java:113) ~[spring-web-7.0.2.jar:7.0.2]
	at org.springframework.web.filter.CompositeFilter.doFilter(CompositeFilter.java:74) ~[spring-web-7.0.2.jar:7.0.2]
	at org.springframework.security.config.annotation.web.configuration.WebSecurityConfiguration$CompositeFilterChainProxy.doFilter(WebSecurityConfiguration.java:317) ~[spring-security-config-7.0.2.jar:7.0.2]
	at org.springframework.web.filter.DelegatingFilterProxy.invokeDelegate(DelegatingFilterProxy.java:355) ~[spring-web-7.0.2.jar:7.0.2]
	at org.springframework.web.filter.DelegatingFilterProxy.doFilter(DelegatingFilterProxy.java:272) ~[spring-web-7.0.2.jar:7.0.2]
	at org.apache.catalina.core.ApplicationFilterChain.doFilter(ApplicationFilterChain.java:107) ~[tomcat-embed-core-11.0.15.jar:11.0.15]
	at org.springframework.web.filter.RequestContextFilter.doFilterInternal(RequestContextFilter.java:100) ~[spring-web-7.0.2.jar:7.0.2]
	at org.springframework.web.filter.OncePerRequestFilter.doFilter(OncePerRequestFilter.java:116) ~[spring-web-7.0.2.jar:7.0.2]
	at org.apache.catalina.core.ApplicationFilterChain.doFilter(ApplicationFilterChain.java:107) ~[tomcat-embed-core-11.0.15.jar:11.0.15]
	at org.springframework.web.filter.FormContentFilter.doFilterInternal(FormContentFilter.java:93) ~[spring-web-7.0.2.jar:7.0.2]
	at org.springframework.web.filter.OncePerRequestFilter.doFilter(OncePerRequestFilter.java:116) ~[spring-web-7.0.2.jar:7.0.2]
	at org.apache.catalina.core.ApplicationFilterChain.doFilter(ApplicationFilterChain.java:107) ~[tomcat-embed-core-11.0.15.jar:11.0.15]
	at org.springframework.web.filter.ServerHttpObservationFilter.doFilterInternal(ServerHttpObservationFilter.java:110) ~[spring-web-7.0.2.jar:7.0.2]
	at org.springframework.web.filter.OncePerRequestFilter.doFilter(OncePerRequestFilter.java:116) ~[spring-web-7.0.2.jar:7.0.2]
	at org.apache.catalina.core.ApplicationFilterChain.doFilter(ApplicationFilterChain.java:107) ~[tomcat-embed-core-11.0.15.jar:11.0.15]
	at org.springframework.web.filter.CharacterEncodingFilter.doFilterInternal(CharacterEncodingFilter.java:199) ~[spring-web-7.0.2.jar:7.0.2]
	at org.springframework.web.filter.OncePerRequestFilter.doFilter(OncePerRequestFilter.java:116) ~[spring-web-7.0.2.jar:7.0.2]
	at org.apache.catalina.core.ApplicationFilterChain.doFilter(ApplicationFilterChain.java:107) ~[tomcat-embed-core-11.0.15.jar:11.0.15]
	at org.apache.catalina.core.StandardWrapperValve.invoke(StandardWrapperValve.java:165) ~[tomcat-embed-core-11.0.15.jar:11.0.15]
	at org.apache.catalina.core.StandardContextValve.invoke(StandardContextValve.java:77) ~[tomcat-embed-core-11.0.15.jar:11.0.15]
	at org.apache.catalina.authenticator.AuthenticatorBase.invoke(AuthenticatorBase.java:482) ~[tomcat-embed-core-11.0.15.jar:11.0.15]
	at org.apache.catalina.core.StandardHostValve.invoke(StandardHostValve.java:113) ~[tomcat-embed-core-11.0.15.jar:11.0.15]
	at org.apache.catalina.valves.ErrorReportValve.invoke(ErrorReportValve.java:83) ~[tomcat-embed-core-11.0.15.jar:11.0.15]
	at org.apache.catalina.core.StandardEngineValve.invoke(StandardEngineValve.java:72) ~[tomcat-embed-core-11.0.15.jar:11.0.15]
	at org.apache.catalina.connector.CoyoteAdapter.service(CoyoteAdapter.java:341) ~[tomcat-embed-core-11.0.15.jar:11.0.15]
	at org.apache.coyote.http11.Http11Processor.service(Http11Processor.java:397) ~[tomcat-embed-core-11.0.15.jar:11.0.15]
	at org.apache.coyote.AbstractProcessorLight.process(AbstractProcessorLight.java:63) ~[tomcat-embed-core-11.0.15.jar:11.0.15]
	at org.apache.coyote.AbstractProtocol$ConnectionHandler.process(AbstractProtocol.java:903) ~[tomcat-embed-core-11.0.15.jar:11.0.15]
	at org.apache.tomcat.util.net.NioEndpoint$SocketProcessor.doRun(NioEndpoint.java:1778) ~[tomcat-embed-core-11.0.15.jar:11.0.15]
	at org.apache.tomcat.util.net.SocketProcessorBase.run(SocketProcessorBase.java:52) ~[tomcat-embed-core-11.0.15.jar:11.0.15]
	at org.apache.tomcat.util.threads.ThreadPoolExecutor.runWorker(ThreadPoolExecutor.java:946) ~[tomcat-embed-core-11.0.15.jar:11.0.15]
	at org.apache.tomcat.util.threads.ThreadPoolExecutor$Worker.run(ThreadPoolExecutor.java:480) ~[tomcat-embed-core-11.0.15.jar:11.0.15]
	at org.apache.tomcat.util.threads.TaskThread$WrappingRunnable.run(TaskThread.java:57) ~[tomcat-embed-core-11.0.15.jar:11.0.15]
	at java.base/java.lang.Thread.run(Thread.java:1583) ~[na:na]

2026-02-27T09:11:15.515+01:00 ERROR 23160 --- [readyroad-secure] [nio-8890-exec-7] c.r.r.config.JwtAuthenticationFilter     : Exception details:

io.jsonwebtoken.ExpiredJwtException: JWT expired 22504418 milliseconds ago at 2026-02-27T01:56:11.000Z. Current time: 2026-02-27T08:11:15.418Z. Allowed clock skew: 0 milliseconds.
	at io.jsonwebtoken.impl.DefaultJwtParser.parse(DefaultJwtParser.java:682) ~[jjwt-impl-0.12.5.jar:0.12.5]
	at io.jsonwebtoken.impl.DefaultJwtParser.parse(DefaultJwtParser.java:362) ~[jjwt-impl-0.12.5.jar:0.12.5]
	at io.jsonwebtoken.impl.DefaultJwtParser.parse(DefaultJwtParser.java:94) ~[jjwt-impl-0.12.5.jar:0.12.5]
	at io.jsonwebtoken.impl.io.AbstractParser.parse(AbstractParser.java:36) ~[jjwt-impl-0.12.5.jar:0.12.5]
	at io.jsonwebtoken.impl.io.AbstractParser.parse(AbstractParser.java:29) ~[jjwt-impl-0.12.5.jar:0.12.5]
	at io.jsonwebtoken.impl.DefaultJwtParser.parseSignedClaims(DefaultJwtParser.java:821) ~[jjwt-impl-0.12.5.jar:0.12.5]
	at com.readyroad.readyroadbackend.service.JwtService.extractAllClaims(JwtService.java:118) ~[classes/:na]
	at com.readyroad.readyroadbackend.service.JwtService.extractClaim(JwtService.java:103) ~[classes/:na]
	at com.readyroad.readyroadbackend.service.JwtService.extractUsername(JwtService.java:81) ~[classes/:na]
	at com.readyroad.readyroadbackend.config.JwtAuthenticationFilter.doFilterInternal(JwtAuthenticationFilter.java:113) ~[classes/:na]
	at org.springframework.web.filter.OncePerRequestFilter.doFilter(OncePerRequestFilter.java:116) ~[spring-web-7.0.2.jar:7.0.2]
	at org.springframework.security.web.ObservationFilterChainDecorator$ObservationFilter.wrapFilter(ObservationFilterChainDecorator.java:244) ~[spring-security-web-7.0.2.jar:7.0.2]
	at org.springframework.security.web.ObservationFilterChainDecorator$ObservationFilter.doFilter(ObservationFilterChainDecorator.java:231) ~[spring-security-web-7.0.2.jar:7.0.2]
	at org.springframework.security.web.ObservationFilterChainDecorator$VirtualFilterChain.doFilter(ObservationFilterChainDecorator.java:141) ~[spring-security-web-7.0.2.jar:7.0.2]
	at org.springframework.security.web.authentication.logout.LogoutFilter.doFilter(LogoutFilter.java:110) ~[spring-security-web-7.0.2.jar:7.0.2]
	at org.springframework.security.web.authentication.logout.LogoutFilter.doFilter(LogoutFilter.java:96) ~[spring-security-web-7.0.2.jar:7.0.2]
	at org.springframework.security.web.ObservationFilterChainDecorator$ObservationFilter.wrapFilter(ObservationFilterChainDecorator.java:244) ~[spring-security-web-7.0.2.jar:7.0.2]
	at org.springframework.security.web.ObservationFilterChainDecorator$ObservationFilter.doFilter(ObservationFilterChainDecorator.java:231) ~[spring-security-web-7.0.2.jar:7.0.2]
	at org.springframework.security.web.ObservationFilterChainDecorator$VirtualFilterChain.doFilter(ObservationFilterChainDecorator.java:141) ~[spring-security-web-7.0.2.jar:7.0.2]
	at org.springframework.web.filter.CorsFilter.doFilterInternal(CorsFilter.java:91) ~[spring-web-7.0.2.jar:7.0.2]
	at org.springframework.web.filter.OncePerRequestFilter.doFilter(OncePerRequestFilter.java:116) ~[spring-web-7.0.2.jar:7.0.2]
	at org.springframework.security.web.ObservationFilterChainDecorator$ObservationFilter.wrapFilter(ObservationFilterChainDecorator.java:244) ~[spring-security-web-7.0.2.jar:7.0.2]
	at org.springframework.security.web.ObservationFilterChainDecorator$ObservationFilter.doFilter(ObservationFilterChainDecorator.java:231) ~[spring-security-web-7.0.2.jar:7.0.2]
	at org.springframework.security.web.ObservationFilterChainDecorator$VirtualFilterChain.doFilter(ObservationFilterChainDecorator.java:141) ~[spring-security-web-7.0.2.jar:7.0.2]
	at org.springframework.security.web.header.HeaderWriterFilter.doHeadersAfter(HeaderWriterFilter.java:90) ~[spring-security-web-7.0.2.jar:7.0.2]
	at org.springframework.security.web.header.HeaderWriterFilter.doFilterInternal(HeaderWriterFilter.java:75) ~[spring-security-web-7.0.2.jar:7.0.2]
	at org.springframework.web.filter.OncePerRequestFilter.doFilter(OncePerRequestFilter.java:116) ~[spring-web-7.0.2.jar:7.0.2]
	at org.springframework.security.web.ObservationFilterChainDecorator$ObservationFilter.wrapFilter(ObservationFilterChainDecorator.java:244) ~[spring-security-web-7.0.2.jar:7.0.2]
	at org.springframework.security.web.ObservationFilterChainDecorator$ObservationFilter.doFilter(ObservationFilterChainDecorator.java:231) ~[spring-security-web-7.0.2.jar:7.0.2]
	at org.springframework.security.web.ObservationFilterChainDecorator$VirtualFilterChain.doFilter(ObservationFilterChainDecorator.java:141) ~[spring-security-web-7.0.2.jar:7.0.2]
	at org.springframework.security.web.context.SecurityContextHolderFilter.doFilter(SecurityContextHolderFilter.java:82) ~[spring-security-web-7.0.2.jar:7.0.2]
	at org.springframework.security.web.context.SecurityContextHolderFilter.doFilter(SecurityContextHolderFilter.java:69) ~[spring-security-web-7.0.2.jar:7.0.2]
	at org.springframework.security.web.ObservationFilterChainDecorator$ObservationFilter.wrapFilter(ObservationFilterChainDecorator.java:244) ~[spring-security-web-7.0.2.jar:7.0.2]
	at org.springframework.security.web.ObservationFilterChainDecorator$ObservationFilter.doFilter(ObservationFilterChainDecorator.java:231) ~[spring-security-web-7.0.2.jar:7.0.2]
	at org.springframework.security.web.ObservationFilterChainDecorator$VirtualFilterChain.doFilter(ObservationFilterChainDecorator.java:141) ~[spring-security-web-7.0.2.jar:7.0.2]
	at org.springframework.security.web.context.request.async.WebAsyncManagerIntegrationFilter.doFilterInternal(WebAsyncManagerIntegrationFilter.java:62) ~[spring-security-web-7.0.2.jar:7.0.2]
	at org.springframework.web.filter.OncePerRequestFilter.doFilter(OncePerRequestFilter.java:116) ~[spring-web-7.0.2.jar:7.0.2]
	at org.springframework.security.web.ObservationFilterChainDecorator$ObservationFilter.wrapFilter(ObservationFilterChainDecorator.java:244) ~[spring-security-web-7.0.2.jar:7.0.2]
	at org.springframework.security.web.ObservationFilterChainDecorator$ObservationFilter.doFilter(ObservationFilterChainDecorator.java:231) ~[spring-security-web-7.0.2.jar:7.0.2]
	at org.springframework.security.web.ObservationFilterChainDecorator$VirtualFilterChain.doFilter(ObservationFilterChainDecorator.java:141) ~[spring-security-web-7.0.2.jar:7.0.2]
	at org.springframework.security.web.session.DisableEncodeUrlFilter.doFilterInternal(DisableEncodeUrlFilter.java:42) ~[spring-security-web-7.0.2.jar:7.0.2]
	at org.springframework.web.filter.OncePerRequestFilter.doFilter(OncePerRequestFilter.java:116) ~[spring-web-7.0.2.jar:7.0.2]
	at org.springframework.security.web.ObservationFilterChainDecorator$ObservationFilter.wrapFilter(ObservationFilterChainDecorator.java:244) ~[spring-security-web-7.0.2.jar:7.0.2]
	at org.springframework.security.web.ObservationFilterChainDecorator$AroundFilterObservation$SimpleAroundFilterObservation.lambda$wrap$0(ObservationFilterChainDecorator.java:337) ~[spring-security-web-7.0.2.jar:7.0.2]
	at org.springframework.security.web.ObservationFilterChainDecorator$ObservationFilter.doFilter(ObservationFilterChainDecorator.java:228) ~[spring-security-web-7.0.2.jar:7.0.2]
	at org.springframework.security.web.ObservationFilterChainDecorator$VirtualFilterChain.doFilter(ObservationFilterChainDecorator.java:141) ~[spring-security-web-7.0.2.jar:7.0.2]
	at org.springframework.security.web.FilterChainProxy.doFilterInternal(FilterChainProxy.java:237) ~[spring-security-web-7.0.2.jar:7.0.2]
	at org.springframework.security.web.FilterChainProxy.doFilter(FilterChainProxy.java:195) ~[spring-security-web-7.0.2.jar:7.0.2]
	at org.springframework.web.filter.CompositeFilter$VirtualFilterChain.doFilter(CompositeFilter.java:113) ~[spring-web-7.0.2.jar:7.0.2]
	at org.springframework.web.filter.ServletRequestPathFilter.doFilter(ServletRequestPathFilter.java:52) ~[spring-web-7.0.2.jar:7.0.2]
	at org.springframework.web.filter.CompositeFilter$VirtualFilterChain.doFilter(CompositeFilter.java:113) ~[spring-web-7.0.2.jar:7.0.2]
	at org.springframework.web.filter.CompositeFilter.doFilter(CompositeFilter.java:74) ~[spring-web-7.0.2.jar:7.0.2]
	at org.springframework.security.config.annotation.web.configuration.WebSecurityConfiguration$CompositeFilterChainProxy.doFilter(WebSecurityConfiguration.java:317) ~[spring-security-config-7.0.2.jar:7.0.2]
	at org.springframework.web.filter.DelegatingFilterProxy.invokeDelegate(DelegatingFilterProxy.java:355) ~[spring-web-7.0.2.jar:7.0.2]
	at org.springframework.web.filter.DelegatingFilterProxy.doFilter(DelegatingFilterProxy.java:272) ~[spring-web-7.0.2.jar:7.0.2]
	at org.apache.catalina.core.ApplicationFilterChain.doFilter(ApplicationFilterChain.java:107) ~[tomcat-embed-core-11.0.15.jar:11.0.15]
	at org.springframework.web.filter.RequestContextFilter.doFilterInternal(RequestContextFilter.java:100) ~[spring-web-7.0.2.jar:7.0.2]
	at org.springframework.web.filter.OncePerRequestFilter.doFilter(OncePerRequestFilter.java:116) ~[spring-web-7.0.2.jar:7.0.2]
	at org.apache.catalina.core.ApplicationFilterChain.doFilter(ApplicationFilterChain.java:107) ~[tomcat-embed-core-11.0.15.jar:11.0.15]
	at org.springframework.web.filter.FormContentFilter.doFilterInternal(FormContentFilter.java:93) ~[spring-web-7.0.2.jar:7.0.2]
	at org.springframework.web.filter.OncePerRequestFilter.doFilter(OncePerRequestFilter.java:116) ~[spring-web-7.0.2.jar:7.0.2]
	at org.apache.catalina.core.ApplicationFilterChain.doFilter(ApplicationFilterChain.java:107) ~[tomcat-embed-core-11.0.15.jar:11.0.15]
	at org.springframework.web.filter.ServerHttpObservationFilter.doFilterInternal(ServerHttpObservationFilter.java:110) ~[spring-web-7.0.2.jar:7.0.2]
	at org.springframework.web.filter.OncePerRequestFilter.doFilter(OncePerRequestFilter.java:116) ~[spring-web-7.0.2.jar:7.0.2]
	at org.apache.catalina.core.ApplicationFilterChain.doFilter(ApplicationFilterChain.java:107) ~[tomcat-embed-core-11.0.15.jar:11.0.15]
	at org.springframework.web.filter.CharacterEncodingFilter.doFilterInternal(CharacterEncodingFilter.java:199) ~[spring-web-7.0.2.jar:7.0.2]
	at org.springframework.web.filter.OncePerRequestFilter.doFilter(OncePerRequestFilter.java:116) ~[spring-web-7.0.2.jar:7.0.2]
	at org.apache.catalina.core.ApplicationFilterChain.doFilter(ApplicationFilterChain.java:107) ~[tomcat-embed-core-11.0.15.jar:11.0.15]
	at org.apache.catalina.core.StandardWrapperValve.invoke(StandardWrapperValve.java:165) ~[tomcat-embed-core-11.0.15.jar:11.0.15]
	at org.apache.catalina.core.StandardContextValve.invoke(StandardContextValve.java:77) ~[tomcat-embed-core-11.0.15.jar:11.0.15]
	at org.apache.catalina.authenticator.AuthenticatorBase.invoke(AuthenticatorBase.java:482) ~[tomcat-embed-core-11.0.15.jar:11.0.15]
	at org.apache.catalina.core.StandardHostValve.invoke(StandardHostValve.java:113) ~[tomcat-embed-core-11.0.15.jar:11.0.15]
	at org.apache.catalina.valves.ErrorReportValve.invoke(ErrorReportValve.java:83) ~[tomcat-embed-core-11.0.15.jar:11.0.15]
	at org.apache.catalina.core.StandardEngineValve.invoke(StandardEngineValve.java:72) ~[tomcat-embed-core-11.0.15.jar:11.0.15]
	at org.apache.catalina.connector.CoyoteAdapter.service(CoyoteAdapter.java:341) ~[tomcat-embed-core-11.0.15.jar:11.0.15]
	at org.apache.coyote.http11.Http11Processor.service(Http11Processor.java:397) ~[tomcat-embed-core-11.0.15.jar:11.0.15]
	at org.apache.coyote.AbstractProcessorLight.process(AbstractProcessorLight.java:63) ~[tomcat-embed-core-11.0.15.jar:11.0.15]
	at org.apache.coyote.AbstractProtocol$ConnectionHandler.process(AbstractProtocol.java:903) ~[tomcat-embed-core-11.0.15.jar:11.0.15]
	at org.apache.tomcat.util.net.NioEndpoint$SocketProcessor.doRun(NioEndpoint.java:1778) ~[tomcat-embed-core-11.0.15.jar:11.0.15]
	at org.apache.tomcat.util.net.SocketProcessorBase.run(SocketProcessorBase.java:52) ~[tomcat-embed-core-11.0.15.jar:11.0.15]
	at org.apache.tomcat.util.threads.ThreadPoolExecutor.runWorker(ThreadPoolExecutor.java:946) ~[tomcat-embed-core-11.0.15.jar:11.0.15]
	at org.apache.tomcat.util.threads.ThreadPoolExecutor$Worker.run(ThreadPoolExecutor.java:480) ~[tomcat-embed-core-11.0.15.jar:11.0.15]
	at org.apache.tomcat.util.threads.TaskThread$WrappingRunnable.run(TaskThread.java:57) ~[tomcat-embed-core-11.0.15.jar:11.0.15]
	at java.base/java.lang.Thread.run(Thread.java:1583) ~[na:na]

2026-02-27T09:11:15.483+01:00 ERROR 23160 --- [readyroad-secure] [nio-8890-exec-6] c.r.r.config.JwtAuthenticationFilter     : Exception details:

io.jsonwebtoken.ExpiredJwtException: JWT expired 22504418 milliseconds ago at 2026-02-27T01:56:11.000Z. Current time: 2026-02-27T08:11:15.418Z. Allowed clock skew: 0 milliseconds.
	at io.jsonwebtoken.impl.DefaultJwtParser.parse(DefaultJwtParser.java:682) ~[jjwt-impl-0.12.5.jar:0.12.5]
	at io.jsonwebtoken.impl.DefaultJwtParser.parse(DefaultJwtParser.java:362) ~[jjwt-impl-0.12.5.jar:0.12.5]
	at io.jsonwebtoken.impl.DefaultJwtParser.parse(DefaultJwtParser.java:94) ~[jjwt-impl-0.12.5.jar:0.12.5]
	at io.jsonwebtoken.impl.io.AbstractParser.parse(AbstractParser.java:36) ~[jjwt-impl-0.12.5.jar:0.12.5]
	at io.jsonwebtoken.impl.io.AbstractParser.parse(AbstractParser.java:29) ~[jjwt-impl-0.12.5.jar:0.12.5]
	at io.jsonwebtoken.impl.DefaultJwtParser.parseSignedClaims(DefaultJwtParser.java:821) ~[jjwt-impl-0.12.5.jar:0.12.5]
	at com.readyroad.readyroadbackend.service.JwtService.extractAllClaims(JwtService.java:118) ~[classes/:na]
	at com.readyroad.readyroadbackend.service.JwtService.extractClaim(JwtService.java:103) ~[classes/:na]
	at com.readyroad.readyroadbackend.service.JwtService.extractUsername(JwtService.java:81) ~[classes/:na]
	at com.readyroad.readyroadbackend.config.JwtAuthenticationFilter.doFilterInternal(JwtAuthenticationFilter.java:113) ~[classes/:na]
	at org.springframework.web.filter.OncePerRequestFilter.doFilter(OncePerRequestFilter.java:116) ~[spring-web-7.0.2.jar:7.0.2]
	at org.springframework.security.web.ObservationFilterChainDecorator$ObservationFilter.wrapFilter(ObservationFilterChainDecorator.java:244) ~[spring-security-web-7.0.2.jar:7.0.2]
	at org.springframework.security.web.ObservationFilterChainDecorator$ObservationFilter.doFilter(ObservationFilterChainDecorator.java:231) ~[spring-security-web-7.0.2.jar:7.0.2]
	at org.springframework.security.web.ObservationFilterChainDecorator$VirtualFilterChain.doFilter(ObservationFilterChainDecorator.java:141) ~[spring-security-web-7.0.2.jar:7.0.2]
	at org.springframework.security.web.authentication.logout.LogoutFilter.doFilter(LogoutFilter.java:110) ~[spring-security-web-7.0.2.jar:7.0.2]
	at org.springframework.security.web.authentication.logout.LogoutFilter.doFilter(LogoutFilter.java:96) ~[spring-security-web-7.0.2.jar:7.0.2]
	at org.springframework.security.web.ObservationFilterChainDecorator$ObservationFilter.wrapFilter(ObservationFilterChainDecorator.java:244) ~[spring-security-web-7.0.2.jar:7.0.2]
	at org.springframework.security.web.ObservationFilterChainDecorator$ObservationFilter.doFilter(ObservationFilterChainDecorator.java:231) ~[spring-security-web-7.0.2.jar:7.0.2]
	at org.springframework.security.web.ObservationFilterChainDecorator$VirtualFilterChain.doFilter(ObservationFilterChainDecorator.java:141) ~[spring-security-web-7.0.2.jar:7.0.2]
	at org.springframework.web.filter.CorsFilter.doFilterInternal(CorsFilter.java:91) ~[spring-web-7.0.2.jar:7.0.2]
	at org.springframework.web.filter.OncePerRequestFilter.doFilter(OncePerRequestFilter.java:116) ~[spring-web-7.0.2.jar:7.0.2]
	at org.springframework.security.web.ObservationFilterChainDecorator$ObservationFilter.wrapFilter(ObservationFilterChainDecorator.java:244) ~[spring-security-web-7.0.2.jar:7.0.2]
	at org.springframework.security.web.ObservationFilterChainDecorator$ObservationFilter.doFilter(ObservationFilterChainDecorator.java:231) ~[spring-security-web-7.0.2.jar:7.0.2]
	at org.springframework.security.web.ObservationFilterChainDecorator$VirtualFilterChain.doFilter(ObservationFilterChainDecorator.java:141) ~[spring-security-web-7.0.2.jar:7.0.2]
	at org.springframework.security.web.header.HeaderWriterFilter.doHeadersAfter(HeaderWriterFilter.java:90) ~[spring-security-web-7.0.2.jar:7.0.2]
	at org.springframework.security.web.header.HeaderWriterFilter.doFilterInternal(HeaderWriterFilter.java:75) ~[spring-security-web-7.0.2.jar:7.0.2]
	at org.springframework.web.filter.OncePerRequestFilter.doFilter(OncePerRequestFilter.java:116) ~[spring-web-7.0.2.jar:7.0.2]
	at org.springframework.security.web.ObservationFilterChainDecorator$ObservationFilter.wrapFilter(ObservationFilterChainDecorator.java:244) ~[spring-security-web-7.0.2.jar:7.0.2]
	at org.springframework.security.web.ObservationFilterChainDecorator$ObservationFilter.doFilter(ObservationFilterChainDecorator.java:231) ~[spring-security-web-7.0.2.jar:7.0.2]
	at org.springframework.security.web.ObservationFilterChainDecorator$VirtualFilterChain.doFilter(ObservationFilterChainDecorator.java:141) ~[spring-security-web-7.0.2.jar:7.0.2]
	at org.springframework.security.web.context.SecurityContextHolderFilter.doFilter(SecurityContextHolderFilter.java:82) ~[spring-security-web-7.0.2.jar:7.0.2]
	at org.springframework.security.web.context.SecurityContextHolderFilter.doFilter(SecurityContextHolderFilter.java:69) ~[spring-security-web-7.0.2.jar:7.0.2]
	at org.springframework.security.web.ObservationFilterChainDecorator$ObservationFilter.wrapFilter(ObservationFilterChainDecorator.java:244) ~[spring-security-web-7.0.2.jar:7.0.2]
	at org.springframework.security.web.ObservationFilterChainDecorator$ObservationFilter.doFilter(ObservationFilterChainDecorator.java:231) ~[spring-security-web-7.0.2.jar:7.0.2]
	at org.springframework.security.web.ObservationFilterChainDecorator$VirtualFilterChain.doFilter(ObservationFilterChainDecorator.java:141) ~[spring-security-web-7.0.2.jar:7.0.2]
	at org.springframework.security.web.context.request.async.WebAsyncManagerIntegrationFilter.doFilterInternal(WebAsyncManagerIntegrationFilter.java:62) ~[spring-security-web-7.0.2.jar:7.0.2]
	at org.springframework.web.filter.OncePerRequestFilter.doFilter(OncePerRequestFilter.java:116) ~[spring-web-7.0.2.jar:7.0.2]
	at org.springframework.security.web.ObservationFilterChainDecorator$ObservationFilter.wrapFilter(ObservationFilterChainDecorator.java:244) ~[spring-security-web-7.0.2.jar:7.0.2]
	at org.springframework.security.web.ObservationFilterChainDecorator$ObservationFilter.doFilter(ObservationFilterChainDecorator.java:231) ~[spring-security-web-7.0.2.jar:7.0.2]
	at org.springframework.security.web.ObservationFilterChainDecorator$VirtualFilterChain.doFilter(ObservationFilterChainDecorator.java:141) ~[spring-security-web-7.0.2.jar:7.0.2]
	at org.springframework.security.web.session.DisableEncodeUrlFilter.doFilterInternal(DisableEncodeUrlFilter.java:42) ~[spring-security-web-7.0.2.jar:7.0.2]
	at org.springframework.web.filter.OncePerRequestFilter.doFilter(OncePerRequestFilter.java:116) ~[spring-web-7.0.2.jar:7.0.2]
	at org.springframework.security.web.ObservationFilterChainDecorator$ObservationFilter.wrapFilter(ObservationFilterChainDecorator.java:244) ~[spring-security-web-7.0.2.jar:7.0.2]
	at org.springframework.security.web.ObservationFilterChainDecorator$AroundFilterObservation$SimpleAroundFilterObservation.lambda$wrap$0(ObservationFilterChainDecorator.java:337) ~[spring-security-web-7.0.2.jar:7.0.2]
	at org.springframework.security.web.ObservationFilterChainDecorator$ObservationFilter.doFilter(ObservationFilterChainDecorator.java:228) ~[spring-security-web-7.0.2.jar:7.0.2]
	at org.springframework.security.web.ObservationFilterChainDecorator$VirtualFilterChain.doFilter(ObservationFilterChainDecorator.java:141) ~[spring-security-web-7.0.2.jar:7.0.2]
	at org.springframework.security.web.FilterChainProxy.doFilterInternal(FilterChainProxy.java:237) ~[spring-security-web-7.0.2.jar:7.0.2]
	at org.springframework.security.web.FilterChainProxy.doFilter(FilterChainProxy.java:195) ~[spring-security-web-7.0.2.jar:7.0.2]
	at org.springframework.web.filter.CompositeFilter$VirtualFilterChain.doFilter(CompositeFilter.java:113) ~[spring-web-7.0.2.jar:7.0.2]
	at org.springframework.web.filter.ServletRequestPathFilter.doFilter(ServletRequestPathFilter.java:52) ~[spring-web-7.0.2.jar:7.0.2]
	at org.springframework.web.filter.CompositeFilter$VirtualFilterChain.doFilter(CompositeFilter.java:113) ~[spring-web-7.0.2.jar:7.0.2]
	at org.springframework.web.filter.CompositeFilter.doFilter(CompositeFilter.java:74) ~[spring-web-7.0.2.jar:7.0.2]
	at org.springframework.security.config.annotation.web.configuration.WebSecurityConfiguration$CompositeFilterChainProxy.doFilter(WebSecurityConfiguration.java:317) ~[spring-security-config-7.0.2.jar:7.0.2]
	at org.springframework.web.filter.DelegatingFilterProxy.invokeDelegate(DelegatingFilterProxy.java:355) ~[spring-web-7.0.2.jar:7.0.2]
	at org.springframework.web.filter.DelegatingFilterProxy.doFilter(DelegatingFilterProxy.java:272) ~[spring-web-7.0.2.jar:7.0.2]
	at org.apache.catalina.core.ApplicationFilterChain.doFilter(ApplicationFilterChain.java:107) ~[tomcat-embed-core-11.0.15.jar:11.0.15]
	at org.springframework.web.filter.RequestContextFilter.doFilterInternal(RequestContextFilter.java:100) ~[spring-web-7.0.2.jar:7.0.2]
	at org.springframework.web.filter.OncePerRequestFilter.doFilter(OncePerRequestFilter.java:116) ~[spring-web-7.0.2.jar:7.0.2]
	at org.apache.catalina.core.ApplicationFilterChain.doFilter(ApplicationFilterChain.java:107) ~[tomcat-embed-core-11.0.15.jar:11.0.15]
	at org.springframework.web.filter.FormContentFilter.doFilterInternal(FormContentFilter.java:93) ~[spring-web-7.0.2.jar:7.0.2]
	at org.springframework.web.filter.OncePerRequestFilter.doFilter(OncePerRequestFilter.java:116) ~[spring-web-7.0.2.jar:7.0.2]
	at org.apache.catalina.core.ApplicationFilterChain.doFilter(ApplicationFilterChain.java:107) ~[tomcat-embed-core-11.0.15.jar:11.0.15]
	at org.springframework.web.filter.ServerHttpObservationFilter.doFilterInternal(ServerHttpObservationFilter.java:110) ~[spring-web-7.0.2.jar:7.0.2]
	at org.springframework.web.filter.OncePerRequestFilter.doFilter(OncePerRequestFilter.java:116) ~[spring-web-7.0.2.jar:7.0.2]
	at org.apache.catalina.core.ApplicationFilterChain.doFilter(ApplicationFilterChain.java:107) ~[tomcat-embed-core-11.0.15.jar:11.0.15]
	at org.springframework.web.filter.CharacterEncodingFilter.doFilterInternal(CharacterEncodingFilter.java:199) ~[spring-web-7.0.2.jar:7.0.2]
	at org.springframework.web.filter.OncePerRequestFilter.doFilter(OncePerRequestFilter.java:116) ~[spring-web-7.0.2.jar:7.0.2]
	at org.apache.catalina.core.ApplicationFilterChain.doFilter(ApplicationFilterChain.java:107) ~[tomcat-embed-core-11.0.15.jar:11.0.15]
	at org.apache.catalina.core.StandardWrapperValve.invoke(StandardWrapperValve.java:165) ~[tomcat-embed-core-11.0.15.jar:11.0.15]
	at org.apache.catalina.core.StandardContextValve.invoke(StandardContextValve.java:77) ~[tomcat-embed-core-11.0.15.jar:11.0.15]
	at org.apache.catalina.authenticator.AuthenticatorBase.invoke(AuthenticatorBase.java:482) ~[tomcat-embed-core-11.0.15.jar:11.0.15]
	at org.apache.catalina.core.StandardHostValve.invoke(StandardHostValve.java:113) ~[tomcat-embed-core-11.0.15.jar:11.0.15]
	at org.apache.catalina.valves.ErrorReportValve.invoke(ErrorReportValve.java:83) ~[tomcat-embed-core-11.0.15.jar:11.0.15]
	at org.apache.catalina.core.StandardEngineValve.invoke(StandardEngineValve.java:72) ~[tomcat-embed-core-11.0.15.jar:11.0.15]
	at org.apache.catalina.connector.CoyoteAdapter.service(CoyoteAdapter.java:341) ~[tomcat-embed-core-11.0.15.jar:11.0.15]
	at org.apache.coyote.http11.Http11Processor.service(Http11Processor.java:397) ~[tomcat-embed-core-11.0.15.jar:11.0.15]
	at org.apache.coyote.AbstractProcessorLight.process(AbstractProcessorLight.java:63) ~[tomcat-embed-core-11.0.15.jar:11.0.15]
	at org.apache.coyote.AbstractProtocol$ConnectionHandler.process(AbstractProtocol.java:903) ~[tomcat-embed-core-11.0.15.jar:11.0.15]
	at org.apache.tomcat.util.net.NioEndpoint$SocketProcessor.doRun(NioEndpoint.java:1778) ~[tomcat-embed-core-11.0.15.jar:11.0.15]
	at org.apache.tomcat.util.net.SocketProcessorBase.run(SocketProcessorBase.java:52) ~[tomcat-embed-core-11.0.15.jar:11.0.15]
	at org.apache.tomcat.util.threads.ThreadPoolExecutor.runWorker(ThreadPoolExecutor.java:946) ~[tomcat-embed-core-11.0.15.jar:11.0.15]
	at org.apache.tomcat.util.threads.ThreadPoolExecutor$Worker.run(ThreadPoolExecutor.java:480) ~[tomcat-embed-core-11.0.15.jar:11.0.15]
	at org.apache.tomcat.util.threads.TaskThread$WrappingRunnable.run(TaskThread.java:57) ~[tomcat-embed-core-11.0.15.jar:11.0.15]
	at java.base/java.lang.Thread.run(Thread.java:1583) ~[na:na]

2026-02-27T09:11:15.837+01:00  INFO 23160 --- [readyroad-secure] [nio-8890-exec-7] c.r.r.config.RequestLoggingFilter        : ════════════════════════════════════════
2026-02-27T09:11:15.839+01:00  INFO 23160 --- [readyroad-secure] [nio-8890-exec-7] c.r.r.config.RequestLoggingFilter        : 🌐 INCOMING REQUEST
2026-02-27T09:11:15.840+01:00  INFO 23160 --- [readyroad-secure] [nio-8890-exec-7] c.r.r.config.RequestLoggingFilter        : ════════════════════════════════════════
2026-02-27T09:11:15.844+01:00  INFO 23160 --- [readyroad-secure] [nio-8890-exec-7] c.r.r.config.RequestLoggingFilter        : Method: GET
2026-02-27T09:11:15.847+01:00  INFO 23160 --- [readyroad-secure] [nio-8890-exec-7] c.r.r.config.RequestLoggingFilter        : URI: /api/quiz/stats
2026-02-27T09:11:15.848+01:00  INFO 23160 --- [readyroad-secure] [nio-8890-exec-7] c.r.r.config.RequestLoggingFilter        : Remote Address: 0:0:0:0:0:0:0:1
2026-02-27T09:11:15.849+01:00  INFO 23160 --- [readyroad-secure] [nio-8890-exec-7] c.r.r.config.RequestLoggingFilter        : ----------------------------------------
2026-02-27T09:11:15.850+01:00  INFO 23160 --- [readyroad-secure] [nio-8890-exec-7] c.r.r.config.RequestLoggingFilter        : 📋 Request Headers:
2026-02-27T09:11:15.854+01:00  INFO 23160 --- [readyroad-secure] [nio-8890-exec-1] c.r.r.config.RequestLoggingFilter        : ════════════════════════════════════════
2026-02-27T09:11:15.856+01:00  INFO 23160 --- [readyroad-secure] [nio-8890-exec-1] c.r.r.config.RequestLoggingFilter        : 🌐 INCOMING REQUEST
2026-02-27T09:11:15.863+01:00  INFO 23160 --- [readyroad-secure] [nio-8890-exec-1] c.r.r.config.RequestLoggingFilter        : ════════════════════════════════════════
2026-02-27T09:11:15.864+01:00  INFO 23160 --- [readyroad-secure] [nio-8890-exec-1] c.r.r.config.RequestLoggingFilter        : Method: GET
2026-02-27T09:11:15.865+01:00  INFO 23160 --- [readyroad-secure] [nio-8890-exec-1] c.r.r.config.RequestLoggingFilter        : URI: /api/auth/me
2026-02-27T09:11:15.865+01:00  INFO 23160 --- [readyroad-secure] [nio-8890-exec-7] c.r.r.config.RequestLoggingFilter        :   host: localhost:8890
2026-02-27T09:11:15.866+01:00  INFO 23160 --- [readyroad-secure] [nio-8890-exec-1] c.r.r.config.RequestLoggingFilter        : Remote Address: 0:0:0:0:0:0:0:1
2026-02-27T09:11:15.866+01:00  INFO 23160 --- [readyroad-secure] [nio-8890-exec-7] c.r.r.config.RequestLoggingFilter        :   connection: keep-alive
2026-02-27T09:11:15.867+01:00  INFO 23160 --- [readyroad-secure] [nio-8890-exec-1] c.r.r.config.RequestLoggingFilter        : ----------------------------------------
2026-02-27T09:11:15.867+01:00  INFO 23160 --- [readyroad-secure] [nio-8890-exec-7] c.r.r.config.RequestLoggingFilter        :   Accept: application/json
2026-02-27T09:11:15.867+01:00  INFO 23160 --- [readyroad-secure] [nio-8890-exec-1] c.r.r.config.RequestLoggingFilter        : 📋 Request Headers:
2026-02-27T09:11:15.868+01:00  INFO 23160 --- [readyroad-secure] [nio-8890-exec-7] c.r.r.config.RequestLoggingFilter        :   Authorization: Bearer [TOKEN_HIDDEN]
2026-02-27T09:11:15.868+01:00  INFO 23160 --- [readyroad-secure] [nio-8890-exec-1] c.r.r.config.RequestLoggingFilter        :   host: localhost:8890
2026-02-27T09:11:15.869+01:00  INFO 23160 --- [readyroad-secure] [nio-8890-exec-7] c.r.r.config.RequestLoggingFilter        :   accept-language: *
2026-02-27T09:11:15.870+01:00  INFO 23160 --- [readyroad-secure] [nio-8890-exec-1] c.r.r.config.RequestLoggingFilter        :   connection: keep-alive
2026-02-27T09:11:15.871+01:00  INFO 23160 --- [readyroad-secure] [nio-8890-exec-7] c.r.r.config.RequestLoggingFilter        :   sec-fetch-mode: cors
2026-02-27T09:11:15.871+01:00  INFO 23160 --- [readyroad-secure] [nio-8890-exec-1] c.r.r.config.RequestLoggingFilter        :   Authorization: Bearer [TOKEN_HIDDEN]
2026-02-27T09:11:15.872+01:00  INFO 23160 --- [readyroad-secure] [nio-8890-exec-7] c.r.r.config.RequestLoggingFilter        :   user-agent: node
2026-02-27T09:11:15.872+01:00  INFO 23160 --- [readyroad-secure] [nio-8890-exec-1] c.r.r.config.RequestLoggingFilter        :   Accept: application/json
2026-02-27T09:11:15.872+01:00  INFO 23160 --- [readyroad-secure] [nio-8890-exec-7] c.r.r.config.RequestLoggingFilter        :   pragma: no-cache
2026-02-27T09:11:15.873+01:00  INFO 23160 --- [readyroad-secure] [nio-8890-exec-1] c.r.r.config.RequestLoggingFilter        :   accept-language: *
2026-02-27T09:11:15.873+01:00  INFO 23160 --- [readyroad-secure] [nio-8890-exec-7] c.r.r.config.RequestLoggingFilter        :   cache-control: no-cache
2026-02-27T09:11:15.873+01:00  INFO 23160 --- [readyroad-secure] [nio-8890-exec-1] c.r.r.config.RequestLoggingFilter        :   sec-fetch-mode: cors
2026-02-27T09:11:15.874+01:00  INFO 23160 --- [readyroad-secure] [nio-8890-exec-7] c.r.r.config.RequestLoggingFilter        :   accept-encoding: gzip, deflate
2026-02-27T09:11:15.874+01:00  INFO 23160 --- [readyroad-secure] [nio-8890-exec-1] c.r.r.config.RequestLoggingFilter        :   user-agent: node
2026-02-27T09:11:15.874+01:00  INFO 23160 --- [readyroad-secure] [nio-8890-exec-7] c.r.r.config.RequestLoggingFilter        : ════════════════════════════════════════
2026-02-27T09:11:15.875+01:00  INFO 23160 --- [readyroad-secure] [nio-8890-exec-1] c.r.r.config.RequestLoggingFilter        :   pragma: no-cache
2026-02-27T09:11:15.878+01:00  INFO 23160 --- [readyroad-secure] [nio-8890-exec-1] c.r.r.config.RequestLoggingFilter        :   cache-control: no-cache
2026-02-27T09:11:15.880+01:00  INFO 23160 --- [readyroad-secure] [nio-8890-exec-1] c.r.r.config.RequestLoggingFilter        :   accept-encoding: gzip, deflate
2026-02-27T09:11:15.880+01:00  INFO 23160 --- [readyroad-secure] [nio-8890-exec-1] c.r.r.config.RequestLoggingFilter        : ════════════════════════════════════════
2026-02-27T09:11:15.884+01:00  INFO 23160 --- [readyroad-secure] [nio-8890-exec-3] c.r.r.config.RequestLoggingFilter        : ════════════════════════════════════════
2026-02-27T09:11:15.886+01:00  INFO 23160 --- [readyroad-secure] [nio-8890-exec-3] c.r.r.config.RequestLoggingFilter        : 🌐 INCOMING REQUEST
2026-02-27T09:11:15.887+01:00  INFO 23160 --- [readyroad-secure] [nio-8890-exec-3] c.r.r.config.RequestLoggingFilter        : ════════════════════════════════════════
2026-02-27T09:11:15.887+01:00  INFO 23160 --- [readyroad-secure] [nio-8890-exec-3] c.r.r.config.RequestLoggingFilter        : Method: GET
2026-02-27T09:11:15.889+01:00  INFO 23160 --- [readyroad-secure] [nio-8890-exec-3] c.r.r.config.RequestLoggingFilter        : URI: /api/categories
2026-02-27T09:11:15.889+01:00  INFO 23160 --- [readyroad-secure] [nio-8890-exec-3] c.r.r.config.RequestLoggingFilter        : Remote Address: 127.0.0.1
2026-02-27T09:11:15.890+01:00  INFO 23160 --- [readyroad-secure] [nio-8890-exec-3] c.r.r.config.RequestLoggingFilter        : ----------------------------------------
2026-02-27T09:11:15.891+01:00  INFO 23160 --- [readyroad-secure] [nio-8890-exec-3] c.r.r.config.RequestLoggingFilter        : 📋 Request Headers:
2026-02-27T09:11:15.895+01:00  INFO 23160 --- [readyroad-secure] [nio-8890-exec-6] c.r.r.config.RequestLoggingFilter        : ════════════════════════════════════════
2026-02-27T09:11:15.897+01:00  INFO 23160 --- [readyroad-secure] [nio-8890-exec-6] c.r.r.config.RequestLoggingFilter        : 🌐 INCOMING REQUEST
2026-02-27T09:11:15.893+01:00  INFO 23160 --- [readyroad-secure] [nio-8890-exec-3] c.r.r.config.RequestLoggingFilter        :   host: localhost:8890
2026-02-27T09:11:15.899+01:00  INFO 23160 --- [readyroad-secure] [nio-8890-exec-3] c.r.r.config.RequestLoggingFilter        :   connection: keep-alive
2026-02-27T09:11:15.898+01:00  INFO 23160 --- [readyroad-secure] [nio-8890-exec-6] c.r.r.config.RequestLoggingFilter        : ════════════════════════════════════════
2026-02-27T09:11:15.900+01:00  INFO 23160 --- [readyroad-secure] [nio-8890-exec-3] c.r.r.config.RequestLoggingFilter        :   Accept: application/json
2026-02-27T09:11:15.900+01:00  INFO 23160 --- [readyroad-secure] [nio-8890-exec-6] c.r.r.config.RequestLoggingFilter        : Method: GET
2026-02-27T09:11:15.902+01:00  INFO 23160 --- [readyroad-secure] [nio-8890-exec-3] c.r.r.config.RequestLoggingFilter        :   Authorization: Bearer [TOKEN_HIDDEN]
2026-02-27T09:11:15.904+01:00  INFO 23160 --- [readyroad-secure] [nio-8890-exec-6] c.r.r.config.RequestLoggingFilter        : URI: /api/categories
2026-02-27T09:11:15.904+01:00  INFO 23160 --- [readyroad-secure] [nio-8890-exec-3] c.r.r.config.RequestLoggingFilter        :   accept-language: *
2026-02-27T09:11:15.904+01:00  INFO 23160 --- [readyroad-secure] [nio-8890-exec-6] c.r.r.config.RequestLoggingFilter        : Remote Address: 0:0:0:0:0:0:0:1
2026-02-27T09:11:15.905+01:00  INFO 23160 --- [readyroad-secure] [nio-8890-exec-6] c.r.r.config.RequestLoggingFilter        : ----------------------------------------
2026-02-27T09:11:15.905+01:00  INFO 23160 --- [readyroad-secure] [nio-8890-exec-3] c.r.r.config.RequestLoggingFilter        :   sec-fetch-mode: cors
2026-02-27T09:11:15.907+01:00  INFO 23160 --- [readyroad-secure] [nio-8890-exec-6] c.r.r.config.RequestLoggingFilter        : 📋 Request Headers:
2026-02-27T09:11:15.907+01:00  INFO 23160 --- [readyroad-secure] [nio-8890-exec-6] c.r.r.config.RequestLoggingFilter        :   host: localhost:8890
2026-02-27T09:11:15.908+01:00  INFO 23160 --- [readyroad-secure] [nio-8890-exec-6] c.r.r.config.RequestLoggingFilter        :   connection: keep-alive
2026-02-27T09:11:15.907+01:00  INFO 23160 --- [readyroad-secure] [nio-8890-exec-3] c.r.r.config.RequestLoggingFilter        :   user-agent: node
2026-02-27T09:11:15.911+01:00  INFO 23160 --- [readyroad-secure] [nio-8890-exec-6] c.r.r.config.RequestLoggingFilter        :   Accept: application/json
2026-02-27T09:11:15.913+01:00  INFO 23160 --- [readyroad-secure] [nio-8890-exec-3] c.r.r.config.RequestLoggingFilter        :   pragma: no-cache
2026-02-27T09:11:15.915+01:00  INFO 23160 --- [readyroad-secure] [nio-8890-exec-6] c.r.r.config.RequestLoggingFilter        :   Authorization: Bearer [TOKEN_HIDDEN]
2026-02-27T09:11:15.916+01:00  INFO 23160 --- [readyroad-secure] [nio-8890-exec-6] c.r.r.config.RequestLoggingFilter        :   accept-language: *
2026-02-27T09:11:15.915+01:00  INFO 23160 --- [readyroad-secure] [nio-8890-exec-3] c.r.r.config.RequestLoggingFilter        :   cache-control: no-cache
2026-02-27T09:11:15.917+01:00  INFO 23160 --- [readyroad-secure] [nio-8890-exec-6] c.r.r.config.RequestLoggingFilter        :   sec-fetch-mode: cors
2026-02-27T09:11:15.917+01:00  INFO 23160 --- [readyroad-secure] [nio-8890-exec-3] c.r.r.config.RequestLoggingFilter        :   accept-encoding: gzip, deflate
2026-02-27T09:11:15.919+01:00  INFO 23160 --- [readyroad-secure] [nio-8890-exec-6] c.r.r.config.RequestLoggingFilter        :   user-agent: node
2026-02-27T09:11:15.919+01:00  INFO 23160 --- [readyroad-secure] [nio-8890-exec-3] c.r.r.config.RequestLoggingFilter        : ════════════════════════════════════════
2026-02-27T09:11:15.920+01:00  INFO 23160 --- [readyroad-secure] [nio-8890-exec-6] c.r.r.config.RequestLoggingFilter        :   pragma: no-cache
2026-02-27T09:11:15.921+01:00  INFO 23160 --- [readyroad-secure] [nio-8890-exec-6] c.r.r.config.RequestLoggingFilter        :   cache-control: no-cache
2026-02-27T09:11:15.924+01:00  INFO 23160 --- [readyroad-secure] [nio-8890-exec-6] c.r.r.config.RequestLoggingFilter        :   accept-encoding: gzip, deflate
2026-02-27T09:11:15.925+01:00  INFO 23160 --- [readyroad-secure] [nio-8890-exec-6] c.r.r.config.RequestLoggingFilter        : ════════════════════════════════════════
2026-02-27T09:11:17.953+01:00 DEBUG 23160 --- [readyroad-secure] [nio-8890-exec-1] org.hibernate.SQL                        : select u1_0.id,u1_0.created_at,u1_0.email,u1_0.full_name,u1_0.is_active,u1_0.is_locked,u1_0.password_hash,u1_0.role,u1_0.updated_at,u1_0.username from users u1_0 where u1_0.username=?
2026-02-27T09:11:17.968+01:00 DEBUG 23160 --- [readyroad-secure] [nio-8890-exec-6] org.hibernate.SQL                        : select c1_0.id,c1_0.code,c1_0.created_at,c1_0.description_ar,c1_0.description_en,c1_0.description_fr,c1_0.description_nl,c1_0.display_order,c1_0.is_active,c1_0.name_ar,c1_0.name_en,c1_0.name_fr,c1_0.name_nl,c1_0.updated_at from categories c1_0 where c1_0.is_active=true order by c1_0.display_order
2026-02-27T09:11:17.971+01:00 DEBUG 23160 --- [readyroad-secure] [nio-8890-exec-7] org.hibernate.SQL                        : select count(qq1_0.id) from quiz_questions qq1_0 where qq1_0.is_active=true and qq1_0.status=?
2026-02-27T09:11:18.014+01:00 DEBUG 23160 --- [readyroad-secure] [nio-8890-exec-3] org.hibernate.SQL                        : select c1_0.id,c1_0.code,c1_0.created_at,c1_0.description_ar,c1_0.description_en,c1_0.description_fr,c1_0.description_nl,c1_0.display_order,c1_0.is_active,c1_0.name_ar,c1_0.name_en,c1_0.name_fr,c1_0.name_nl,c1_0.updated_at from categories c1_0 where c1_0.is_active=true order by c1_0.display_order
2026-02-27T09:11:18.171+01:00 DEBUG 23160 --- [readyroad-secure] [nio-8890-exec-7] org.hibernate.SQL                        : select c1_0.id,c1_0.code,c1_0.created_at,c1_0.description_ar,c1_0.description_en,c1_0.description_fr,c1_0.description_nl,c1_0.display_order,c1_0.is_active,c1_0.name_ar,c1_0.name_en,c1_0.name_fr,c1_0.name_nl,c1_0.updated_at from categories c1_0 where c1_0.is_active=true order by c1_0.display_order
2026-02-27T09:11:19.844+01:00 ERROR 23160 --- [readyroad-secure] [io-8890-exec-10] c.r.r.config.JwtAuthenticationFilter     : ❌ Cannot set user authentication: JWT expired 22508844 milliseconds ago at 2026-02-27T01:56:11.000Z. Current time: 2026-02-27T08:11:19.844Z. Allowed clock skew: 0 milliseconds.
2026-02-27T09:11:19.845+01:00 ERROR 23160 --- [readyroad-secure] [io-8890-exec-10] c.r.r.config.JwtAuthenticationFilter     : Exception details:

io.jsonwebtoken.ExpiredJwtException: JWT expired 22508844 milliseconds ago at 2026-02-27T01:56:11.000Z. Current time: 2026-02-27T08:11:19.844Z. Allowed clock skew: 0 milliseconds.
	at io.jsonwebtoken.impl.DefaultJwtParser.parse(DefaultJwtParser.java:682) ~[jjwt-impl-0.12.5.jar:0.12.5]
	at io.jsonwebtoken.impl.DefaultJwtParser.parse(DefaultJwtParser.java:362) ~[jjwt-impl-0.12.5.jar:0.12.5]
	at io.jsonwebtoken.impl.DefaultJwtParser.parse(DefaultJwtParser.java:94) ~[jjwt-impl-0.12.5.jar:0.12.5]
	at io.jsonwebtoken.impl.io.AbstractParser.parse(AbstractParser.java:36) ~[jjwt-impl-0.12.5.jar:0.12.5]
	at io.jsonwebtoken.impl.io.AbstractParser.parse(AbstractParser.java:29) ~[jjwt-impl-0.12.5.jar:0.12.5]
	at io.jsonwebtoken.impl.DefaultJwtParser.parseSignedClaims(DefaultJwtParser.java:821) ~[jjwt-impl-0.12.5.jar:0.12.5]
	at com.readyroad.readyroadbackend.service.JwtService.extractAllClaims(JwtService.java:118) ~[classes/:na]
	at com.readyroad.readyroadbackend.service.JwtService.extractClaim(JwtService.java:103) ~[classes/:na]
	at com.readyroad.readyroadbackend.service.JwtService.extractUsername(JwtService.java:81) ~[classes/:na]
	at com.readyroad.readyroadbackend.config.JwtAuthenticationFilter.doFilterInternal(JwtAuthenticationFilter.java:113) ~[classes/:na]
	at org.springframework.web.filter.OncePerRequestFilter.doFilter(OncePerRequestFilter.java:116) ~[spring-web-7.0.2.jar:7.0.2]
	at org.springframework.security.web.ObservationFilterChainDecorator$ObservationFilter.wrapFilter(ObservationFilterChainDecorator.java:244) ~[spring-security-web-7.0.2.jar:7.0.2]
	at org.springframework.security.web.ObservationFilterChainDecorator$ObservationFilter.doFilter(ObservationFilterChainDecorator.java:231) ~[spring-security-web-7.0.2.jar:7.0.2]
	at org.springframework.security.web.ObservationFilterChainDecorator$VirtualFilterChain.doFilter(ObservationFilterChainDecorator.java:141) ~[spring-security-web-7.0.2.jar:7.0.2]
	at org.springframework.security.web.authentication.logout.LogoutFilter.doFilter(LogoutFilter.java:110) ~[spring-security-web-7.0.2.jar:7.0.2]
	at org.springframework.security.web.authentication.logout.LogoutFilter.doFilter(LogoutFilter.java:96) ~[spring-security-web-7.0.2.jar:7.0.2]
	at org.springframework.security.web.ObservationFilterChainDecorator$ObservationFilter.wrapFilter(ObservationFilterChainDecorator.java:244) ~[spring-security-web-7.0.2.jar:7.0.2]
	at org.springframework.security.web.ObservationFilterChainDecorator$ObservationFilter.doFilter(ObservationFilterChainDecorator.java:231) ~[spring-security-web-7.0.2.jar:7.0.2]
	at org.springframework.security.web.ObservationFilterChainDecorator$VirtualFilterChain.doFilter(ObservationFilterChainDecorator.java:141) ~[spring-security-web-7.0.2.jar:7.0.2]
	at org.springframework.web.filter.CorsFilter.doFilterInternal(CorsFilter.java:91) ~[spring-web-7.0.2.jar:7.0.2]
	at org.springframework.web.filter.OncePerRequestFilter.doFilter(OncePerRequestFilter.java:116) ~[spring-web-7.0.2.jar:7.0.2]
	at org.springframework.security.web.ObservationFilterChainDecorator$ObservationFilter.wrapFilter(ObservationFilterChainDecorator.java:244) ~[spring-security-web-7.0.2.jar:7.0.2]
	at org.springframework.security.web.ObservationFilterChainDecorator$ObservationFilter.doFilter(ObservationFilterChainDecorator.java:231) ~[spring-security-web-7.0.2.jar:7.0.2]
	at org.springframework.security.web.ObservationFilterChainDecorator$VirtualFilterChain.doFilter(ObservationFilterChainDecorator.java:141) ~[spring-security-web-7.0.2.jar:7.0.2]
	at org.springframework.security.web.header.HeaderWriterFilter.doHeadersAfter(HeaderWriterFilter.java:90) ~[spring-security-web-7.0.2.jar:7.0.2]
	at org.springframework.security.web.header.HeaderWriterFilter.doFilterInternal(HeaderWriterFilter.java:75) ~[spring-security-web-7.0.2.jar:7.0.2]
	at org.springframework.web.filter.OncePerRequestFilter.doFilter(OncePerRequestFilter.java:116) ~[spring-web-7.0.2.jar:7.0.2]
	at org.springframework.security.web.ObservationFilterChainDecorator$ObservationFilter.wrapFilter(ObservationFilterChainDecorator.java:244) ~[spring-security-web-7.0.2.jar:7.0.2]
	at org.springframework.security.web.ObservationFilterChainDecorator$ObservationFilter.doFilter(ObservationFilterChainDecorator.java:231) ~[spring-security-web-7.0.2.jar:7.0.2]
	at org.springframework.security.web.ObservationFilterChainDecorator$VirtualFilterChain.doFilter(ObservationFilterChainDecorator.java:141) ~[spring-security-web-7.0.2.jar:7.0.2]
	at org.springframework.security.web.context.SecurityContextHolderFilter.doFilter(SecurityContextHolderFilter.java:82) ~[spring-security-web-7.0.2.jar:7.0.2]
	at org.springframework.security.web.context.SecurityContextHolderFilter.doFilter(SecurityContextHolderFilter.java:69) ~[spring-security-web-7.0.2.jar:7.0.2]
	at org.springframework.security.web.ObservationFilterChainDecorator$ObservationFilter.wrapFilter(ObservationFilterChainDecorator.java:244) ~[spring-security-web-7.0.2.jar:7.0.2]
	at org.springframework.security.web.ObservationFilterChainDecorator$ObservationFilter.doFilter(ObservationFilterChainDecorator.java:231) ~[spring-security-web-7.0.2.jar:7.0.2]
	at org.springframework.security.web.ObservationFilterChainDecorator$VirtualFilterChain.doFilter(ObservationFilterChainDecorator.java:141) ~[spring-security-web-7.0.2.jar:7.0.2]
	at org.springframework.security.web.context.request.async.WebAsyncManagerIntegrationFilter.doFilterInternal(WebAsyncManagerIntegrationFilter.java:62) ~[spring-security-web-7.0.2.jar:7.0.2]
	at org.springframework.web.filter.OncePerRequestFilter.doFilter(OncePerRequestFilter.java:116) ~[spring-web-7.0.2.jar:7.0.2]
	at org.springframework.security.web.ObservationFilterChainDecorator$ObservationFilter.wrapFilter(ObservationFilterChainDecorator.java:244) ~[spring-security-web-7.0.2.jar:7.0.2]
	at org.springframework.security.web.ObservationFilterChainDecorator$ObservationFilter.doFilter(ObservationFilterChainDecorator.java:231) ~[spring-security-web-7.0.2.jar:7.0.2]
	at org.springframework.security.web.ObservationFilterChainDecorator$VirtualFilterChain.doFilter(ObservationFilterChainDecorator.java:141) ~[spring-security-web-7.0.2.jar:7.0.2]
	at org.springframework.security.web.session.DisableEncodeUrlFilter.doFilterInternal(DisableEncodeUrlFilter.java:42) ~[spring-security-web-7.0.2.jar:7.0.2]
	at org.springframework.web.filter.OncePerRequestFilter.doFilter(OncePerRequestFilter.java:116) ~[spring-web-7.0.2.jar:7.0.2]
	at org.springframework.security.web.ObservationFilterChainDecorator$ObservationFilter.wrapFilter(ObservationFilterChainDecorator.java:244) ~[spring-security-web-7.0.2.jar:7.0.2]
	at org.springframework.security.web.ObservationFilterChainDecorator$AroundFilterObservation$SimpleAroundFilterObservation.lambda$wrap$0(ObservationFilterChainDecorator.java:337) ~[spring-security-web-7.0.2.jar:7.0.2]
	at org.springframework.security.web.ObservationFilterChainDecorator$ObservationFilter.doFilter(ObservationFilterChainDecorator.java:228) ~[spring-security-web-7.0.2.jar:7.0.2]
	at org.springframework.security.web.ObservationFilterChainDecorator$VirtualFilterChain.doFilter(ObservationFilterChainDecorator.java:141) ~[spring-security-web-7.0.2.jar:7.0.2]
	at org.springframework.security.web.FilterChainProxy.doFilterInternal(FilterChainProxy.java:237) ~[spring-security-web-7.0.2.jar:7.0.2]
	at org.springframework.security.web.FilterChainProxy.doFilter(FilterChainProxy.java:195) ~[spring-security-web-7.0.2.jar:7.0.2]
	at org.springframework.web.filter.CompositeFilter$VirtualFilterChain.doFilter(CompositeFilter.java:113) ~[spring-web-7.0.2.jar:7.0.2]
	at org.springframework.web.filter.ServletRequestPathFilter.doFilter(ServletRequestPathFilter.java:52) ~[spring-web-7.0.2.jar:7.0.2]
	at org.springframework.web.filter.CompositeFilter$VirtualFilterChain.doFilter(CompositeFilter.java:113) ~[spring-web-7.0.2.jar:7.0.2]
	at org.springframework.web.filter.CompositeFilter.doFilter(CompositeFilter.java:74) ~[spring-web-7.0.2.jar:7.0.2]
	at org.springframework.security.config.annotation.web.configuration.WebSecurityConfiguration$CompositeFilterChainProxy.doFilter(WebSecurityConfiguration.java:317) ~[spring-security-config-7.0.2.jar:7.0.2]
	at org.springframework.web.filter.DelegatingFilterProxy.invokeDelegate(DelegatingFilterProxy.java:355) ~[spring-web-7.0.2.jar:7.0.2]
	at org.springframework.web.filter.DelegatingFilterProxy.doFilter(DelegatingFilterProxy.java:272) ~[spring-web-7.0.2.jar:7.0.2]
	at org.apache.catalina.core.ApplicationFilterChain.doFilter(ApplicationFilterChain.java:107) ~[tomcat-embed-core-11.0.15.jar:11.0.15]
	at org.springframework.web.filter.RequestContextFilter.doFilterInternal(RequestContextFilter.java:100) ~[spring-web-7.0.2.jar:7.0.2]
	at org.springframework.web.filter.OncePerRequestFilter.doFilter(OncePerRequestFilter.java:116) ~[spring-web-7.0.2.jar:7.0.2]
	at org.apache.catalina.core.ApplicationFilterChain.doFilter(ApplicationFilterChain.java:107) ~[tomcat-embed-core-11.0.15.jar:11.0.15]
	at org.springframework.web.filter.FormContentFilter.doFilterInternal(FormContentFilter.java:93) ~[spring-web-7.0.2.jar:7.0.2]
	at org.springframework.web.filter.OncePerRequestFilter.doFilter(OncePerRequestFilter.java:116) ~[spring-web-7.0.2.jar:7.0.2]
	at org.apache.catalina.core.ApplicationFilterChain.doFilter(ApplicationFilterChain.java:107) ~[tomcat-embed-core-11.0.15.jar:11.0.15]
	at org.springframework.web.filter.ServerHttpObservationFilter.doFilterInternal(ServerHttpObservationFilter.java:110) ~[spring-web-7.0.2.jar:7.0.2]
	at org.springframework.web.filter.OncePerRequestFilter.doFilter(OncePerRequestFilter.java:116) ~[spring-web-7.0.2.jar:7.0.2]
	at org.apache.catalina.core.ApplicationFilterChain.doFilter(ApplicationFilterChain.java:107) ~[tomcat-embed-core-11.0.15.jar:11.0.15]
	at org.springframework.web.filter.CharacterEncodingFilter.doFilterInternal(CharacterEncodingFilter.java:199) ~[spring-web-7.0.2.jar:7.0.2]
	at org.springframework.web.filter.OncePerRequestFilter.doFilter(OncePerRequestFilter.java:116) ~[spring-web-7.0.2.jar:7.0.2]
	at org.apache.catalina.core.ApplicationFilterChain.doFilter(ApplicationFilterChain.java:107) ~[tomcat-embed-core-11.0.15.jar:11.0.15]
	at org.apache.catalina.core.StandardWrapperValve.invoke(StandardWrapperValve.java:165) ~[tomcat-embed-core-11.0.15.jar:11.0.15]
	at org.apache.catalina.core.StandardContextValve.invoke(StandardContextValve.java:77) ~[tomcat-embed-core-11.0.15.jar:11.0.15]
	at org.apache.catalina.authenticator.AuthenticatorBase.invoke(AuthenticatorBase.java:482) ~[tomcat-embed-core-11.0.15.jar:11.0.15]
	at org.apache.catalina.core.StandardHostValve.invoke(StandardHostValve.java:113) ~[tomcat-embed-core-11.0.15.jar:11.0.15]
	at org.apache.catalina.valves.ErrorReportValve.invoke(ErrorReportValve.java:83) ~[tomcat-embed-core-11.0.15.jar:11.0.15]
	at org.apache.catalina.core.StandardEngineValve.invoke(StandardEngineValve.java:72) ~[tomcat-embed-core-11.0.15.jar:11.0.15]
	at org.apache.catalina.connector.CoyoteAdapter.service(CoyoteAdapter.java:341) ~[tomcat-embed-core-11.0.15.jar:11.0.15]
	at org.apache.coyote.http11.Http11Processor.service(Http11Processor.java:397) ~[tomcat-embed-core-11.0.15.jar:11.0.15]
	at org.apache.coyote.AbstractProcessorLight.process(AbstractProcessorLight.java:63) ~[tomcat-embed-core-11.0.15.jar:11.0.15]
	at org.apache.coyote.AbstractProtocol$ConnectionHandler.process(AbstractProtocol.java:903) ~[tomcat-embed-core-11.0.15.jar:11.0.15]
	at org.apache.tomcat.util.net.NioEndpoint$SocketProcessor.doRun(NioEndpoint.java:1778) ~[tomcat-embed-core-11.0.15.jar:11.0.15]
	at org.apache.tomcat.util.net.SocketProcessorBase.run(SocketProcessorBase.java:52) ~[tomcat-embed-core-11.0.15.jar:11.0.15]
	at org.apache.tomcat.util.threads.ThreadPoolExecutor.runWorker(ThreadPoolExecutor.java:946) ~[tomcat-embed-core-11.0.15.jar:11.0.15]
	at org.apache.tomcat.util.threads.ThreadPoolExecutor$Worker.run(ThreadPoolExecutor.java:480) ~[tomcat-embed-core-11.0.15.jar:11.0.15]
	at org.apache.tomcat.util.threads.TaskThread$WrappingRunnable.run(TaskThread.java:57) ~[tomcat-embed-core-11.0.15.jar:11.0.15]
	at java.base/java.lang.Thread.run(Thread.java:1583) ~[na:na]

2026-02-27T09:11:19.851+01:00  INFO 23160 --- [readyroad-secure] [io-8890-exec-10] c.r.r.config.RequestLoggingFilter        : ════════════════════════════════════════
2026-02-27T09:11:19.852+01:00  INFO 23160 --- [readyroad-secure] [io-8890-exec-10] c.r.r.config.RequestLoggingFilter        : 🌐 INCOMING REQUEST
2026-02-27T09:11:19.852+01:00  INFO 23160 --- [readyroad-secure] [io-8890-exec-10] c.r.r.config.RequestLoggingFilter        : ════════════════════════════════════════
2026-02-27T09:11:19.852+01:00  INFO 23160 --- [readyroad-secure] [io-8890-exec-10] c.r.r.config.RequestLoggingFilter        : Method: GET
2026-02-27T09:11:19.853+01:00  INFO 23160 --- [readyroad-secure] [io-8890-exec-10] c.r.r.config.RequestLoggingFilter        : URI: /api/categories
2026-02-27T09:11:19.853+01:00  INFO 23160 --- [readyroad-secure] [io-8890-exec-10] c.r.r.config.RequestLoggingFilter        : Remote Address: 0:0:0:0:0:0:0:1
2026-02-27T09:11:19.854+01:00  INFO 23160 --- [readyroad-secure] [io-8890-exec-10] c.r.r.config.RequestLoggingFilter        : ----------------------------------------
2026-02-27T09:11:19.854+01:00  INFO 23160 --- [readyroad-secure] [io-8890-exec-10] c.r.r.config.RequestLoggingFilter        : 📋 Request Headers:
2026-02-27T09:11:19.855+01:00  INFO 23160 --- [readyroad-secure] [io-8890-exec-10] c.r.r.config.RequestLoggingFilter        :   host: localhost:8890
2026-02-27T09:11:19.855+01:00  INFO 23160 --- [readyroad-secure] [io-8890-exec-10] c.r.r.config.RequestLoggingFilter        :   connection: keep-alive
2026-02-27T09:11:19.856+01:00  INFO 23160 --- [readyroad-secure] [io-8890-exec-10] c.r.r.config.RequestLoggingFilter        :   Accept: application/json
2026-02-27T09:11:19.856+01:00  INFO 23160 --- [readyroad-secure] [io-8890-exec-10] c.r.r.config.RequestLoggingFilter        :   Authorization: Bearer [TOKEN_HIDDEN]
2026-02-27T09:11:19.856+01:00  INFO 23160 --- [readyroad-secure] [io-8890-exec-10] c.r.r.config.RequestLoggingFilter        :   accept-language: *
2026-02-27T09:11:19.857+01:00  INFO 23160 --- [readyroad-secure] [io-8890-exec-10] c.r.r.config.RequestLoggingFilter        :   sec-fetch-mode: cors
2026-02-27T09:11:19.857+01:00  INFO 23160 --- [readyroad-secure] [io-8890-exec-10] c.r.r.config.RequestLoggingFilter        :   user-agent: node
2026-02-27T09:11:19.858+01:00  INFO 23160 --- [readyroad-secure] [io-8890-exec-10] c.r.r.config.RequestLoggingFilter        :   pragma: no-cache
2026-02-27T09:11:19.858+01:00  INFO 23160 --- [readyroad-secure] [io-8890-exec-10] c.r.r.config.RequestLoggingFilter        :   cache-control: no-cache
2026-02-27T09:11:19.859+01:00  INFO 23160 --- [readyroad-secure] [io-8890-exec-10] c.r.r.config.RequestLoggingFilter        :   accept-encoding: gzip, deflate
2026-02-27T09:11:19.860+01:00  INFO 23160 --- [readyroad-secure] [io-8890-exec-10] c.r.r.config.RequestLoggingFilter        : ════════════════════════════════════════
2026-02-27T09:11:19.864+01:00 DEBUG 23160 --- [readyroad-secure] [io-8890-exec-10] org.hibernate.SQL                        : select c1_0.id,c1_0.code,c1_0.created_at,c1_0.description_ar,c1_0.description_en,c1_0.description_fr,c1_0.description_nl,c1_0.display_order,c1_0.is_active,c1_0.name_ar,c1_0.name_en,c1_0.name_fr,c1_0.name_nl,c1_0.updated_at from categories c1_0 where c1_0.is_active=true order by c1_0.display_order
2026-02-27T09:11:20.041+01:00 ERROR 23160 --- [readyroad-secure] [nio-8890-exec-4] c.r.r.config.JwtAuthenticationFilter     : ❌ Cannot set user authentication: JWT expired 22509040 milliseconds ago at 2026-02-27T01:56:11.000Z. Current time: 2026-02-27T08:11:20.040Z. Allowed clock skew: 0 milliseconds.
2026-02-27T09:11:20.046+01:00 ERROR 23160 --- [readyroad-secure] [nio-8890-exec-4] c.r.r.config.JwtAuthenticationFilter     : Exception details:

io.jsonwebtoken.ExpiredJwtException: JWT expired 22509040 milliseconds ago at 2026-02-27T01:56:11.000Z. Current time: 2026-02-27T08:11:20.040Z. Allowed clock skew: 0 milliseconds.
	at io.jsonwebtoken.impl.DefaultJwtParser.parse(DefaultJwtParser.java:682) ~[jjwt-impl-0.12.5.jar:0.12.5]
	at io.jsonwebtoken.impl.DefaultJwtParser.parse(DefaultJwtParser.java:362) ~[jjwt-impl-0.12.5.jar:0.12.5]
	at io.jsonwebtoken.impl.DefaultJwtParser.parse(DefaultJwtParser.java:94) ~[jjwt-impl-0.12.5.jar:0.12.5]
	at io.jsonwebtoken.impl.io.AbstractParser.parse(AbstractParser.java:36) ~[jjwt-impl-0.12.5.jar:0.12.5]
	at io.jsonwebtoken.impl.io.AbstractParser.parse(AbstractParser.java:29) ~[jjwt-impl-0.12.5.jar:0.12.5]
	at io.jsonwebtoken.impl.DefaultJwtParser.parseSignedClaims(DefaultJwtParser.java:821) ~[jjwt-impl-0.12.5.jar:0.12.5]
	at com.readyroad.readyroadbackend.service.JwtService.extractAllClaims(JwtService.java:118) ~[classes/:na]
	at com.readyroad.readyroadbackend.service.JwtService.extractClaim(JwtService.java:103) ~[classes/:na]
	at com.readyroad.readyroadbackend.service.JwtService.extractUsername(JwtService.java:81) ~[classes/:na]
	at com.readyroad.readyroadbackend.config.JwtAuthenticationFilter.doFilterInternal(JwtAuthenticationFilter.java:113) ~[classes/:na]
	at org.springframework.web.filter.OncePerRequestFilter.doFilter(OncePerRequestFilter.java:116) ~[spring-web-7.0.2.jar:7.0.2]
	at org.springframework.security.web.ObservationFilterChainDecorator$ObservationFilter.wrapFilter(ObservationFilterChainDecorator.java:244) ~[spring-security-web-7.0.2.jar:7.0.2]
	at org.springframework.security.web.ObservationFilterChainDecorator$ObservationFilter.doFilter(ObservationFilterChainDecorator.java:231) ~[spring-security-web-7.0.2.jar:7.0.2]
	at org.springframework.security.web.ObservationFilterChainDecorator$VirtualFilterChain.doFilter(ObservationFilterChainDecorator.java:141) ~[spring-security-web-7.0.2.jar:7.0.2]
	at org.springframework.security.web.authentication.logout.LogoutFilter.doFilter(LogoutFilter.java:110) ~[spring-security-web-7.0.2.jar:7.0.2]
	at org.springframework.security.web.authentication.logout.LogoutFilter.doFilter(LogoutFilter.java:96) ~[spring-security-web-7.0.2.jar:7.0.2]
	at org.springframework.security.web.ObservationFilterChainDecorator$ObservationFilter.wrapFilter(ObservationFilterChainDecorator.java:244) ~[spring-security-web-7.0.2.jar:7.0.2]
	at org.springframework.security.web.ObservationFilterChainDecorator$ObservationFilter.doFilter(ObservationFilterChainDecorator.java:231) ~[spring-security-web-7.0.2.jar:7.0.2]
	at org.springframework.security.web.ObservationFilterChainDecorator$VirtualFilterChain.doFilter(ObservationFilterChainDecorator.java:141) ~[spring-security-web-7.0.2.jar:7.0.2]
	at org.springframework.web.filter.CorsFilter.doFilterInternal(CorsFilter.java:91) ~[spring-web-7.0.2.jar:7.0.2]
	at org.springframework.web.filter.OncePerRequestFilter.doFilter(OncePerRequestFilter.java:116) ~[spring-web-7.0.2.jar:7.0.2]
	at org.springframework.security.web.ObservationFilterChainDecorator$ObservationFilter.wrapFilter(ObservationFilterChainDecorator.java:244) ~[spring-security-web-7.0.2.jar:7.0.2]
	at org.springframework.security.web.ObservationFilterChainDecorator$ObservationFilter.doFilter(ObservationFilterChainDecorator.java:231) ~[spring-security-web-7.0.2.jar:7.0.2]
	at org.springframework.security.web.ObservationFilterChainDecorator$VirtualFilterChain.doFilter(ObservationFilterChainDecorator.java:141) ~[spring-security-web-7.0.2.jar:7.0.2]
	at org.springframework.security.web.header.HeaderWriterFilter.doHeadersAfter(HeaderWriterFilter.java:90) ~[spring-security-web-7.0.2.jar:7.0.2]
	at org.springframework.security.web.header.HeaderWriterFilter.doFilterInternal(HeaderWriterFilter.java:75) ~[spring-security-web-7.0.2.jar:7.0.2]
	at org.springframework.web.filter.OncePerRequestFilter.doFilter(OncePerRequestFilter.java:116) ~[spring-web-7.0.2.jar:7.0.2]
	at org.springframework.security.web.ObservationFilterChainDecorator$ObservationFilter.wrapFilter(ObservationFilterChainDecorator.java:244) ~[spring-security-web-7.0.2.jar:7.0.2]
	at org.springframework.security.web.ObservationFilterChainDecorator$ObservationFilter.doFilter(ObservationFilterChainDecorator.java:231) ~[spring-security-web-7.0.2.jar:7.0.2]
	at org.springframework.security.web.ObservationFilterChainDecorator$VirtualFilterChain.doFilter(ObservationFilterChainDecorator.java:141) ~[spring-security-web-7.0.2.jar:7.0.2]
	at org.springframework.security.web.context.SecurityContextHolderFilter.doFilter(SecurityContextHolderFilter.java:82) ~[spring-security-web-7.0.2.jar:7.0.2]
	at org.springframework.security.web.context.SecurityContextHolderFilter.doFilter(SecurityContextHolderFilter.java:69) ~[spring-security-web-7.0.2.jar:7.0.2]
	at org.springframework.security.web.ObservationFilterChainDecorator$ObservationFilter.wrapFilter(ObservationFilterChainDecorator.java:244) ~[spring-security-web-7.0.2.jar:7.0.2]
	at org.springframework.security.web.ObservationFilterChainDecorator$ObservationFilter.doFilter(ObservationFilterChainDecorator.java:231) ~[spring-security-web-7.0.2.jar:7.0.2]
	at org.springframework.security.web.ObservationFilterChainDecorator$VirtualFilterChain.doFilter(ObservationFilterChainDecorator.java:141) ~[spring-security-web-7.0.2.jar:7.0.2]
	at org.springframework.security.web.context.request.async.WebAsyncManagerIntegrationFilter.doFilterInternal(WebAsyncManagerIntegrationFilter.java:62) ~[spring-security-web-7.0.2.jar:7.0.2]
	at org.springframework.web.filter.OncePerRequestFilter.doFilter(OncePerRequestFilter.java:116) ~[spring-web-7.0.2.jar:7.0.2]
	at org.springframework.security.web.ObservationFilterChainDecorator$ObservationFilter.wrapFilter(ObservationFilterChainDecorator.java:244) ~[spring-security-web-7.0.2.jar:7.0.2]
	at org.springframework.security.web.ObservationFilterChainDecorator$ObservationFilter.doFilter(ObservationFilterChainDecorator.java:231) ~[spring-security-web-7.0.2.jar:7.0.2]
	at org.springframework.security.web.ObservationFilterChainDecorator$VirtualFilterChain.doFilter(ObservationFilterChainDecorator.java:141) ~[spring-security-web-7.0.2.jar:7.0.2]
	at org.springframework.security.web.session.DisableEncodeUrlFilter.doFilterInternal(DisableEncodeUrlFilter.java:42) ~[spring-security-web-7.0.2.jar:7.0.2]
	at org.springframework.web.filter.OncePerRequestFilter.doFilter(OncePerRequestFilter.java:116) ~[spring-web-7.0.2.jar:7.0.2]
	at org.springframework.security.web.ObservationFilterChainDecorator$ObservationFilter.wrapFilter(ObservationFilterChainDecorator.java:244) ~[spring-security-web-7.0.2.jar:7.0.2]
	at org.springframework.security.web.ObservationFilterChainDecorator$AroundFilterObservation$SimpleAroundFilterObservation.lambda$wrap$0(ObservationFilterChainDecorator.java:337) ~[spring-security-web-7.0.2.jar:7.0.2]
	at org.springframework.security.web.ObservationFilterChainDecorator$ObservationFilter.doFilter(ObservationFilterChainDecorator.java:228) ~[spring-security-web-7.0.2.jar:7.0.2]
	at org.springframework.security.web.ObservationFilterChainDecorator$VirtualFilterChain.doFilter(ObservationFilterChainDecorator.java:141) ~[spring-security-web-7.0.2.jar:7.0.2]
	at org.springframework.security.web.FilterChainProxy.doFilterInternal(FilterChainProxy.java:237) ~[spring-security-web-7.0.2.jar:7.0.2]
	at org.springframework.security.web.FilterChainProxy.doFilter(FilterChainProxy.java:195) ~[spring-security-web-7.0.2.jar:7.0.2]
	at org.springframework.web.filter.CompositeFilter$VirtualFilterChain.doFilter(CompositeFilter.java:113) ~[spring-web-7.0.2.jar:7.0.2]
	at org.springframework.web.filter.ServletRequestPathFilter.doFilter(ServletRequestPathFilter.java:52) ~[spring-web-7.0.2.jar:7.0.2]
	at org.springframework.web.filter.CompositeFilter$VirtualFilterChain.doFilter(CompositeFilter.java:113) ~[spring-web-7.0.2.jar:7.0.2]
	at org.springframework.web.filter.CompositeFilter.doFilter(CompositeFilter.java:74) ~[spring-web-7.0.2.jar:7.0.2]
	at org.springframework.security.config.annotation.web.configuration.WebSecurityConfiguration$CompositeFilterChainProxy.doFilter(WebSecurityConfiguration.java:317) ~[spring-security-config-7.0.2.jar:7.0.2]
	at org.springframework.web.filter.DelegatingFilterProxy.invokeDelegate(DelegatingFilterProxy.java:355) ~[spring-web-7.0.2.jar:7.0.2]
	at org.springframework.web.filter.DelegatingFilterProxy.doFilter(DelegatingFilterProxy.java:272) ~[spring-web-7.0.2.jar:7.0.2]
	at org.apache.catalina.core.ApplicationFilterChain.doFilter(ApplicationFilterChain.java:107) ~[tomcat-embed-core-11.0.15.jar:11.0.15]
	at org.springframework.web.filter.RequestContextFilter.doFilterInternal(RequestContextFilter.java:100) ~[spring-web-7.0.2.jar:7.0.2]
	at org.springframework.web.filter.OncePerRequestFilter.doFilter(OncePerRequestFilter.java:116) ~[spring-web-7.0.2.jar:7.0.2]
	at org.apache.catalina.core.ApplicationFilterChain.doFilter(ApplicationFilterChain.java:107) ~[tomcat-embed-core-11.0.15.jar:11.0.15]
	at org.springframework.web.filter.FormContentFilter.doFilterInternal(FormContentFilter.java:93) ~[spring-web-7.0.2.jar:7.0.2]
	at org.springframework.web.filter.OncePerRequestFilter.doFilter(OncePerRequestFilter.java:116) ~[spring-web-7.0.2.jar:7.0.2]
	at org.apache.catalina.core.ApplicationFilterChain.doFilter(ApplicationFilterChain.java:107) ~[tomcat-embed-core-11.0.15.jar:11.0.15]
	at org.springframework.web.filter.ServerHttpObservationFilter.doFilterInternal(ServerHttpObservationFilter.java:110) ~[spring-web-7.0.2.jar:7.0.2]
	at org.springframework.web.filter.OncePerRequestFilter.doFilter(OncePerRequestFilter.java:116) ~[spring-web-7.0.2.jar:7.0.2]
	at org.apache.catalina.core.ApplicationFilterChain.doFilter(ApplicationFilterChain.java:107) ~[tomcat-embed-core-11.0.15.jar:11.0.15]
	at org.springframework.web.filter.CharacterEncodingFilter.doFilterInternal(CharacterEncodingFilter.java:199) ~[spring-web-7.0.2.jar:7.0.2]
	at org.springframework.web.filter.OncePerRequestFilter.doFilter(OncePerRequestFilter.java:116) ~[spring-web-7.0.2.jar:7.0.2]
	at org.apache.catalina.core.ApplicationFilterChain.doFilter(ApplicationFilterChain.java:107) ~[tomcat-embed-core-11.0.15.jar:11.0.15]
	at org.apache.catalina.core.StandardWrapperValve.invoke(StandardWrapperValve.java:165) ~[tomcat-embed-core-11.0.15.jar:11.0.15]
	at org.apache.catalina.core.StandardContextValve.invoke(StandardContextValve.java:77) ~[tomcat-embed-core-11.0.15.jar:11.0.15]
	at org.apache.catalina.authenticator.AuthenticatorBase.invoke(AuthenticatorBase.java:482) ~[tomcat-embed-core-11.0.15.jar:11.0.15]
	at org.apache.catalina.core.StandardHostValve.invoke(StandardHostValve.java:113) ~[tomcat-embed-core-11.0.15.jar:11.0.15]
	at org.apache.catalina.valves.ErrorReportValve.invoke(ErrorReportValve.java:83) ~[tomcat-embed-core-11.0.15.jar:11.0.15]
	at org.apache.catalina.core.StandardEngineValve.invoke(StandardEngineValve.java:72) ~[tomcat-embed-core-11.0.15.jar:11.0.15]
	at org.apache.catalina.connector.CoyoteAdapter.service(CoyoteAdapter.java:341) ~[tomcat-embed-core-11.0.15.jar:11.0.15]
	at org.apache.coyote.http11.Http11Processor.service(Http11Processor.java:397) ~[tomcat-embed-core-11.0.15.jar:11.0.15]
	at org.apache.coyote.AbstractProcessorLight.process(AbstractProcessorLight.java:63) ~[tomcat-embed-core-11.0.15.jar:11.0.15]
	at org.apache.coyote.AbstractProtocol$ConnectionHandler.process(AbstractProtocol.java:903) ~[tomcat-embed-core-11.0.15.jar:11.0.15]
	at org.apache.tomcat.util.net.NioEndpoint$SocketProcessor.doRun(NioEndpoint.java:1778) ~[tomcat-embed-core-11.0.15.jar:11.0.15]
	at org.apache.tomcat.util.net.SocketProcessorBase.run(SocketProcessorBase.java:52) ~[tomcat-embed-core-11.0.15.jar:11.0.15]
	at org.apache.tomcat.util.threads.ThreadPoolExecutor.runWorker(ThreadPoolExecutor.java:946) ~[tomcat-embed-core-11.0.15.jar:11.0.15]
	at org.apache.tomcat.util.threads.ThreadPoolExecutor$Worker.run(ThreadPoolExecutor.java:480) ~[tomcat-embed-core-11.0.15.jar:11.0.15]
	at org.apache.tomcat.util.threads.TaskThread$WrappingRunnable.run(TaskThread.java:57) ~[tomcat-embed-core-11.0.15.jar:11.0.15]
	at java.base/java.lang.Thread.run(Thread.java:1583) ~[na:na]

2026-02-27T09:11:20.058+01:00  INFO 23160 --- [readyroad-secure] [nio-8890-exec-4] c.r.r.config.RequestLoggingFilter        : ════════════════════════════════════════
2026-02-27T09:11:20.061+01:00  INFO 23160 --- [readyroad-secure] [nio-8890-exec-4] c.r.r.config.RequestLoggingFilter        : 🌐 INCOMING REQUEST
2026-02-27T09:11:20.062+01:00  INFO 23160 --- [readyroad-secure] [nio-8890-exec-4] c.r.r.config.RequestLoggingFilter        : ════════════════════════════════════════
2026-02-27T09:11:20.062+01:00  INFO 23160 --- [readyroad-secure] [nio-8890-exec-4] c.r.r.config.RequestLoggingFilter        : Method: GET
2026-02-27T09:11:20.063+01:00  INFO 23160 --- [readyroad-secure] [nio-8890-exec-4] c.r.r.config.RequestLoggingFilter        : URI: /api/quiz/stats
2026-02-27T09:11:20.064+01:00  INFO 23160 --- [readyroad-secure] [nio-8890-exec-4] c.r.r.config.RequestLoggingFilter        : Remote Address: 0:0:0:0:0:0:0:1
2026-02-27T09:11:20.064+01:00  INFO 23160 --- [readyroad-secure] [nio-8890-exec-4] c.r.r.config.RequestLoggingFilter        : ----------------------------------------
2026-02-27T09:11:20.065+01:00  INFO 23160 --- [readyroad-secure] [nio-8890-exec-4] c.r.r.config.RequestLoggingFilter        : 📋 Request Headers:
2026-02-27T09:11:20.067+01:00  INFO 23160 --- [readyroad-secure] [nio-8890-exec-4] c.r.r.config.RequestLoggingFilter        :   host: localhost:8890
2026-02-27T09:11:20.070+01:00  INFO 23160 --- [readyroad-secure] [nio-8890-exec-4] c.r.r.config.RequestLoggingFilter        :   connection: keep-alive
2026-02-27T09:11:20.071+01:00  INFO 23160 --- [readyroad-secure] [nio-8890-exec-4] c.r.r.config.RequestLoggingFilter        :   Accept: application/json
2026-02-27T09:11:20.072+01:00  INFO 23160 --- [readyroad-secure] [nio-8890-exec-4] c.r.r.config.RequestLoggingFilter        :   Authorization: Bearer [TOKEN_HIDDEN]
2026-02-27T09:11:20.077+01:00  INFO 23160 --- [readyroad-secure] [nio-8890-exec-4] c.r.r.config.RequestLoggingFilter        :   accept-language: *
2026-02-27T09:11:20.078+01:00  INFO 23160 --- [readyroad-secure] [nio-8890-exec-4] c.r.r.config.RequestLoggingFilter        :   sec-fetch-mode: cors
2026-02-27T09:11:20.079+01:00 ERROR 23160 --- [readyroad-secure] [nio-8890-exec-5] c.r.r.config.JwtAuthenticationFilter     : ❌ Cannot set user authentication: JWT expired 22509079 milliseconds ago at 2026-02-27T01:56:11.000Z. Current time: 2026-02-27T08:11:20.079Z. Allowed clock skew: 0 milliseconds.
2026-02-27T09:11:20.079+01:00  INFO 23160 --- [readyroad-secure] [nio-8890-exec-4] c.r.r.config.RequestLoggingFilter        :   user-agent: node
2026-02-27T09:11:20.083+01:00  INFO 23160 --- [readyroad-secure] [nio-8890-exec-4] c.r.r.config.RequestLoggingFilter        :   pragma: no-cache
2026-02-27T09:11:20.084+01:00  INFO 23160 --- [readyroad-secure] [nio-8890-exec-4] c.r.r.config.RequestLoggingFilter        :   cache-control: no-cache
2026-02-27T09:11:20.085+01:00  INFO 23160 --- [readyroad-secure] [nio-8890-exec-4] c.r.r.config.RequestLoggingFilter        :   accept-encoding: gzip, deflate
2026-02-27T09:11:20.086+01:00  INFO 23160 --- [readyroad-secure] [nio-8890-exec-4] c.r.r.config.RequestLoggingFilter        : ════════════════════════════════════════
2026-02-27T09:11:20.090+01:00 DEBUG 23160 --- [readyroad-secure] [nio-8890-exec-4] org.hibernate.SQL                        : select count(qq1_0.id) from quiz_questions qq1_0 where qq1_0.is_active=true and qq1_0.status=?
2026-02-27T09:11:20.081+01:00 ERROR 23160 --- [readyroad-secure] [nio-8890-exec-5] c.r.r.config.JwtAuthenticationFilter     : Exception details:

io.jsonwebtoken.ExpiredJwtException: JWT expired 22509079 milliseconds ago at 2026-02-27T01:56:11.000Z. Current time: 2026-02-27T08:11:20.079Z. Allowed clock skew: 0 milliseconds.
	at io.jsonwebtoken.impl.DefaultJwtParser.parse(DefaultJwtParser.java:682) ~[jjwt-impl-0.12.5.jar:0.12.5]
	at io.jsonwebtoken.impl.DefaultJwtParser.parse(DefaultJwtParser.java:362) ~[jjwt-impl-0.12.5.jar:0.12.5]
	at io.jsonwebtoken.impl.DefaultJwtParser.parse(DefaultJwtParser.java:94) ~[jjwt-impl-0.12.5.jar:0.12.5]
	at io.jsonwebtoken.impl.io.AbstractParser.parse(AbstractParser.java:36) ~[jjwt-impl-0.12.5.jar:0.12.5]
	at io.jsonwebtoken.impl.io.AbstractParser.parse(AbstractParser.java:29) ~[jjwt-impl-0.12.5.jar:0.12.5]
	at io.jsonwebtoken.impl.DefaultJwtParser.parseSignedClaims(DefaultJwtParser.java:821) ~[jjwt-impl-0.12.5.jar:0.12.5]
	at com.readyroad.readyroadbackend.service.JwtService.extractAllClaims(JwtService.java:118) ~[classes/:na]
	at com.readyroad.readyroadbackend.service.JwtService.extractClaim(JwtService.java:103) ~[classes/:na]
	at com.readyroad.readyroadbackend.service.JwtService.extractUsername(JwtService.java:81) ~[classes/:na]
	at com.readyroad.readyroadbackend.config.JwtAuthenticationFilter.doFilterInternal(JwtAuthenticationFilter.java:113) ~[classes/:na]
	at org.springframework.web.filter.OncePerRequestFilter.doFilter(OncePerRequestFilter.java:116) ~[spring-web-7.0.2.jar:7.0.2]
	at org.springframework.security.web.ObservationFilterChainDecorator$ObservationFilter.wrapFilter(ObservationFilterChainDecorator.java:244) ~[spring-security-web-7.0.2.jar:7.0.2]
	at org.springframework.security.web.ObservationFilterChainDecorator$ObservationFilter.doFilter(ObservationFilterChainDecorator.java:231) ~[spring-security-web-7.0.2.jar:7.0.2]
	at org.springframework.security.web.ObservationFilterChainDecorator$VirtualFilterChain.doFilter(ObservationFilterChainDecorator.java:141) ~[spring-security-web-7.0.2.jar:7.0.2]
	at org.springframework.security.web.authentication.logout.LogoutFilter.doFilter(LogoutFilter.java:110) ~[spring-security-web-7.0.2.jar:7.0.2]
	at org.springframework.security.web.authentication.logout.LogoutFilter.doFilter(LogoutFilter.java:96) ~[spring-security-web-7.0.2.jar:7.0.2]
	at org.springframework.security.web.ObservationFilterChainDecorator$ObservationFilter.wrapFilter(ObservationFilterChainDecorator.java:244) ~[spring-security-web-7.0.2.jar:7.0.2]
	at org.springframework.security.web.ObservationFilterChainDecorator$ObservationFilter.doFilter(ObservationFilterChainDecorator.java:231) ~[spring-security-web-7.0.2.jar:7.0.2]
	at org.springframework.security.web.ObservationFilterChainDecorator$VirtualFilterChain.doFilter(ObservationFilterChainDecorator.java:141) ~[spring-security-web-7.0.2.jar:7.0.2]
	at org.springframework.web.filter.CorsFilter.doFilterInternal(CorsFilter.java:91) ~[spring-web-7.0.2.jar:7.0.2]
	at org.springframework.web.filter.OncePerRequestFilter.doFilter(OncePerRequestFilter.java:116) ~[spring-web-7.0.2.jar:7.0.2]
	at org.springframework.security.web.ObservationFilterChainDecorator$ObservationFilter.wrapFilter(ObservationFilterChainDecorator.java:244) ~[spring-security-web-7.0.2.jar:7.0.2]
	at org.springframework.security.web.ObservationFilterChainDecorator$ObservationFilter.doFilter(ObservationFilterChainDecorator.java:231) ~[spring-security-web-7.0.2.jar:7.0.2]
	at org.springframework.security.web.ObservationFilterChainDecorator$VirtualFilterChain.doFilter(ObservationFilterChainDecorator.java:141) ~[spring-security-web-7.0.2.jar:7.0.2]
	at org.springframework.security.web.header.HeaderWriterFilter.doHeadersAfter(HeaderWriterFilter.java:90) ~[spring-security-web-7.0.2.jar:7.0.2]
	at org.springframework.security.web.header.HeaderWriterFilter.doFilterInternal(HeaderWriterFilter.java:75) ~[spring-security-web-7.0.2.jar:7.0.2]
	at org.springframework.web.filter.OncePerRequestFilter.doFilter(OncePerRequestFilter.java:116) ~[spring-web-7.0.2.jar:7.0.2]
	at org.springframework.security.web.ObservationFilterChainDecorator$ObservationFilter.wrapFilter(ObservationFilterChainDecorator.java:244) ~[spring-security-web-7.0.2.jar:7.0.2]
	at org.springframework.security.web.ObservationFilterChainDecorator$ObservationFilter.doFilter(ObservationFilterChainDecorator.java:231) ~[spring-security-web-7.0.2.jar:7.0.2]
	at org.springframework.security.web.ObservationFilterChainDecorator$VirtualFilterChain.doFilter(ObservationFilterChainDecorator.java:141) ~[spring-security-web-7.0.2.jar:7.0.2]
	at org.springframework.security.web.context.SecurityContextHolderFilter.doFilter(SecurityContextHolderFilter.java:82) ~[spring-security-web-7.0.2.jar:7.0.2]
	at org.springframework.security.web.context.SecurityContextHolderFilter.doFilter(SecurityContextHolderFilter.java:69) ~[spring-security-web-7.0.2.jar:7.0.2]
	at org.springframework.security.web.ObservationFilterChainDecorator$ObservationFilter.wrapFilter(ObservationFilterChainDecorator.java:244) ~[spring-security-web-7.0.2.jar:7.0.2]
	at org.springframework.security.web.ObservationFilterChainDecorator$ObservationFilter.doFilter(ObservationFilterChainDecorator.java:231) ~[spring-security-web-7.0.2.jar:7.0.2]
	at org.springframework.security.web.ObservationFilterChainDecorator$VirtualFilterChain.doFilter(ObservationFilterChainDecorator.java:141) ~[spring-security-web-7.0.2.jar:7.0.2]
	at org.springframework.security.web.context.request.async.WebAsyncManagerIntegrationFilter.doFilterInternal(WebAsyncManagerIntegrationFilter.java:62) ~[spring-security-web-7.0.2.jar:7.0.2]
	at org.springframework.web.filter.OncePerRequestFilter.doFilter(OncePerRequestFilter.java:116) ~[spring-web-7.0.2.jar:7.0.2]
	at org.springframework.security.web.ObservationFilterChainDecorator$ObservationFilter.wrapFilter(ObservationFilterChainDecorator.java:244) ~[spring-security-web-7.0.2.jar:7.0.2]
	at org.springframework.security.web.ObservationFilterChainDecorator$ObservationFilter.doFilter(ObservationFilterChainDecorator.java:231) ~[spring-security-web-7.0.2.jar:7.0.2]
	at org.springframework.security.web.ObservationFilterChainDecorator$VirtualFilterChain.doFilter(ObservationFilterChainDecorator.java:141) ~[spring-security-web-7.0.2.jar:7.0.2]
	at org.springframework.security.web.session.DisableEncodeUrlFilter.doFilterInternal(DisableEncodeUrlFilter.java:42) ~[spring-security-web-7.0.2.jar:7.0.2]
	at org.springframework.web.filter.OncePerRequestFilter.doFilter(OncePerRequestFilter.java:116) ~[spring-web-7.0.2.jar:7.0.2]
	at org.springframework.security.web.ObservationFilterChainDecorator$ObservationFilter.wrapFilter(ObservationFilterChainDecorator.java:244) ~[spring-security-web-7.0.2.jar:7.0.2]
	at org.springframework.security.web.ObservationFilterChainDecorator$AroundFilterObservation$SimpleAroundFilterObservation.lambda$wrap$0(ObservationFilterChainDecorator.java:337) ~[spring-security-web-7.0.2.jar:7.0.2]
	at org.springframework.security.web.ObservationFilterChainDecorator$ObservationFilter.doFilter(ObservationFilterChainDecorator.java:228) ~[spring-security-web-7.0.2.jar:7.0.2]
	at org.springframework.security.web.ObservationFilterChainDecorator$VirtualFilterChain.doFilter(ObservationFilterChainDecorator.java:141) ~[spring-security-web-7.0.2.jar:7.0.2]
	at org.springframework.security.web.FilterChainProxy.doFilterInternal(FilterChainProxy.java:237) ~[spring-security-web-7.0.2.jar:7.0.2]
	at org.springframework.security.web.FilterChainProxy.doFilter(FilterChainProxy.java:195) ~[spring-security-web-7.0.2.jar:7.0.2]
	at org.springframework.web.filter.CompositeFilter$VirtualFilterChain.doFilter(CompositeFilter.java:113) ~[spring-web-7.0.2.jar:7.0.2]
	at org.springframework.web.filter.ServletRequestPathFilter.doFilter(ServletRequestPathFilter.java:52) ~[spring-web-7.0.2.jar:7.0.2]
	at org.springframework.web.filter.CompositeFilter$VirtualFilterChain.doFilter(CompositeFilter.java:113) ~[spring-web-7.0.2.jar:7.0.2]
	at org.springframework.web.filter.CompositeFilter.doFilter(CompositeFilter.java:74) ~[spring-web-7.0.2.jar:7.0.2]
	at org.springframework.security.config.annotation.web.configuration.WebSecurityConfiguration$CompositeFilterChainProxy.doFilter(WebSecurityConfiguration.java:317) ~[spring-security-config-7.0.2.jar:7.0.2]
	at org.springframework.web.filter.DelegatingFilterProxy.invokeDelegate(DelegatingFilterProxy.java:355) ~[spring-web-7.0.2.jar:7.0.2]
	at org.springframework.web.filter.DelegatingFilterProxy.doFilter(DelegatingFilterProxy.java:272) ~[spring-web-7.0.2.jar:7.0.2]
	at org.apache.catalina.core.ApplicationFilterChain.doFilter(ApplicationFilterChain.java:107) ~[tomcat-embed-core-11.0.15.jar:11.0.15]
	at org.springframework.web.filter.RequestContextFilter.doFilterInternal(RequestContextFilter.java:100) ~[spring-web-7.0.2.jar:7.0.2]
	at org.springframework.web.filter.OncePerRequestFilter.doFilter(OncePerRequestFilter.java:116) ~[spring-web-7.0.2.jar:7.0.2]
	at org.apache.catalina.core.ApplicationFilterChain.doFilter(ApplicationFilterChain.java:107) ~[tomcat-embed-core-11.0.15.jar:11.0.15]
	at org.springframework.web.filter.FormContentFilter.doFilterInternal(FormContentFilter.java:93) ~[spring-web-7.0.2.jar:7.0.2]
	at org.springframework.web.filter.OncePerRequestFilter.doFilter(OncePerRequestFilter.java:116) ~[spring-web-7.0.2.jar:7.0.2]
	at org.apache.catalina.core.ApplicationFilterChain.doFilter(ApplicationFilterChain.java:107) ~[tomcat-embed-core-11.0.15.jar:11.0.15]
	at org.springframework.web.filter.ServerHttpObservationFilter.doFilterInternal(ServerHttpObservationFilter.java:110) ~[spring-web-7.0.2.jar:7.0.2]
	at org.springframework.web.filter.OncePerRequestFilter.doFilter(OncePerRequestFilter.java:116) ~[spring-web-7.0.2.jar:7.0.2]
	at org.apache.catalina.core.ApplicationFilterChain.doFilter(ApplicationFilterChain.java:107) ~[tomcat-embed-core-11.0.15.jar:11.0.15]
	at org.springframework.web.filter.CharacterEncodingFilter.doFilterInternal(CharacterEncodingFilter.java:199) ~[spring-web-7.0.2.jar:7.0.2]
	at org.springframework.web.filter.OncePerRequestFilter.doFilter(OncePerRequestFilter.java:116) ~[spring-web-7.0.2.jar:7.0.2]
	at org.apache.catalina.core.ApplicationFilterChain.doFilter(ApplicationFilterChain.java:107) ~[tomcat-embed-core-11.0.15.jar:11.0.15]
	at org.apache.catalina.core.StandardWrapperValve.invoke(StandardWrapperValve.java:165) ~[tomcat-embed-core-11.0.15.jar:11.0.15]
	at org.apache.catalina.core.StandardContextValve.invoke(StandardContextValve.java:77) ~[tomcat-embed-core-11.0.15.jar:11.0.15]
	at org.apache.catalina.authenticator.AuthenticatorBase.invoke(AuthenticatorBase.java:482) ~[tomcat-embed-core-11.0.15.jar:11.0.15]
	at org.apache.catalina.core.StandardHostValve.invoke(StandardHostValve.java:113) ~[tomcat-embed-core-11.0.15.jar:11.0.15]
	at org.apache.catalina.valves.ErrorReportValve.invoke(ErrorReportValve.java:83) ~[tomcat-embed-core-11.0.15.jar:11.0.15]
	at org.apache.catalina.core.StandardEngineValve.invoke(StandardEngineValve.java:72) ~[tomcat-embed-core-11.0.15.jar:11.0.15]
	at org.apache.catalina.connector.CoyoteAdapter.service(CoyoteAdapter.java:341) ~[tomcat-embed-core-11.0.15.jar:11.0.15]
	at org.apache.coyote.http11.Http11Processor.service(Http11Processor.java:397) ~[tomcat-embed-core-11.0.15.jar:11.0.15]
	at org.apache.coyote.AbstractProcessorLight.process(AbstractProcessorLight.java:63) ~[tomcat-embed-core-11.0.15.jar:11.0.15]
	at org.apache.coyote.AbstractProtocol$ConnectionHandler.process(AbstractProtocol.java:903) ~[tomcat-embed-core-11.0.15.jar:11.0.15]
	at org.apache.tomcat.util.net.NioEndpoint$SocketProcessor.doRun(NioEndpoint.java:1778) ~[tomcat-embed-core-11.0.15.jar:11.0.15]
	at org.apache.tomcat.util.net.SocketProcessorBase.run(SocketProcessorBase.java:52) ~[tomcat-embed-core-11.0.15.jar:11.0.15]
	at org.apache.tomcat.util.threads.ThreadPoolExecutor.runWorker(ThreadPoolExecutor.java:946) ~[tomcat-embed-core-11.0.15.jar:11.0.15]
	at org.apache.tomcat.util.threads.ThreadPoolExecutor$Worker.run(ThreadPoolExecutor.java:480) ~[tomcat-embed-core-11.0.15.jar:11.0.15]
	at org.apache.tomcat.util.threads.TaskThread$WrappingRunnable.run(TaskThread.java:57) ~[tomcat-embed-core-11.0.15.jar:11.0.15]
	at java.base/java.lang.Thread.run(Thread.java:1583) ~[na:na]

2026-02-27T09:11:20.097+01:00 DEBUG 23160 --- [readyroad-secure] [nio-8890-exec-4] org.hibernate.SQL                        : select c1_0.id,c1_0.code,c1_0.created_at,c1_0.description_ar,c1_0.description_en,c1_0.description_fr,c1_0.description_nl,c1_0.display_order,c1_0.is_active,c1_0.name_ar,c1_0.name_en,c1_0.name_fr,c1_0.name_nl,c1_0.updated_at from categories c1_0 where c1_0.is_active=true order by c1_0.display_order
2026-02-27T09:11:20.097+01:00  INFO 23160 --- [readyroad-secure] [nio-8890-exec-5] c.r.r.config.RequestLoggingFilter        : ════════════════════════════════════════
2026-02-27T09:11:20.112+01:00  INFO 23160 --- [readyroad-secure] [nio-8890-exec-5] c.r.r.config.RequestLoggingFilter        : 🌐 INCOMING REQUEST
2026-02-27T09:11:20.114+01:00  INFO 23160 --- [readyroad-secure] [nio-8890-exec-5] c.r.r.config.RequestLoggingFilter        : ════════════════════════════════════════
2026-02-27T09:11:20.115+01:00  INFO 23160 --- [readyroad-secure] [nio-8890-exec-5] c.r.r.config.RequestLoggingFilter        : Method: GET
2026-02-27T09:11:20.115+01:00  INFO 23160 --- [readyroad-secure] [nio-8890-exec-5] c.r.r.config.RequestLoggingFilter        : URI: /api/categories
2026-02-27T09:11:20.116+01:00  INFO 23160 --- [readyroad-secure] [nio-8890-exec-5] c.r.r.config.RequestLoggingFilter        : Remote Address: 127.0.0.1
2026-02-27T09:11:20.116+01:00  INFO 23160 --- [readyroad-secure] [nio-8890-exec-5] c.r.r.config.RequestLoggingFilter        : ----------------------------------------
2026-02-27T09:11:20.116+01:00  INFO 23160 --- [readyroad-secure] [nio-8890-exec-5] c.r.r.config.RequestLoggingFilter        : 📋 Request Headers:
2026-02-27T09:11:20.117+01:00  INFO 23160 --- [readyroad-secure] [nio-8890-exec-5] c.r.r.config.RequestLoggingFilter        :   host: localhost:8890
2026-02-27T09:11:20.118+01:00  INFO 23160 --- [readyroad-secure] [nio-8890-exec-5] c.r.r.config.RequestLoggingFilter        :   connection: keep-alive
2026-02-27T09:11:20.119+01:00  INFO 23160 --- [readyroad-secure] [nio-8890-exec-5] c.r.r.config.RequestLoggingFilter        :   Accept: application/json
2026-02-27T09:11:20.120+01:00  INFO 23160 --- [readyroad-secure] [nio-8890-exec-5] c.r.r.config.RequestLoggingFilter        :   Authorization: Bearer [TOKEN_HIDDEN]
2026-02-27T09:11:20.120+01:00  INFO 23160 --- [readyroad-secure] [nio-8890-exec-5] c.r.r.config.RequestLoggingFilter        :   accept-language: *
2026-02-27T09:11:20.121+01:00  INFO 23160 --- [readyroad-secure] [nio-8890-exec-5] c.r.r.config.RequestLoggingFilter        :   sec-fetch-mode: cors
2026-02-27T09:11:20.123+01:00  INFO 23160 --- [readyroad-secure] [nio-8890-exec-5] c.r.r.config.RequestLoggingFilter        :   user-agent: node
2026-02-27T09:11:20.124+01:00  INFO 23160 --- [readyroad-secure] [nio-8890-exec-5] c.r.r.config.RequestLoggingFilter        :   pragma: no-cache
2026-02-27T09:11:20.125+01:00  INFO 23160 --- [readyroad-secure] [nio-8890-exec-5] c.r.r.config.RequestLoggingFilter        :   cache-control: no-cache
2026-02-27T09:11:20.127+01:00  INFO 23160 --- [readyroad-secure] [nio-8890-exec-5] c.r.r.config.RequestLoggingFilter        :   accept-encoding: gzip, deflate
2026-02-27T09:11:20.129+01:00  INFO 23160 --- [readyroad-secure] [nio-8890-exec-5] c.r.r.config.RequestLoggingFilter        : ════════════════════════════════════════
2026-02-27T09:11:20.134+01:00 DEBUG 23160 --- [readyroad-secure] [nio-8890-exec-5] org.hibernate.SQL                        : select c1_0.id,c1_0.code,c1_0.created_at,c1_0.description_ar,c1_0.description_en,c1_0.description_fr,c1_0.description_nl,c1_0.display_order,c1_0.is_active,c1_0.name_ar,c1_0.name_en,c1_0.name_fr,c1_0.name_nl,c1_0.updated_at from categories c1_0 where c1_0.is_active=true order by c1_0.display_order
2026-02-27T09:11:20.195+01:00 ERROR 23160 --- [readyroad-secure] [nio-8890-exec-8] c.r.r.config.JwtAuthenticationFilter     : ❌ Cannot set user authentication: JWT expired 22509194 milliseconds ago at 2026-02-27T01:56:11.000Z. Current time: 2026-02-27T08:11:20.194Z. Allowed clock skew: 0 milliseconds.
2026-02-27T09:11:20.196+01:00 ERROR 23160 --- [readyroad-secure] [nio-8890-exec-8] c.r.r.config.JwtAuthenticationFilter     : Exception details:

io.jsonwebtoken.ExpiredJwtException: JWT expired 22509194 milliseconds ago at 2026-02-27T01:56:11.000Z. Current time: 2026-02-27T08:11:20.194Z. Allowed clock skew: 0 milliseconds.
	at io.jsonwebtoken.impl.DefaultJwtParser.parse(DefaultJwtParser.java:682) ~[jjwt-impl-0.12.5.jar:0.12.5]
	at io.jsonwebtoken.impl.DefaultJwtParser.parse(DefaultJwtParser.java:362) ~[jjwt-impl-0.12.5.jar:0.12.5]
	at io.jsonwebtoken.impl.DefaultJwtParser.parse(DefaultJwtParser.java:94) ~[jjwt-impl-0.12.5.jar:0.12.5]
	at io.jsonwebtoken.impl.io.AbstractParser.parse(AbstractParser.java:36) ~[jjwt-impl-0.12.5.jar:0.12.5]
	at io.jsonwebtoken.impl.io.AbstractParser.parse(AbstractParser.java:29) ~[jjwt-impl-0.12.5.jar:0.12.5]
	at io.jsonwebtoken.impl.DefaultJwtParser.parseSignedClaims(DefaultJwtParser.java:821) ~[jjwt-impl-0.12.5.jar:0.12.5]
	at com.readyroad.readyroadbackend.service.JwtService.extractAllClaims(JwtService.java:118) ~[classes/:na]
	at com.readyroad.readyroadbackend.service.JwtService.extractClaim(JwtService.java:103) ~[classes/:na]
	at com.readyroad.readyroadbackend.service.JwtService.extractUsername(JwtService.java:81) ~[classes/:na]
	at com.readyroad.readyroadbackend.config.JwtAuthenticationFilter.doFilterInternal(JwtAuthenticationFilter.java:113) ~[classes/:na]
	at org.springframework.web.filter.OncePerRequestFilter.doFilter(OncePerRequestFilter.java:116) ~[spring-web-7.0.2.jar:7.0.2]
	at org.springframework.security.web.ObservationFilterChainDecorator$ObservationFilter.wrapFilter(ObservationFilterChainDecorator.java:244) ~[spring-security-web-7.0.2.jar:7.0.2]
	at org.springframework.security.web.ObservationFilterChainDecorator$ObservationFilter.doFilter(ObservationFilterChainDecorator.java:231) ~[spring-security-web-7.0.2.jar:7.0.2]
	at org.springframework.security.web.ObservationFilterChainDecorator$VirtualFilterChain.doFilter(ObservationFilterChainDecorator.java:141) ~[spring-security-web-7.0.2.jar:7.0.2]
	at org.springframework.security.web.authentication.logout.LogoutFilter.doFilter(LogoutFilter.java:110) ~[spring-security-web-7.0.2.jar:7.0.2]
	at org.springframework.security.web.authentication.logout.LogoutFilter.doFilter(LogoutFilter.java:96) ~[spring-security-web-7.0.2.jar:7.0.2]
	at org.springframework.security.web.ObservationFilterChainDecorator$ObservationFilter.wrapFilter(ObservationFilterChainDecorator.java:244) ~[spring-security-web-7.0.2.jar:7.0.2]
	at org.springframework.security.web.ObservationFilterChainDecorator$ObservationFilter.doFilter(ObservationFilterChainDecorator.java:231) ~[spring-security-web-7.0.2.jar:7.0.2]
	at org.springframework.security.web.ObservationFilterChainDecorator$VirtualFilterChain.doFilter(ObservationFilterChainDecorator.java:141) ~[spring-security-web-7.0.2.jar:7.0.2]
	at org.springframework.web.filter.CorsFilter.doFilterInternal(CorsFilter.java:91) ~[spring-web-7.0.2.jar:7.0.2]
	at org.springframework.web.filter.OncePerRequestFilter.doFilter(OncePerRequestFilter.java:116) ~[spring-web-7.0.2.jar:7.0.2]
	at org.springframework.security.web.ObservationFilterChainDecorator$ObservationFilter.wrapFilter(ObservationFilterChainDecorator.java:244) ~[spring-security-web-7.0.2.jar:7.0.2]
	at org.springframework.security.web.ObservationFilterChainDecorator$ObservationFilter.doFilter(ObservationFilterChainDecorator.java:231) ~[spring-security-web-7.0.2.jar:7.0.2]
	at org.springframework.security.web.ObservationFilterChainDecorator$VirtualFilterChain.doFilter(ObservationFilterChainDecorator.java:141) ~[spring-security-web-7.0.2.jar:7.0.2]
	at org.springframework.security.web.header.HeaderWriterFilter.doHeadersAfter(HeaderWriterFilter.java:90) ~[spring-security-web-7.0.2.jar:7.0.2]
	at org.springframework.security.web.header.HeaderWriterFilter.doFilterInternal(HeaderWriterFilter.java:75) ~[spring-security-web-7.0.2.jar:7.0.2]
	at org.springframework.web.filter.OncePerRequestFilter.doFilter(OncePerRequestFilter.java:116) ~[spring-web-7.0.2.jar:7.0.2]
	at org.springframework.security.web.ObservationFilterChainDecorator$ObservationFilter.wrapFilter(ObservationFilterChainDecorator.java:244) ~[spring-security-web-7.0.2.jar:7.0.2]
	at org.springframework.security.web.ObservationFilterChainDecorator$ObservationFilter.doFilter(ObservationFilterChainDecorator.java:231) ~[spring-security-web-7.0.2.jar:7.0.2]
	at org.springframework.security.web.ObservationFilterChainDecorator$VirtualFilterChain.doFilter(ObservationFilterChainDecorator.java:141) ~[spring-security-web-7.0.2.jar:7.0.2]
	at org.springframework.security.web.context.SecurityContextHolderFilter.doFilter(SecurityContextHolderFilter.java:82) ~[spring-security-web-7.0.2.jar:7.0.2]
	at org.springframework.security.web.context.SecurityContextHolderFilter.doFilter(SecurityContextHolderFilter.java:69) ~[spring-security-web-7.0.2.jar:7.0.2]
	at org.springframework.security.web.ObservationFilterChainDecorator$ObservationFilter.wrapFilter(ObservationFilterChainDecorator.java:244) ~[spring-security-web-7.0.2.jar:7.0.2]
	at org.springframework.security.web.ObservationFilterChainDecorator$ObservationFilter.doFilter(ObservationFilterChainDecorator.java:231) ~[spring-security-web-7.0.2.jar:7.0.2]
	at org.springframework.security.web.ObservationFilterChainDecorator$VirtualFilterChain.doFilter(ObservationFilterChainDecorator.java:141) ~[spring-security-web-7.0.2.jar:7.0.2]
	at org.springframework.security.web.context.request.async.WebAsyncManagerIntegrationFilter.doFilterInternal(WebAsyncManagerIntegrationFilter.java:62) ~[spring-security-web-7.0.2.jar:7.0.2]
	at org.springframework.web.filter.OncePerRequestFilter.doFilter(OncePerRequestFilter.java:116) ~[spring-web-7.0.2.jar:7.0.2]
	at org.springframework.security.web.ObservationFilterChainDecorator$ObservationFilter.wrapFilter(ObservationFilterChainDecorator.java:244) ~[spring-security-web-7.0.2.jar:7.0.2]
	at org.springframework.security.web.ObservationFilterChainDecorator$ObservationFilter.doFilter(ObservationFilterChainDecorator.java:231) ~[spring-security-web-7.0.2.jar:7.0.2]
	at org.springframework.security.web.ObservationFilterChainDecorator$VirtualFilterChain.doFilter(ObservationFilterChainDecorator.java:141) ~[spring-security-web-7.0.2.jar:7.0.2]
	at org.springframework.security.web.session.DisableEncodeUrlFilter.doFilterInternal(DisableEncodeUrlFilter.java:42) ~[spring-security-web-7.0.2.jar:7.0.2]
	at org.springframework.web.filter.OncePerRequestFilter.doFilter(OncePerRequestFilter.java:116) ~[spring-web-7.0.2.jar:7.0.2]
	at org.springframework.security.web.ObservationFilterChainDecorator$ObservationFilter.wrapFilter(ObservationFilterChainDecorator.java:244) ~[spring-security-web-7.0.2.jar:7.0.2]
	at org.springframework.security.web.ObservationFilterChainDecorator$AroundFilterObservation$SimpleAroundFilterObservation.lambda$wrap$0(ObservationFilterChainDecorator.java:337) ~[spring-security-web-7.0.2.jar:7.0.2]
	at org.springframework.security.web.ObservationFilterChainDecorator$ObservationFilter.doFilter(ObservationFilterChainDecorator.java:228) ~[spring-security-web-7.0.2.jar:7.0.2]
	at org.springframework.security.web.ObservationFilterChainDecorator$VirtualFilterChain.doFilter(ObservationFilterChainDecorator.java:141) ~[spring-security-web-7.0.2.jar:7.0.2]
	at org.springframework.security.web.FilterChainProxy.doFilterInternal(FilterChainProxy.java:237) ~[spring-security-web-7.0.2.jar:7.0.2]
	at org.springframework.security.web.FilterChainProxy.doFilter(FilterChainProxy.java:195) ~[spring-security-web-7.0.2.jar:7.0.2]
	at org.springframework.web.filter.CompositeFilter$VirtualFilterChain.doFilter(CompositeFilter.java:113) ~[spring-web-7.0.2.jar:7.0.2]
	at org.springframework.web.filter.ServletRequestPathFilter.doFilter(ServletRequestPathFilter.java:52) ~[spring-web-7.0.2.jar:7.0.2]
	at org.springframework.web.filter.CompositeFilter$VirtualFilterChain.doFilter(CompositeFilter.java:113) ~[spring-web-7.0.2.jar:7.0.2]
	at org.springframework.web.filter.CompositeFilter.doFilter(CompositeFilter.java:74) ~[spring-web-7.0.2.jar:7.0.2]
	at org.springframework.security.config.annotation.web.configuration.WebSecurityConfiguration$CompositeFilterChainProxy.doFilter(WebSecurityConfiguration.java:317) ~[spring-security-config-7.0.2.jar:7.0.2]
	at org.springframework.web.filter.DelegatingFilterProxy.invokeDelegate(DelegatingFilterProxy.java:355) ~[spring-web-7.0.2.jar:7.0.2]
	at org.springframework.web.filter.DelegatingFilterProxy.doFilter(DelegatingFilterProxy.java:272) ~[spring-web-7.0.2.jar:7.0.2]
	at org.apache.catalina.core.ApplicationFilterChain.doFilter(ApplicationFilterChain.java:107) ~[tomcat-embed-core-11.0.15.jar:11.0.15]
	at org.springframework.web.filter.RequestContextFilter.doFilterInternal(RequestContextFilter.java:100) ~[spring-web-7.0.2.jar:7.0.2]
	at org.springframework.web.filter.OncePerRequestFilter.doFilter(OncePerRequestFilter.java:116) ~[spring-web-7.0.2.jar:7.0.2]
	at org.apache.catalina.core.ApplicationFilterChain.doFilter(ApplicationFilterChain.java:107) ~[tomcat-embed-core-11.0.15.jar:11.0.15]
	at org.springframework.web.filter.FormContentFilter.doFilterInternal(FormContentFilter.java:93) ~[spring-web-7.0.2.jar:7.0.2]
	at org.springframework.web.filter.OncePerRequestFilter.doFilter(OncePerRequestFilter.java:116) ~[spring-web-7.0.2.jar:7.0.2]
	at org.apache.catalina.core.ApplicationFilterChain.doFilter(ApplicationFilterChain.java:107) ~[tomcat-embed-core-11.0.15.jar:11.0.15]
	at org.springframework.web.filter.ServerHttpObservationFilter.doFilterInternal(ServerHttpObservationFilter.java:110) ~[spring-web-7.0.2.jar:7.0.2]
	at org.springframework.web.filter.OncePerRequestFilter.doFilter(OncePerRequestFilter.java:116) ~[spring-web-7.0.2.jar:7.0.2]
	at org.apache.catalina.core.ApplicationFilterChain.doFilter(ApplicationFilterChain.java:107) ~[tomcat-embed-core-11.0.15.jar:11.0.15]
	at org.springframework.web.filter.CharacterEncodingFilter.doFilterInternal(CharacterEncodingFilter.java:199) ~[spring-web-7.0.2.jar:7.0.2]
	at org.springframework.web.filter.OncePerRequestFilter.doFilter(OncePerRequestFilter.java:116) ~[spring-web-7.0.2.jar:7.0.2]
	at org.apache.catalina.core.ApplicationFilterChain.doFilter(ApplicationFilterChain.java:107) ~[tomcat-embed-core-11.0.15.jar:11.0.15]
	at org.apache.catalina.core.StandardWrapperValve.invoke(StandardWrapperValve.java:165) ~[tomcat-embed-core-11.0.15.jar:11.0.15]
	at org.apache.catalina.core.StandardContextValve.invoke(StandardContextValve.java:77) ~[tomcat-embed-core-11.0.15.jar:11.0.15]
	at org.apache.catalina.authenticator.AuthenticatorBase.invoke(AuthenticatorBase.java:482) ~[tomcat-embed-core-11.0.15.jar:11.0.15]
	at org.apache.catalina.core.StandardHostValve.invoke(StandardHostValve.java:113) ~[tomcat-embed-core-11.0.15.jar:11.0.15]
	at org.apache.catalina.valves.ErrorReportValve.invoke(ErrorReportValve.java:83) ~[tomcat-embed-core-11.0.15.jar:11.0.15]
	at org.apache.catalina.core.StandardEngineValve.invoke(StandardEngineValve.java:72) ~[tomcat-embed-core-11.0.15.jar:11.0.15]
	at org.apache.catalina.connector.CoyoteAdapter.service(CoyoteAdapter.java:341) ~[tomcat-embed-core-11.0.15.jar:11.0.15]
	at org.apache.coyote.http11.Http11Processor.service(Http11Processor.java:397) ~[tomcat-embed-core-11.0.15.jar:11.0.15]
	at org.apache.coyote.AbstractProcessorLight.process(AbstractProcessorLight.java:63) ~[tomcat-embed-core-11.0.15.jar:11.0.15]
	at org.apache.coyote.AbstractProtocol$ConnectionHandler.process(AbstractProtocol.java:903) ~[tomcat-embed-core-11.0.15.jar:11.0.15]
	at org.apache.tomcat.util.net.NioEndpoint$SocketProcessor.doRun(NioEndpoint.java:1778) ~[tomcat-embed-core-11.0.15.jar:11.0.15]
	at org.apache.tomcat.util.net.SocketProcessorBase.run(SocketProcessorBase.java:52) ~[tomcat-embed-core-11.0.15.jar:11.0.15]
	at org.apache.tomcat.util.threads.ThreadPoolExecutor.runWorker(ThreadPoolExecutor.java:946) ~[tomcat-embed-core-11.0.15.jar:11.0.15]
	at org.apache.tomcat.util.threads.ThreadPoolExecutor$Worker.run(ThreadPoolExecutor.java:480) ~[tomcat-embed-core-11.0.15.jar:11.0.15]
	at org.apache.tomcat.util.threads.TaskThread$WrappingRunnable.run(TaskThread.java:57) ~[tomcat-embed-core-11.0.15.jar:11.0.15]
	at java.base/java.lang.Thread.run(Thread.java:1583) ~[na:na]

2026-02-27T09:11:20.201+01:00  INFO 23160 --- [readyroad-secure] [nio-8890-exec-8] c.r.r.config.RequestLoggingFilter        : ════════════════════════════════════════
2026-02-27T09:11:20.201+01:00  INFO 23160 --- [readyroad-secure] [nio-8890-exec-8] c.r.r.config.RequestLoggingFilter        : 🌐 INCOMING REQUEST
2026-02-27T09:11:20.202+01:00  INFO 23160 --- [readyroad-secure] [nio-8890-exec-8] c.r.r.config.RequestLoggingFilter        : ════════════════════════════════════════
2026-02-27T09:11:20.202+01:00  INFO 23160 --- [readyroad-secure] [nio-8890-exec-8] c.r.r.config.RequestLoggingFilter        : Method: GET
2026-02-27T09:11:20.203+01:00  INFO 23160 --- [readyroad-secure] [nio-8890-exec-8] c.r.r.config.RequestLoggingFilter        : URI: /api/quiz/stats
2026-02-27T09:11:20.204+01:00  INFO 23160 --- [readyroad-secure] [nio-8890-exec-8] c.r.r.config.RequestLoggingFilter        : Remote Address: 0:0:0:0:0:0:0:1
2026-02-27T09:11:20.204+01:00  INFO 23160 --- [readyroad-secure] [nio-8890-exec-8] c.r.r.config.RequestLoggingFilter        : ----------------------------------------
2026-02-27T09:11:20.205+01:00  INFO 23160 --- [readyroad-secure] [nio-8890-exec-8] c.r.r.config.RequestLoggingFilter        : 📋 Request Headers:
2026-02-27T09:11:20.205+01:00  INFO 23160 --- [readyroad-secure] [nio-8890-exec-8] c.r.r.config.RequestLoggingFilter        :   host: localhost:8890
2026-02-27T09:11:20.206+01:00  INFO 23160 --- [readyroad-secure] [nio-8890-exec-8] c.r.r.config.RequestLoggingFilter        :   connection: keep-alive
2026-02-27T09:11:20.207+01:00  INFO 23160 --- [readyroad-secure] [nio-8890-exec-8] c.r.r.config.RequestLoggingFilter        :   Accept: application/json
2026-02-27T09:11:20.207+01:00  INFO 23160 --- [readyroad-secure] [nio-8890-exec-8] c.r.r.config.RequestLoggingFilter        :   Authorization: Bearer [TOKEN_HIDDEN]
2026-02-27T09:11:20.208+01:00  INFO 23160 --- [readyroad-secure] [nio-8890-exec-8] c.r.r.config.RequestLoggingFilter        :   accept-language: *
2026-02-27T09:11:20.212+01:00  INFO 23160 --- [readyroad-secure] [nio-8890-exec-8] c.r.r.config.RequestLoggingFilter        :   sec-fetch-mode: cors
2026-02-27T09:11:20.213+01:00  INFO 23160 --- [readyroad-secure] [nio-8890-exec-8] c.r.r.config.RequestLoggingFilter        :   user-agent: node
2026-02-27T09:11:20.214+01:00  INFO 23160 --- [readyroad-secure] [nio-8890-exec-8] c.r.r.config.RequestLoggingFilter        :   pragma: no-cache
2026-02-27T09:11:20.214+01:00  INFO 23160 --- [readyroad-secure] [nio-8890-exec-8] c.r.r.config.RequestLoggingFilter        :   cache-control: no-cache
2026-02-27T09:11:20.215+01:00  INFO 23160 --- [readyroad-secure] [nio-8890-exec-8] c.r.r.config.RequestLoggingFilter        :   accept-encoding: gzip, deflate
2026-02-27T09:11:20.215+01:00  INFO 23160 --- [readyroad-secure] [nio-8890-exec-8] c.r.r.config.RequestLoggingFilter        : ════════════════════════════════════════
2026-02-27T09:11:20.221+01:00 DEBUG 23160 --- [readyroad-secure] [nio-8890-exec-8] org.hibernate.SQL                        : select count(qq1_0.id) from quiz_questions qq1_0 where qq1_0.is_active=true and qq1_0.status=?
2026-02-27T09:11:20.228+01:00 DEBUG 23160 --- [readyroad-secure] [nio-8890-exec-8] org.hibernate.SQL                        : select c1_0.id,c1_0.code,c1_0.created_at,c1_0.description_ar,c1_0.description_en,c1_0.description_fr,c1_0.description_nl,c1_0.display_order,c1_0.is_active,c1_0.name_ar,c1_0.name_en,c1_0.name_fr,c1_0.name_nl,c1_0.updated_at from categories c1_0 where c1_0.is_active=true order by c1_0.display_order
2026-02-27T09:11:20.707+01:00 ERROR 23160 --- [readyroad-secure] [nio-8890-exec-9] c.r.r.config.JwtAuthenticationFilter     : ❌ Cannot set user authentication: JWT expired 22509706 milliseconds ago at 2026-02-27T01:56:11.000Z. Current time: 2026-02-27T08:11:20.706Z. Allowed clock skew: 0 milliseconds.
2026-02-27T09:11:20.709+01:00 ERROR 23160 --- [readyroad-secure] [nio-8890-exec-9] c.r.r.config.JwtAuthenticationFilter     : Exception details:

io.jsonwebtoken.ExpiredJwtException: JWT expired 22509706 milliseconds ago at 2026-02-27T01:56:11.000Z. Current time: 2026-02-27T08:11:20.706Z. Allowed clock skew: 0 milliseconds.
	at io.jsonwebtoken.impl.DefaultJwtParser.parse(DefaultJwtParser.java:682) ~[jjwt-impl-0.12.5.jar:0.12.5]
	at io.jsonwebtoken.impl.DefaultJwtParser.parse(DefaultJwtParser.java:362) ~[jjwt-impl-0.12.5.jar:0.12.5]
	at io.jsonwebtoken.impl.DefaultJwtParser.parse(DefaultJwtParser.java:94) ~[jjwt-impl-0.12.5.jar:0.12.5]
	at io.jsonwebtoken.impl.io.AbstractParser.parse(AbstractParser.java:36) ~[jjwt-impl-0.12.5.jar:0.12.5]
	at io.jsonwebtoken.impl.io.AbstractParser.parse(AbstractParser.java:29) ~[jjwt-impl-0.12.5.jar:0.12.5]
	at io.jsonwebtoken.impl.DefaultJwtParser.parseSignedClaims(DefaultJwtParser.java:821) ~[jjwt-impl-0.12.5.jar:0.12.5]
	at com.readyroad.readyroadbackend.service.JwtService.extractAllClaims(JwtService.java:118) ~[classes/:na]
	at com.readyroad.readyroadbackend.service.JwtService.extractClaim(JwtService.java:103) ~[classes/:na]
	at com.readyroad.readyroadbackend.service.JwtService.extractUsername(JwtService.java:81) ~[classes/:na]
	at com.readyroad.readyroadbackend.config.JwtAuthenticationFilter.doFilterInternal(JwtAuthenticationFilter.java:113) ~[classes/:na]
	at org.springframework.web.filter.OncePerRequestFilter.doFilter(OncePerRequestFilter.java:116) ~[spring-web-7.0.2.jar:7.0.2]
	at org.springframework.security.web.ObservationFilterChainDecorator$ObservationFilter.wrapFilter(ObservationFilterChainDecorator.java:244) ~[spring-security-web-7.0.2.jar:7.0.2]
	at org.springframework.security.web.ObservationFilterChainDecorator$ObservationFilter.doFilter(ObservationFilterChainDecorator.java:231) ~[spring-security-web-7.0.2.jar:7.0.2]
	at org.springframework.security.web.ObservationFilterChainDecorator$VirtualFilterChain.doFilter(ObservationFilterChainDecorator.java:141) ~[spring-security-web-7.0.2.jar:7.0.2]
	at org.springframework.security.web.authentication.logout.LogoutFilter.doFilter(LogoutFilter.java:110) ~[spring-security-web-7.0.2.jar:7.0.2]
	at org.springframework.security.web.authentication.logout.LogoutFilter.doFilter(LogoutFilter.java:96) ~[spring-security-web-7.0.2.jar:7.0.2]
	at org.springframework.security.web.ObservationFilterChainDecorator$ObservationFilter.wrapFilter(ObservationFilterChainDecorator.java:244) ~[spring-security-web-7.0.2.jar:7.0.2]
	at org.springframework.security.web.ObservationFilterChainDecorator$ObservationFilter.doFilter(ObservationFilterChainDecorator.java:231) ~[spring-security-web-7.0.2.jar:7.0.2]
	at org.springframework.security.web.ObservationFilterChainDecorator$VirtualFilterChain.doFilter(ObservationFilterChainDecorator.java:141) ~[spring-security-web-7.0.2.jar:7.0.2]
	at org.springframework.web.filter.CorsFilter.doFilterInternal(CorsFilter.java:91) ~[spring-web-7.0.2.jar:7.0.2]
	at org.springframework.web.filter.OncePerRequestFilter.doFilter(OncePerRequestFilter.java:116) ~[spring-web-7.0.2.jar:7.0.2]
	at org.springframework.security.web.ObservationFilterChainDecorator$ObservationFilter.wrapFilter(ObservationFilterChainDecorator.java:244) ~[spring-security-web-7.0.2.jar:7.0.2]
	at org.springframework.security.web.ObservationFilterChainDecorator$ObservationFilter.doFilter(ObservationFilterChainDecorator.java:231) ~[spring-security-web-7.0.2.jar:7.0.2]
	at org.springframework.security.web.ObservationFilterChainDecorator$VirtualFilterChain.doFilter(ObservationFilterChainDecorator.java:141) ~[spring-security-web-7.0.2.jar:7.0.2]
	at org.springframework.security.web.header.HeaderWriterFilter.doHeadersAfter(HeaderWriterFilter.java:90) ~[spring-security-web-7.0.2.jar:7.0.2]
	at org.springframework.security.web.header.HeaderWriterFilter.doFilterInternal(HeaderWriterFilter.java:75) ~[spring-security-web-7.0.2.jar:7.0.2]
	at org.springframework.web.filter.OncePerRequestFilter.doFilter(OncePerRequestFilter.java:116) ~[spring-web-7.0.2.jar:7.0.2]
	at org.springframework.security.web.ObservationFilterChainDecorator$ObservationFilter.wrapFilter(ObservationFilterChainDecorator.java:244) ~[spring-security-web-7.0.2.jar:7.0.2]
	at org.springframework.security.web.ObservationFilterChainDecorator$ObservationFilter.doFilter(ObservationFilterChainDecorator.java:231) ~[spring-security-web-7.0.2.jar:7.0.2]
	at org.springframework.security.web.ObservationFilterChainDecorator$VirtualFilterChain.doFilter(ObservationFilterChainDecorator.java:141) ~[spring-security-web-7.0.2.jar:7.0.2]
	at org.springframework.security.web.context.SecurityContextHolderFilter.doFilter(SecurityContextHolderFilter.java:82) ~[spring-security-web-7.0.2.jar:7.0.2]
	at org.springframework.security.web.context.SecurityContextHolderFilter.doFilter(SecurityContextHolderFilter.java:69) ~[spring-security-web-7.0.2.jar:7.0.2]
	at org.springframework.security.web.ObservationFilterChainDecorator$ObservationFilter.wrapFilter(ObservationFilterChainDecorator.java:244) ~[spring-security-web-7.0.2.jar:7.0.2]
	at org.springframework.security.web.ObservationFilterChainDecorator$ObservationFilter.doFilter(ObservationFilterChainDecorator.java:231) ~[spring-security-web-7.0.2.jar:7.0.2]
	at org.springframework.security.web.ObservationFilterChainDecorator$VirtualFilterChain.doFilter(ObservationFilterChainDecorator.java:141) ~[spring-security-web-7.0.2.jar:7.0.2]
	at org.springframework.security.web.context.request.async.WebAsyncManagerIntegrationFilter.doFilterInternal(WebAsyncManagerIntegrationFilter.java:62) ~[spring-security-web-7.0.2.jar:7.0.2]
	at org.springframework.web.filter.OncePerRequestFilter.doFilter(OncePerRequestFilter.java:116) ~[spring-web-7.0.2.jar:7.0.2]
	at org.springframework.security.web.ObservationFilterChainDecorator$ObservationFilter.wrapFilter(ObservationFilterChainDecorator.java:244) ~[spring-security-web-7.0.2.jar:7.0.2]
	at org.springframework.security.web.ObservationFilterChainDecorator$ObservationFilter.doFilter(ObservationFilterChainDecorator.java:231) ~[spring-security-web-7.0.2.jar:7.0.2]
	at org.springframework.security.web.ObservationFilterChainDecorator$VirtualFilterChain.doFilter(ObservationFilterChainDecorator.java:141) ~[spring-security-web-7.0.2.jar:7.0.2]
	at org.springframework.security.web.session.DisableEncodeUrlFilter.doFilterInternal(DisableEncodeUrlFilter.java:42) ~[spring-security-web-7.0.2.jar:7.0.2]
	at org.springframework.web.filter.OncePerRequestFilter.doFilter(OncePerRequestFilter.java:116) ~[spring-web-7.0.2.jar:7.0.2]
	at org.springframework.security.web.ObservationFilterChainDecorator$ObservationFilter.wrapFilter(ObservationFilterChainDecorator.java:244) ~[spring-security-web-7.0.2.jar:7.0.2]
	at org.springframework.security.web.ObservationFilterChainDecorator$AroundFilterObservation$SimpleAroundFilterObservation.lambda$wrap$0(ObservationFilterChainDecorator.java:337) ~[spring-security-web-7.0.2.jar:7.0.2]
	at org.springframework.security.web.ObservationFilterChainDecorator$ObservationFilter.doFilter(ObservationFilterChainDecorator.java:228) ~[spring-security-web-7.0.2.jar:7.0.2]
	at org.springframework.security.web.ObservationFilterChainDecorator$VirtualFilterChain.doFilter(ObservationFilterChainDecorator.java:141) ~[spring-security-web-7.0.2.jar:7.0.2]
	at org.springframework.security.web.FilterChainProxy.doFilterInternal(FilterChainProxy.java:237) ~[spring-security-web-7.0.2.jar:7.0.2]
	at org.springframework.security.web.FilterChainProxy.doFilter(FilterChainProxy.java:195) ~[spring-security-web-7.0.2.jar:7.0.2]
	at org.springframework.web.filter.CompositeFilter$VirtualFilterChain.doFilter(CompositeFilter.java:113) ~[spring-web-7.0.2.jar:7.0.2]
	at org.springframework.web.filter.ServletRequestPathFilter.doFilter(ServletRequestPathFilter.java:52) ~[spring-web-7.0.2.jar:7.0.2]
	at org.springframework.web.filter.CompositeFilter$VirtualFilterChain.doFilter(CompositeFilter.java:113) ~[spring-web-7.0.2.jar:7.0.2]
	at org.springframework.web.filter.CompositeFilter.doFilter(CompositeFilter.java:74) ~[spring-web-7.0.2.jar:7.0.2]
	at org.springframework.security.config.annotation.web.configuration.WebSecurityConfiguration$CompositeFilterChainProxy.doFilter(WebSecurityConfiguration.java:317) ~[spring-security-config-7.0.2.jar:7.0.2]
	at org.springframework.web.filter.DelegatingFilterProxy.invokeDelegate(DelegatingFilterProxy.java:355) ~[spring-web-7.0.2.jar:7.0.2]
	at org.springframework.web.filter.DelegatingFilterProxy.doFilter(DelegatingFilterProxy.java:272) ~[spring-web-7.0.2.jar:7.0.2]
	at org.apache.catalina.core.ApplicationFilterChain.doFilter(ApplicationFilterChain.java:107) ~[tomcat-embed-core-11.0.15.jar:11.0.15]
	at org.springframework.web.filter.RequestContextFilter.doFilterInternal(RequestContextFilter.java:100) ~[spring-web-7.0.2.jar:7.0.2]
	at org.springframework.web.filter.OncePerRequestFilter.doFilter(OncePerRequestFilter.java:116) ~[spring-web-7.0.2.jar:7.0.2]
	at org.apache.catalina.core.ApplicationFilterChain.doFilter(ApplicationFilterChain.java:107) ~[tomcat-embed-core-11.0.15.jar:11.0.15]
	at org.springframework.web.filter.FormContentFilter.doFilterInternal(FormContentFilter.java:93) ~[spring-web-7.0.2.jar:7.0.2]
	at org.springframework.web.filter.OncePerRequestFilter.doFilter(OncePerRequestFilter.java:116) ~[spring-web-7.0.2.jar:7.0.2]
	at org.apache.catalina.core.ApplicationFilterChain.doFilter(ApplicationFilterChain.java:107) ~[tomcat-embed-core-11.0.15.jar:11.0.15]
	at org.springframework.web.filter.ServerHttpObservationFilter.doFilterInternal(ServerHttpObservationFilter.java:110) ~[spring-web-7.0.2.jar:7.0.2]
	at org.springframework.web.filter.OncePerRequestFilter.doFilter(OncePerRequestFilter.java:116) ~[spring-web-7.0.2.jar:7.0.2]
	at org.apache.catalina.core.ApplicationFilterChain.doFilter(ApplicationFilterChain.java:107) ~[tomcat-embed-core-11.0.15.jar:11.0.15]
	at org.springframework.web.filter.CharacterEncodingFilter.doFilterInternal(CharacterEncodingFilter.java:199) ~[spring-web-7.0.2.jar:7.0.2]
	at org.springframework.web.filter.OncePerRequestFilter.doFilter(OncePerRequestFilter.java:116) ~[spring-web-7.0.2.jar:7.0.2]
	at org.apache.catalina.core.ApplicationFilterChain.doFilter(ApplicationFilterChain.java:107) ~[tomcat-embed-core-11.0.15.jar:11.0.15]
	at org.apache.catalina.core.StandardWrapperValve.invoke(StandardWrapperValve.java:165) ~[tomcat-embed-core-11.0.15.jar:11.0.15]
	at org.apache.catalina.core.StandardContextValve.invoke(StandardContextValve.java:77) ~[tomcat-embed-core-11.0.15.jar:11.0.15]
	at org.apache.catalina.authenticator.AuthenticatorBase.invoke(AuthenticatorBase.java:482) ~[tomcat-embed-core-11.0.15.jar:11.0.15]
	at org.apache.catalina.core.StandardHostValve.invoke(StandardHostValve.java:113) ~[tomcat-embed-core-11.0.15.jar:11.0.15]
	at org.apache.catalina.valves.ErrorReportValve.invoke(ErrorReportValve.java:83) ~[tomcat-embed-core-11.0.15.jar:11.0.15]
	at org.apache.catalina.core.StandardEngineValve.invoke(StandardEngineValve.java:72) ~[tomcat-embed-core-11.0.15.jar:11.0.15]
	at org.apache.catalina.connector.CoyoteAdapter.service(CoyoteAdapter.java:341) ~[tomcat-embed-core-11.0.15.jar:11.0.15]
	at org.apache.coyote.http11.Http11Processor.service(Http11Processor.java:397) ~[tomcat-embed-core-11.0.15.jar:11.0.15]
	at org.apache.coyote.AbstractProcessorLight.process(AbstractProcessorLight.java:63) ~[tomcat-embed-core-11.0.15.jar:11.0.15]
	at org.apache.coyote.AbstractProtocol$ConnectionHandler.process(AbstractProtocol.java:903) ~[tomcat-embed-core-11.0.15.jar:11.0.15]
	at org.apache.tomcat.util.net.NioEndpoint$SocketProcessor.doRun(NioEndpoint.java:1778) ~[tomcat-embed-core-11.0.15.jar:11.0.15]
	at org.apache.tomcat.util.net.SocketProcessorBase.run(SocketProcessorBase.java:52) ~[tomcat-embed-core-11.0.15.jar:11.0.15]
	at org.apache.tomcat.util.threads.ThreadPoolExecutor.runWorker(ThreadPoolExecutor.java:946) ~[tomcat-embed-core-11.0.15.jar:11.0.15]
	at org.apache.tomcat.util.threads.ThreadPoolExecutor$Worker.run(ThreadPoolExecutor.java:480) ~[tomcat-embed-core-11.0.15.jar:11.0.15]
	at org.apache.tomcat.util.threads.TaskThread$WrappingRunnable.run(TaskThread.java:57) ~[tomcat-embed-core-11.0.15.jar:11.0.15]
	at java.base/java.lang.Thread.run(Thread.java:1583) ~[na:na]

2026-02-27T09:11:20.719+01:00  INFO 23160 --- [readyroad-secure] [nio-8890-exec-9] c.r.r.config.RequestLoggingFilter        : ════════════════════════════════════════
2026-02-27T09:11:20.722+01:00  INFO 23160 --- [readyroad-secure] [nio-8890-exec-9] c.r.r.config.RequestLoggingFilter        : 🌐 INCOMING REQUEST
2026-02-27T09:11:20.724+01:00  INFO 23160 --- [readyroad-secure] [nio-8890-exec-9] c.r.r.config.RequestLoggingFilter        : ════════════════════════════════════════
2026-02-27T09:11:20.725+01:00  INFO 23160 --- [readyroad-secure] [nio-8890-exec-9] c.r.r.config.RequestLoggingFilter        : Method: GET
2026-02-27T09:11:20.726+01:00  INFO 23160 --- [readyroad-secure] [nio-8890-exec-9] c.r.r.config.RequestLoggingFilter        : URI: /api/quiz/stats/category/1
2026-02-27T09:11:20.727+01:00  INFO 23160 --- [readyroad-secure] [nio-8890-exec-9] c.r.r.config.RequestLoggingFilter        : Remote Address: 0:0:0:0:0:0:0:1
2026-02-27T09:11:20.727+01:00  INFO 23160 --- [readyroad-secure] [nio-8890-exec-9] c.r.r.config.RequestLoggingFilter        : ----------------------------------------
2026-02-27T09:11:20.729+01:00  INFO 23160 --- [readyroad-secure] [nio-8890-exec-9] c.r.r.config.RequestLoggingFilter        : 📋 Request Headers:
2026-02-27T09:11:20.732+01:00  INFO 23160 --- [readyroad-secure] [nio-8890-exec-9] c.r.r.config.RequestLoggingFilter        :   host: localhost:8890
2026-02-27T09:11:20.733+01:00  INFO 23160 --- [readyroad-secure] [nio-8890-exec-9] c.r.r.config.RequestLoggingFilter        :   connection: keep-alive
2026-02-27T09:11:20.734+01:00  INFO 23160 --- [readyroad-secure] [nio-8890-exec-9] c.r.r.config.RequestLoggingFilter        :   Accept: application/json
2026-02-27T09:11:20.734+01:00  INFO 23160 --- [readyroad-secure] [nio-8890-exec-9] c.r.r.config.RequestLoggingFilter        :   Authorization: Bearer [TOKEN_HIDDEN]
2026-02-27T09:11:20.735+01:00  INFO 23160 --- [readyroad-secure] [nio-8890-exec-9] c.r.r.config.RequestLoggingFilter        :   accept-language: *
2026-02-27T09:11:20.736+01:00  INFO 23160 --- [readyroad-secure] [nio-8890-exec-9] c.r.r.config.RequestLoggingFilter        :   sec-fetch-mode: cors
2026-02-27T09:11:20.736+01:00  INFO 23160 --- [readyroad-secure] [nio-8890-exec-9] c.r.r.config.RequestLoggingFilter        :   user-agent: node
2026-02-27T09:11:20.737+01:00  INFO 23160 --- [readyroad-secure] [nio-8890-exec-9] c.r.r.config.RequestLoggingFilter        :   pragma: no-cache
2026-02-27T09:11:20.746+01:00  INFO 23160 --- [readyroad-secure] [nio-8890-exec-9] c.r.r.config.RequestLoggingFilter        :   cache-control: no-cache
2026-02-27T09:11:20.751+01:00  INFO 23160 --- [readyroad-secure] [nio-8890-exec-9] c.r.r.config.RequestLoggingFilter        :   accept-encoding: gzip, deflate
2026-02-27T09:11:20.752+01:00  INFO 23160 --- [readyroad-secure] [nio-8890-exec-9] c.r.r.config.RequestLoggingFilter        : ════════════════════════════════════════
2026-02-27T09:11:20.779+01:00 ERROR 23160 --- [readyroad-secure] [nio-8890-exec-2] c.r.r.config.JwtAuthenticationFilter     : ❌ Cannot set user authentication: JWT expired 22509779 milliseconds ago at 2026-02-27T01:56:11.000Z. Current time: 2026-02-27T08:11:20.779Z. Allowed clock skew: 0 milliseconds.
2026-02-27T09:11:20.780+01:00 ERROR 23160 --- [readyroad-secure] [nio-8890-exec-2] c.r.r.config.JwtAuthenticationFilter     : Exception details:

io.jsonwebtoken.ExpiredJwtException: JWT expired 22509779 milliseconds ago at 2026-02-27T01:56:11.000Z. Current time: 2026-02-27T08:11:20.779Z. Allowed clock skew: 0 milliseconds.
	at io.jsonwebtoken.impl.DefaultJwtParser.parse(DefaultJwtParser.java:682) ~[jjwt-impl-0.12.5.jar:0.12.5]
	at io.jsonwebtoken.impl.DefaultJwtParser.parse(DefaultJwtParser.java:362) ~[jjwt-impl-0.12.5.jar:0.12.5]
	at io.jsonwebtoken.impl.DefaultJwtParser.parse(DefaultJwtParser.java:94) ~[jjwt-impl-0.12.5.jar:0.12.5]
	at io.jsonwebtoken.impl.io.AbstractParser.parse(AbstractParser.java:36) ~[jjwt-impl-0.12.5.jar:0.12.5]
	at io.jsonwebtoken.impl.io.AbstractParser.parse(AbstractParser.java:29) ~[jjwt-impl-0.12.5.jar:0.12.5]
	at io.jsonwebtoken.impl.DefaultJwtParser.parseSignedClaims(DefaultJwtParser.java:821) ~[jjwt-impl-0.12.5.jar:0.12.5]
	at com.readyroad.readyroadbackend.service.JwtService.extractAllClaims(JwtService.java:118) ~[classes/:na]
	at com.readyroad.readyroadbackend.service.JwtService.extractClaim(JwtService.java:103) ~[classes/:na]
	at com.readyroad.readyroadbackend.service.JwtService.extractUsername(JwtService.java:81) ~[classes/:na]
	at com.readyroad.readyroadbackend.config.JwtAuthenticationFilter.doFilterInternal(JwtAuthenticationFilter.java:113) ~[classes/:na]
	at org.springframework.web.filter.OncePerRequestFilter.doFilter(OncePerRequestFilter.java:116) ~[spring-web-7.0.2.jar:7.0.2]
	at org.springframework.security.web.ObservationFilterChainDecorator$ObservationFilter.wrapFilter(ObservationFilterChainDecorator.java:244) ~[spring-security-web-7.0.2.jar:7.0.2]
	at org.springframework.security.web.ObservationFilterChainDecorator$ObservationFilter.doFilter(ObservationFilterChainDecorator.java:231) ~[spring-security-web-7.0.2.jar:7.0.2]
	at org.springframework.security.web.ObservationFilterChainDecorator$VirtualFilterChain.doFilter(ObservationFilterChainDecorator.java:141) ~[spring-security-web-7.0.2.jar:7.0.2]
	at org.springframework.security.web.authentication.logout.LogoutFilter.doFilter(LogoutFilter.java:110) ~[spring-security-web-7.0.2.jar:7.0.2]
	at org.springframework.security.web.authentication.logout.LogoutFilter.doFilter(LogoutFilter.java:96) ~[spring-security-web-7.0.2.jar:7.0.2]
	at org.springframework.security.web.ObservationFilterChainDecorator$ObservationFilter.wrapFilter(ObservationFilterChainDecorator.java:244) ~[spring-security-web-7.0.2.jar:7.0.2]
	at org.springframework.security.web.ObservationFilterChainDecorator$ObservationFilter.doFilter(ObservationFilterChainDecorator.java:231) ~[spring-security-web-7.0.2.jar:7.0.2]
	at org.springframework.security.web.ObservationFilterChainDecorator$VirtualFilterChain.doFilter(ObservationFilterChainDecorator.java:141) ~[spring-security-web-7.0.2.jar:7.0.2]
	at org.springframework.web.filter.CorsFilter.doFilterInternal(CorsFilter.java:91) ~[spring-web-7.0.2.jar:7.0.2]
	at org.springframework.web.filter.OncePerRequestFilter.doFilter(OncePerRequestFilter.java:116) ~[spring-web-7.0.2.jar:7.0.2]
	at org.springframework.security.web.ObservationFilterChainDecorator$ObservationFilter.wrapFilter(ObservationFilterChainDecorator.java:244) ~[spring-security-web-7.0.2.jar:7.0.2]
	at org.springframework.security.web.ObservationFilterChainDecorator$ObservationFilter.doFilter(ObservationFilterChainDecorator.java:231) ~[spring-security-web-7.0.2.jar:7.0.2]
	at org.springframework.security.web.ObservationFilterChainDecorator$VirtualFilterChain.doFilter(ObservationFilterChainDecorator.java:141) ~[spring-security-web-7.0.2.jar:7.0.2]
	at org.springframework.security.web.header.HeaderWriterFilter.doHeadersAfter(HeaderWriterFilter.java:90) ~[spring-security-web-7.0.2.jar:7.0.2]
	at org.springframework.security.web.header.HeaderWriterFilter.doFilterInternal(HeaderWriterFilter.java:75) ~[spring-security-web-7.0.2.jar:7.0.2]
	at org.springframework.web.filter.OncePerRequestFilter.doFilter(OncePerRequestFilter.java:116) ~[spring-web-7.0.2.jar:7.0.2]
	at org.springframework.security.web.ObservationFilterChainDecorator$ObservationFilter.wrapFilter(ObservationFilterChainDecorator.java:244) ~[spring-security-web-7.0.2.jar:7.0.2]
	at org.springframework.security.web.ObservationFilterChainDecorator$ObservationFilter.doFilter(ObservationFilterChainDecorator.java:231) ~[spring-security-web-7.0.2.jar:7.0.2]
	at org.springframework.security.web.ObservationFilterChainDecorator$VirtualFilterChain.doFilter(ObservationFilterChainDecorator.java:141) ~[spring-security-web-7.0.2.jar:7.0.2]
	at org.springframework.security.web.context.SecurityContextHolderFilter.doFilter(SecurityContextHolderFilter.java:82) ~[spring-security-web-7.0.2.jar:7.0.2]
	at org.springframework.security.web.context.SecurityContextHolderFilter.doFilter(SecurityContextHolderFilter.java:69) ~[spring-security-web-7.0.2.jar:7.0.2]
	at org.springframework.security.web.ObservationFilterChainDecorator$ObservationFilter.wrapFilter(ObservationFilterChainDecorator.java:244) ~[spring-security-web-7.0.2.jar:7.0.2]
	at org.springframework.security.web.ObservationFilterChainDecorator$ObservationFilter.doFilter(ObservationFilterChainDecorator.java:231) ~[spring-security-web-7.0.2.jar:7.0.2]
	at org.springframework.security.web.ObservationFilterChainDecorator$VirtualFilterChain.doFilter(ObservationFilterChainDecorator.java:141) ~[spring-security-web-7.0.2.jar:7.0.2]
	at org.springframework.security.web.context.request.async.WebAsyncManagerIntegrationFilter.doFilterInternal(WebAsyncManagerIntegrationFilter.java:62) ~[spring-security-web-7.0.2.jar:7.0.2]
	at org.springframework.web.filter.OncePerRequestFilter.doFilter(OncePerRequestFilter.java:116) ~[spring-web-7.0.2.jar:7.0.2]
	at org.springframework.security.web.ObservationFilterChainDecorator$ObservationFilter.wrapFilter(ObservationFilterChainDecorator.java:244) ~[spring-security-web-7.0.2.jar:7.0.2]
	at org.springframework.security.web.ObservationFilterChainDecorator$ObservationFilter.doFilter(ObservationFilterChainDecorator.java:231) ~[spring-security-web-7.0.2.jar:7.0.2]
	at org.springframework.security.web.ObservationFilterChainDecorator$VirtualFilterChain.doFilter(ObservationFilterChainDecorator.java:141) ~[spring-security-web-7.0.2.jar:7.0.2]
	at org.springframework.security.web.session.DisableEncodeUrlFilter.doFilterInternal(DisableEncodeUrlFilter.java:42) ~[spring-security-web-7.0.2.jar:7.0.2]
	at org.springframework.web.filter.OncePerRequestFilter.doFilter(OncePerRequestFilter.java:116) ~[spring-web-7.0.2.jar:7.0.2]
	at org.springframework.security.web.ObservationFilterChainDecorator$ObservationFilter.wrapFilter(ObservationFilterChainDecorator.java:244) ~[spring-security-web-7.0.2.jar:7.0.2]
	at org.springframework.security.web.ObservationFilterChainDecorator$AroundFilterObservation$SimpleAroundFilterObservation.lambda$wrap$0(ObservationFilterChainDecorator.java:337) ~[spring-security-web-7.0.2.jar:7.0.2]
	at org.springframework.security.web.ObservationFilterChainDecorator$ObservationFilter.doFilter(ObservationFilterChainDecorator.java:228) ~[spring-security-web-7.0.2.jar:7.0.2]
	at org.springframework.security.web.ObservationFilterChainDecorator$VirtualFilterChain.doFilter(ObservationFilterChainDecorator.java:141) ~[spring-security-web-7.0.2.jar:7.0.2]
	at org.springframework.security.web.FilterChainProxy.doFilterInternal(FilterChainProxy.java:237) ~[spring-security-web-7.0.2.jar:7.0.2]
	at org.springframework.security.web.FilterChainProxy.doFilter(FilterChainProxy.java:195) ~[spring-security-web-7.0.2.jar:7.0.2]
	at org.springframework.web.filter.CompositeFilter$VirtualFilterChain.doFilter(CompositeFilter.java:113) ~[spring-web-7.0.2.jar:7.0.2]
	at org.springframework.web.filter.ServletRequestPathFilter.doFilter(ServletRequestPathFilter.java:52) ~[spring-web-7.0.2.jar:7.0.2]
	at org.springframework.web.filter.CompositeFilter$VirtualFilterChain.doFilter(CompositeFilter.java:113) ~[spring-web-7.0.2.jar:7.0.2]
	at org.springframework.web.filter.CompositeFilter.doFilter(CompositeFilter.java:74) ~[spring-web-7.0.2.jar:7.0.2]
	at org.springframework.security.config.annotation.web.configuration.WebSecurityConfiguration$CompositeFilterChainProxy.doFilter(WebSecurityConfiguration.java:317) ~[spring-security-config-7.0.2.jar:7.0.2]
	at org.springframework.web.filter.DelegatingFilterProxy.invokeDelegate(DelegatingFilterProxy.java:355) ~[spring-web-7.0.2.jar:7.0.2]
	at org.springframework.web.filter.DelegatingFilterProxy.doFilter(DelegatingFilterProxy.java:272) ~[spring-web-7.0.2.jar:7.0.2]
	at org.apache.catalina.core.ApplicationFilterChain.doFilter(ApplicationFilterChain.java:107) ~[tomcat-embed-core-11.0.15.jar:11.0.15]
	at org.springframework.web.filter.RequestContextFilter.doFilterInternal(RequestContextFilter.java:100) ~[spring-web-7.0.2.jar:7.0.2]
	at org.springframework.web.filter.OncePerRequestFilter.doFilter(OncePerRequestFilter.java:116) ~[spring-web-7.0.2.jar:7.0.2]
	at org.apache.catalina.core.ApplicationFilterChain.doFilter(ApplicationFilterChain.java:107) ~[tomcat-embed-core-11.0.15.jar:11.0.15]
	at org.springframework.web.filter.FormContentFilter.doFilterInternal(FormContentFilter.java:93) ~[spring-web-7.0.2.jar:7.0.2]
	at org.springframework.web.filter.OncePerRequestFilter.doFilter(OncePerRequestFilter.java:116) ~[spring-web-7.0.2.jar:7.0.2]
	at org.apache.catalina.core.ApplicationFilterChain.doFilter(ApplicationFilterChain.java:107) ~[tomcat-embed-core-11.0.15.jar:11.0.15]
	at org.springframework.web.filter.ServerHttpObservationFilter.doFilterInternal(ServerHttpObservationFilter.java:110) ~[spring-web-7.0.2.jar:7.0.2]
	at org.springframework.web.filter.OncePerRequestFilter.doFilter(OncePerRequestFilter.java:116) ~[spring-web-7.0.2.jar:7.0.2]
	at org.apache.catalina.core.ApplicationFilterChain.doFilter(ApplicationFilterChain.java:107) ~[tomcat-embed-core-11.0.15.jar:11.0.15]
	at org.springframework.web.filter.CharacterEncodingFilter.doFilterInternal(CharacterEncodingFilter.java:199) ~[spring-web-7.0.2.jar:7.0.2]
	at org.springframework.web.filter.OncePerRequestFilter.doFilter(OncePerRequestFilter.java:116) ~[spring-web-7.0.2.jar:7.0.2]
	at org.apache.catalina.core.ApplicationFilterChain.doFilter(ApplicationFilterChain.java:107) ~[tomcat-embed-core-11.0.15.jar:11.0.15]
	at org.apache.catalina.core.StandardWrapperValve.invoke(StandardWrapperValve.java:165) ~[tomcat-embed-core-11.0.15.jar:11.0.15]
	at org.apache.catalina.core.StandardContextValve.invoke(StandardContextValve.java:77) ~[tomcat-embed-core-11.0.15.jar:11.0.15]
	at org.apache.catalina.authenticator.AuthenticatorBase.invoke(AuthenticatorBase.java:482) ~[tomcat-embed-core-11.0.15.jar:11.0.15]
	at org.apache.catalina.core.StandardHostValve.invoke(StandardHostValve.java:113) ~[tomcat-embed-core-11.0.15.jar:11.0.15]
	at org.apache.catalina.valves.ErrorReportValve.invoke(ErrorReportValve.java:83) ~[tomcat-embed-core-11.0.15.jar:11.0.15]
	at org.apache.catalina.core.StandardEngineValve.invoke(StandardEngineValve.java:72) ~[tomcat-embed-core-11.0.15.jar:11.0.15]
	at org.apache.catalina.connector.CoyoteAdapter.service(CoyoteAdapter.java:341) ~[tomcat-embed-core-11.0.15.jar:11.0.15]
	at org.apache.coyote.http11.Http11Processor.service(Http11Processor.java:397) ~[tomcat-embed-core-11.0.15.jar:11.0.15]
	at org.apache.coyote.AbstractProcessorLight.process(AbstractProcessorLight.java:63) ~[tomcat-embed-core-11.0.15.jar:11.0.15]
	at org.apache.coyote.AbstractProtocol$ConnectionHandler.process(AbstractProtocol.java:903) ~[tomcat-embed-core-11.0.15.jar:11.0.15]
	at org.apache.tomcat.util.net.NioEndpoint$SocketProcessor.doRun(NioEndpoint.java:1778) ~[tomcat-embed-core-11.0.15.jar:11.0.15]
	at org.apache.tomcat.util.net.SocketProcessorBase.run(SocketProcessorBase.java:52) ~[tomcat-embed-core-11.0.15.jar:11.0.15]
	at org.apache.tomcat.util.threads.ThreadPoolExecutor.runWorker(ThreadPoolExecutor.java:946) ~[tomcat-embed-core-11.0.15.jar:11.0.15]
	at org.apache.tomcat.util.threads.ThreadPoolExecutor$Worker.run(ThreadPoolExecutor.java:480) ~[tomcat-embed-core-11.0.15.jar:11.0.15]
	at org.apache.tomcat.util.threads.TaskThread$WrappingRunnable.run(TaskThread.java:57) ~[tomcat-embed-core-11.0.15.jar:11.0.15]
	at java.base/java.lang.Thread.run(Thread.java:1583) ~[na:na]

2026-02-27T09:11:20.786+01:00  INFO 23160 --- [readyroad-secure] [nio-8890-exec-2] c.r.r.config.RequestLoggingFilter        : ════════════════════════════════════════
2026-02-27T09:11:20.796+01:00  INFO 23160 --- [readyroad-secure] [nio-8890-exec-2] c.r.r.config.RequestLoggingFilter        : 🌐 INCOMING REQUEST
2026-02-27T09:11:20.797+01:00  INFO 23160 --- [readyroad-secure] [nio-8890-exec-2] c.r.r.config.RequestLoggingFilter        : ════════════════════════════════════════
2026-02-27T09:11:20.798+01:00  INFO 23160 --- [readyroad-secure] [nio-8890-exec-2] c.r.r.config.RequestLoggingFilter        : Method: GET
2026-02-27T09:11:20.798+01:00  INFO 23160 --- [readyroad-secure] [nio-8890-exec-2] c.r.r.config.RequestLoggingFilter        : URI: /api/quiz/stats/category/4
2026-02-27T09:11:20.799+01:00  INFO 23160 --- [readyroad-secure] [nio-8890-exec-2] c.r.r.config.RequestLoggingFilter        : Remote Address: 127.0.0.1
2026-02-27T09:11:20.800+01:00  INFO 23160 --- [readyroad-secure] [nio-8890-exec-2] c.r.r.config.RequestLoggingFilter        : ----------------------------------------
2026-02-27T09:11:20.802+01:00  INFO 23160 --- [readyroad-secure] [nio-8890-exec-2] c.r.r.config.RequestLoggingFilter        : 📋 Request Headers:
2026-02-27T09:11:20.803+01:00  INFO 23160 --- [readyroad-secure] [nio-8890-exec-2] c.r.r.config.RequestLoggingFilter        :   host: localhost:8890
2026-02-27T09:11:20.804+01:00  INFO 23160 --- [readyroad-secure] [nio-8890-exec-2] c.r.r.config.RequestLoggingFilter        :   connection: keep-alive
2026-02-27T09:11:20.806+01:00  INFO 23160 --- [readyroad-secure] [nio-8890-exec-2] c.r.r.config.RequestLoggingFilter        :   Accept: application/json
2026-02-27T09:11:20.807+01:00  INFO 23160 --- [readyroad-secure] [nio-8890-exec-2] c.r.r.config.RequestLoggingFilter        :   Authorization: Bearer [TOKEN_HIDDEN]
2026-02-27T09:11:20.808+01:00  INFO 23160 --- [readyroad-secure] [nio-8890-exec-2] c.r.r.config.RequestLoggingFilter        :   accept-language: *
2026-02-27T09:11:20.809+01:00  INFO 23160 --- [readyroad-secure] [nio-8890-exec-2] c.r.r.config.RequestLoggingFilter        :   sec-fetch-mode: cors
2026-02-27T09:11:20.809+01:00  INFO 23160 --- [readyroad-secure] [nio-8890-exec-2] c.r.r.config.RequestLoggingFilter        :   user-agent: node
2026-02-27T09:11:20.810+01:00  INFO 23160 --- [readyroad-secure] [nio-8890-exec-2] c.r.r.config.RequestLoggingFilter        :   pragma: no-cache
2026-02-27T09:11:20.810+01:00  INFO 23160 --- [readyroad-secure] [nio-8890-exec-2] c.r.r.config.RequestLoggingFilter        :   cache-control: no-cache
2026-02-27T09:11:20.811+01:00  INFO 23160 --- [readyroad-secure] [nio-8890-exec-2] c.r.r.config.RequestLoggingFilter        :   accept-encoding: gzip, deflate
2026-02-27T09:11:20.811+01:00  INFO 23160 --- [readyroad-secure] [nio-8890-exec-2] c.r.r.config.RequestLoggingFilter        : ════════════════════════════════════════
2026-02-27T09:11:20.838+01:00 DEBUG 23160 --- [readyroad-secure] [nio-8890-exec-2] org.hibernate.SQL                        : select count(qq1_0.id) from quiz_questions qq1_0 where qq1_0.category_id=? and qq1_0.is_active=true and qq1_0.status=?
2026-02-27T09:11:20.884+01:00 DEBUG 23160 --- [readyroad-secure] [nio-8890-exec-9] org.hibernate.SQL                        : select count(qq1_0.id) from quiz_questions qq1_0 where qq1_0.category_id=? and qq1_0.is_active=true and qq1_0.status=?
2026-02-27T09:11:21.262+01:00 ERROR 23160 --- [readyroad-secure] [nio-8890-exec-3] c.r.r.config.JwtAuthenticationFilter     : ❌ Cannot set user authentication: JWT expired 22510262 milliseconds ago at 2026-02-27T01:56:11.000Z. Current time: 2026-02-27T08:11:21.262Z. Allowed clock skew: 0 milliseconds.
2026-02-27T09:11:21.264+01:00 ERROR 23160 --- [readyroad-secure] [nio-8890-exec-3] c.r.r.config.JwtAuthenticationFilter     : Exception details:

io.jsonwebtoken.ExpiredJwtException: JWT expired 22510262 milliseconds ago at 2026-02-27T01:56:11.000Z. Current time: 2026-02-27T08:11:21.262Z. Allowed clock skew: 0 milliseconds.
	at io.jsonwebtoken.impl.DefaultJwtParser.parse(DefaultJwtParser.java:682) ~[jjwt-impl-0.12.5.jar:0.12.5]
	at io.jsonwebtoken.impl.DefaultJwtParser.parse(DefaultJwtParser.java:362) ~[jjwt-impl-0.12.5.jar:0.12.5]
	at io.jsonwebtoken.impl.DefaultJwtParser.parse(DefaultJwtParser.java:94) ~[jjwt-impl-0.12.5.jar:0.12.5]
	at io.jsonwebtoken.impl.io.AbstractParser.parse(AbstractParser.java:36) ~[jjwt-impl-0.12.5.jar:0.12.5]
	at io.jsonwebtoken.impl.io.AbstractParser.parse(AbstractParser.java:29) ~[jjwt-impl-0.12.5.jar:0.12.5]
	at io.jsonwebtoken.impl.DefaultJwtParser.parseSignedClaims(DefaultJwtParser.java:821) ~[jjwt-impl-0.12.5.jar:0.12.5]
	at com.readyroad.readyroadbackend.service.JwtService.extractAllClaims(JwtService.java:118) ~[classes/:na]
	at com.readyroad.readyroadbackend.service.JwtService.extractClaim(JwtService.java:103) ~[classes/:na]
	at com.readyroad.readyroadbackend.service.JwtService.extractUsername(JwtService.java:81) ~[classes/:na]
	at com.readyroad.readyroadbackend.config.JwtAuthenticationFilter.doFilterInternal(JwtAuthenticationFilter.java:113) ~[classes/:na]
	at org.springframework.web.filter.OncePerRequestFilter.doFilter(OncePerRequestFilter.java:116) ~[spring-web-7.0.2.jar:7.0.2]
	at org.springframework.security.web.ObservationFilterChainDecorator$ObservationFilter.wrapFilter(ObservationFilterChainDecorator.java:244) ~[spring-security-web-7.0.2.jar:7.0.2]
	at org.springframework.security.web.ObservationFilterChainDecorator$ObservationFilter.doFilter(ObservationFilterChainDecorator.java:231) ~[spring-security-web-7.0.2.jar:7.0.2]
	at org.springframework.security.web.ObservationFilterChainDecorator$VirtualFilterChain.doFilter(ObservationFilterChainDecorator.java:141) ~[spring-security-web-7.0.2.jar:7.0.2]
	at org.springframework.security.web.authentication.logout.LogoutFilter.doFilter(LogoutFilter.java:110) ~[spring-security-web-7.0.2.jar:7.0.2]
	at org.springframework.security.web.authentication.logout.LogoutFilter.doFilter(LogoutFilter.java:96) ~[spring-security-web-7.0.2.jar:7.0.2]
	at org.springframework.security.web.ObservationFilterChainDecorator$ObservationFilter.wrapFilter(ObservationFilterChainDecorator.java:244) ~[spring-security-web-7.0.2.jar:7.0.2]
	at org.springframework.security.web.ObservationFilterChainDecorator$ObservationFilter.doFilter(ObservationFilterChainDecorator.java:231) ~[spring-security-web-7.0.2.jar:7.0.2]
	at org.springframework.security.web.ObservationFilterChainDecorator$VirtualFilterChain.doFilter(ObservationFilterChainDecorator.java:141) ~[spring-security-web-7.0.2.jar:7.0.2]
	at org.springframework.web.filter.CorsFilter.doFilterInternal(CorsFilter.java:91) ~[spring-web-7.0.2.jar:7.0.2]
	at org.springframework.web.filter.OncePerRequestFilter.doFilter(OncePerRequestFilter.java:116) ~[spring-web-7.0.2.jar:7.0.2]
	at org.springframework.security.web.ObservationFilterChainDecorator$ObservationFilter.wrapFilter(ObservationFilterChainDecorator.java:244) ~[spring-security-web-7.0.2.jar:7.0.2]
	at org.springframework.security.web.ObservationFilterChainDecorator$ObservationFilter.doFilter(ObservationFilterChainDecorator.java:231) ~[spring-security-web-7.0.2.jar:7.0.2]
	at org.springframework.security.web.ObservationFilterChainDecorator$VirtualFilterChain.doFilter(ObservationFilterChainDecorator.java:141) ~[spring-security-web-7.0.2.jar:7.0.2]
	at org.springframework.security.web.header.HeaderWriterFilter.doHeadersAfter(HeaderWriterFilter.java:90) ~[spring-security-web-7.0.2.jar:7.0.2]
	at org.springframework.security.web.header.HeaderWriterFilter.doFilterInternal(HeaderWriterFilter.java:75) ~[spring-security-web-7.0.2.jar:7.0.2]
	at org.springframework.web.filter.OncePerRequestFilter.doFilter(OncePerRequestFilter.java:116) ~[spring-web-7.0.2.jar:7.0.2]
	at org.springframework.security.web.ObservationFilterChainDecorator$ObservationFilter.wrapFilter(ObservationFilterChainDecorator.java:244) ~[spring-security-web-7.0.2.jar:7.0.2]
	at org.springframework.security.web.ObservationFilterChainDecorator$ObservationFilter.doFilter(ObservationFilterChainDecorator.java:231) ~[spring-security-web-7.0.2.jar:7.0.2]
	at org.springframework.security.web.ObservationFilterChainDecorator$VirtualFilterChain.doFilter(ObservationFilterChainDecorator.java:141) ~[spring-security-web-7.0.2.jar:7.0.2]
	at org.springframework.security.web.context.SecurityContextHolderFilter.doFilter(SecurityContextHolderFilter.java:82) ~[spring-security-web-7.0.2.jar:7.0.2]
	at org.springframework.security.web.context.SecurityContextHolderFilter.doFilter(SecurityContextHolderFilter.java:69) ~[spring-security-web-7.0.2.jar:7.0.2]
	at org.springframework.security.web.ObservationFilterChainDecorator$ObservationFilter.wrapFilter(ObservationFilterChainDecorator.java:244) ~[spring-security-web-7.0.2.jar:7.0.2]
	at org.springframework.security.web.ObservationFilterChainDecorator$ObservationFilter.doFilter(ObservationFilterChainDecorator.java:231) ~[spring-security-web-7.0.2.jar:7.0.2]
	at org.springframework.security.web.ObservationFilterChainDecorator$VirtualFilterChain.doFilter(ObservationFilterChainDecorator.java:141) ~[spring-security-web-7.0.2.jar:7.0.2]
	at org.springframework.security.web.context.request.async.WebAsyncManagerIntegrationFilter.doFilterInternal(WebAsyncManagerIntegrationFilter.java:62) ~[spring-security-web-7.0.2.jar:7.0.2]
	at org.springframework.web.filter.OncePerRequestFilter.doFilter(OncePerRequestFilter.java:116) ~[spring-web-7.0.2.jar:7.0.2]
	at org.springframework.security.web.ObservationFilterChainDecorator$ObservationFilter.wrapFilter(ObservationFilterChainDecorator.java:244) ~[spring-security-web-7.0.2.jar:7.0.2]
	at org.springframework.security.web.ObservationFilterChainDecorator$ObservationFilter.doFilter(ObservationFilterChainDecorator.java:231) ~[spring-security-web-7.0.2.jar:7.0.2]
	at org.springframework.security.web.ObservationFilterChainDecorator$VirtualFilterChain.doFilter(ObservationFilterChainDecorator.java:141) ~[spring-security-web-7.0.2.jar:7.0.2]
	at org.springframework.security.web.session.DisableEncodeUrlFilter.doFilterInternal(DisableEncodeUrlFilter.java:42) ~[spring-security-web-7.0.2.jar:7.0.2]
	at org.springframework.web.filter.OncePerRequestFilter.doFilter(OncePerRequestFilter.java:116) ~[spring-web-7.0.2.jar:7.0.2]
	at org.springframework.security.web.ObservationFilterChainDecorator$ObservationFilter.wrapFilter(ObservationFilterChainDecorator.java:244) ~[spring-security-web-7.0.2.jar:7.0.2]
	at org.springframework.security.web.ObservationFilterChainDecorator$AroundFilterObservation$SimpleAroundFilterObservation.lambda$wrap$0(ObservationFilterChainDecorator.java:337) ~[spring-security-web-7.0.2.jar:7.0.2]
	at org.springframework.security.web.ObservationFilterChainDecorator$ObservationFilter.doFilter(ObservationFilterChainDecorator.java:228) ~[spring-security-web-7.0.2.jar:7.0.2]
	at org.springframework.security.web.ObservationFilterChainDecorator$VirtualFilterChain.doFilter(ObservationFilterChainDecorator.java:141) ~[spring-security-web-7.0.2.jar:7.0.2]
	at org.springframework.security.web.FilterChainProxy.doFilterInternal(FilterChainProxy.java:237) ~[spring-security-web-7.0.2.jar:7.0.2]
	at org.springframework.security.web.FilterChainProxy.doFilter(FilterChainProxy.java:195) ~[spring-security-web-7.0.2.jar:7.0.2]
	at org.springframework.web.filter.CompositeFilter$VirtualFilterChain.doFilter(CompositeFilter.java:113) ~[spring-web-7.0.2.jar:7.0.2]
	at org.springframework.web.filter.ServletRequestPathFilter.doFilter(ServletRequestPathFilter.java:52) ~[spring-web-7.0.2.jar:7.0.2]
	at org.springframework.web.filter.CompositeFilter$VirtualFilterChain.doFilter(CompositeFilter.java:113) ~[spring-web-7.0.2.jar:7.0.2]
	at org.springframework.web.filter.CompositeFilter.doFilter(CompositeFilter.java:74) ~[spring-web-7.0.2.jar:7.0.2]
	at org.springframework.security.config.annotation.web.configuration.WebSecurityConfiguration$CompositeFilterChainProxy.doFilter(WebSecurityConfiguration.java:317) ~[spring-security-config-7.0.2.jar:7.0.2]
	at org.springframework.web.filter.DelegatingFilterProxy.invokeDelegate(DelegatingFilterProxy.java:355) ~[spring-web-7.0.2.jar:7.0.2]
	at org.springframework.web.filter.DelegatingFilterProxy.doFilter(DelegatingFilterProxy.java:272) ~[spring-web-7.0.2.jar:7.0.2]
	at org.apache.catalina.core.ApplicationFilterChain.doFilter(ApplicationFilterChain.java:107) ~[tomcat-embed-core-11.0.15.jar:11.0.15]
	at org.springframework.web.filter.RequestContextFilter.doFilterInternal(RequestContextFilter.java:100) ~[spring-web-7.0.2.jar:7.0.2]
	at org.springframework.web.filter.OncePerRequestFilter.doFilter(OncePerRequestFilter.java:116) ~[spring-web-7.0.2.jar:7.0.2]
	at org.apache.catalina.core.ApplicationFilterChain.doFilter(ApplicationFilterChain.java:107) ~[tomcat-embed-core-11.0.15.jar:11.0.15]
	at org.springframework.web.filter.FormContentFilter.doFilterInternal(FormContentFilter.java:93) ~[spring-web-7.0.2.jar:7.0.2]
	at org.springframework.web.filter.OncePerRequestFilter.doFilter(OncePerRequestFilter.java:116) ~[spring-web-7.0.2.jar:7.0.2]
	at org.apache.catalina.core.ApplicationFilterChain.doFilter(ApplicationFilterChain.java:107) ~[tomcat-embed-core-11.0.15.jar:11.0.15]
	at org.springframework.web.filter.ServerHttpObservationFilter.doFilterInternal(ServerHttpObservationFilter.java:110) ~[spring-web-7.0.2.jar:7.0.2]
	at org.springframework.web.filter.OncePerRequestFilter.doFilter(OncePerRequestFilter.java:116) ~[spring-web-7.0.2.jar:7.0.2]
	at org.apache.catalina.core.ApplicationFilterChain.doFilter(ApplicationFilterChain.java:107) ~[tomcat-embed-core-11.0.15.jar:11.0.15]
	at org.springframework.web.filter.CharacterEncodingFilter.doFilterInternal(CharacterEncodingFilter.java:199) ~[spring-web-7.0.2.jar:7.0.2]
	at org.springframework.web.filter.OncePerRequestFilter.doFilter(OncePerRequestFilter.java:116) ~[spring-web-7.0.2.jar:7.0.2]
	at org.apache.catalina.core.ApplicationFilterChain.doFilter(ApplicationFilterChain.java:107) ~[tomcat-embed-core-11.0.15.jar:11.0.15]
	at org.apache.catalina.core.StandardWrapperValve.invoke(StandardWrapperValve.java:165) ~[tomcat-embed-core-11.0.15.jar:11.0.15]
	at org.apache.catalina.core.StandardContextValve.invoke(StandardContextValve.java:77) ~[tomcat-embed-core-11.0.15.jar:11.0.15]
	at org.apache.catalina.authenticator.AuthenticatorBase.invoke(AuthenticatorBase.java:482) ~[tomcat-embed-core-11.0.15.jar:11.0.15]
	at org.apache.catalina.core.StandardHostValve.invoke(StandardHostValve.java:113) ~[tomcat-embed-core-11.0.15.jar:11.0.15]
	at org.apache.catalina.valves.ErrorReportValve.invoke(ErrorReportValve.java:83) ~[tomcat-embed-core-11.0.15.jar:11.0.15]
	at org.apache.catalina.core.StandardEngineValve.invoke(StandardEngineValve.java:72) ~[tomcat-embed-core-11.0.15.jar:11.0.15]
	at org.apache.catalina.connector.CoyoteAdapter.service(CoyoteAdapter.java:341) ~[tomcat-embed-core-11.0.15.jar:11.0.15]
	at org.apache.coyote.http11.Http11Processor.service(Http11Processor.java:397) ~[tomcat-embed-core-11.0.15.jar:11.0.15]
	at org.apache.coyote.AbstractProcessorLight.process(AbstractProcessorLight.java:63) ~[tomcat-embed-core-11.0.15.jar:11.0.15]
	at org.apache.coyote.AbstractProtocol$ConnectionHandler.process(AbstractProtocol.java:903) ~[tomcat-embed-core-11.0.15.jar:11.0.15]
	at org.apache.tomcat.util.net.NioEndpoint$SocketProcessor.doRun(NioEndpoint.java:1778) ~[tomcat-embed-core-11.0.15.jar:11.0.15]
	at org.apache.tomcat.util.net.SocketProcessorBase.run(SocketProcessorBase.java:52) ~[tomcat-embed-core-11.0.15.jar:11.0.15]
	at org.apache.tomcat.util.threads.ThreadPoolExecutor.runWorker(ThreadPoolExecutor.java:946) ~[tomcat-embed-core-11.0.15.jar:11.0.15]
	at org.apache.tomcat.util.threads.ThreadPoolExecutor$Worker.run(ThreadPoolExecutor.java:480) ~[tomcat-embed-core-11.0.15.jar:11.0.15]
	at org.apache.tomcat.util.threads.TaskThread$WrappingRunnable.run(TaskThread.java:57) ~[tomcat-embed-core-11.0.15.jar:11.0.15]
	at java.base/java.lang.Thread.run(Thread.java:1583) ~[na:na]

2026-02-27T09:11:21.269+01:00  INFO 23160 --- [readyroad-secure] [nio-8890-exec-3] c.r.r.config.RequestLoggingFilter        : ════════════════════════════════════════
2026-02-27T09:11:21.269+01:00  INFO 23160 --- [readyroad-secure] [nio-8890-exec-3] c.r.r.config.RequestLoggingFilter        : 🌐 INCOMING REQUEST
2026-02-27T09:11:21.270+01:00  INFO 23160 --- [readyroad-secure] [nio-8890-exec-3] c.r.r.config.RequestLoggingFilter        : ════════════════════════════════════════
2026-02-27T09:11:21.270+01:00  INFO 23160 --- [readyroad-secure] [nio-8890-exec-3] c.r.r.config.RequestLoggingFilter        : Method: GET
2026-02-27T09:11:21.270+01:00  INFO 23160 --- [readyroad-secure] [nio-8890-exec-3] c.r.r.config.RequestLoggingFilter        : URI: /api/quiz/stats/category/3
2026-02-27T09:11:21.271+01:00  INFO 23160 --- [readyroad-secure] [nio-8890-exec-3] c.r.r.config.RequestLoggingFilter        : Remote Address: 0:0:0:0:0:0:0:1
2026-02-27T09:11:21.272+01:00  INFO 23160 --- [readyroad-secure] [nio-8890-exec-3] c.r.r.config.RequestLoggingFilter        : ----------------------------------------
2026-02-27T09:11:21.272+01:00  INFO 23160 --- [readyroad-secure] [nio-8890-exec-3] c.r.r.config.RequestLoggingFilter        : 📋 Request Headers:
2026-02-27T09:11:21.273+01:00  INFO 23160 --- [readyroad-secure] [nio-8890-exec-3] c.r.r.config.RequestLoggingFilter        :   host: localhost:8890
2026-02-27T09:11:21.273+01:00  INFO 23160 --- [readyroad-secure] [nio-8890-exec-3] c.r.r.config.RequestLoggingFilter        :   connection: keep-alive
2026-02-27T09:11:21.274+01:00  INFO 23160 --- [readyroad-secure] [nio-8890-exec-3] c.r.r.config.RequestLoggingFilter        :   Accept: application/json
2026-02-27T09:11:21.274+01:00  INFO 23160 --- [readyroad-secure] [nio-8890-exec-3] c.r.r.config.RequestLoggingFilter        :   Authorization: Bearer [TOKEN_HIDDEN]
2026-02-27T09:11:21.275+01:00  INFO 23160 --- [readyroad-secure] [nio-8890-exec-3] c.r.r.config.RequestLoggingFilter        :   accept-language: *
2026-02-27T09:11:21.278+01:00  INFO 23160 --- [readyroad-secure] [nio-8890-exec-3] c.r.r.config.RequestLoggingFilter        :   sec-fetch-mode: cors
2026-02-27T09:11:21.279+01:00  INFO 23160 --- [readyroad-secure] [nio-8890-exec-3] c.r.r.config.RequestLoggingFilter        :   user-agent: node
2026-02-27T09:11:21.280+01:00  INFO 23160 --- [readyroad-secure] [nio-8890-exec-3] c.r.r.config.RequestLoggingFilter        :   pragma: no-cache
2026-02-27T09:11:21.280+01:00  INFO 23160 --- [readyroad-secure] [nio-8890-exec-3] c.r.r.config.RequestLoggingFilter        :   cache-control: no-cache
2026-02-27T09:11:21.281+01:00  INFO 23160 --- [readyroad-secure] [nio-8890-exec-3] c.r.r.config.RequestLoggingFilter        :   accept-encoding: gzip, deflate
2026-02-27T09:11:21.281+01:00  INFO 23160 --- [readyroad-secure] [nio-8890-exec-3] c.r.r.config.RequestLoggingFilter        : ════════════════════════════════════════
2026-02-27T09:11:21.285+01:00 DEBUG 23160 --- [readyroad-secure] [nio-8890-exec-3] org.hibernate.SQL                        : select count(qq1_0.id) from quiz_questions qq1_0 where qq1_0.category_id=? and qq1_0.is_active=true and qq1_0.status=?
2026-02-27T09:11:21.743+01:00 ERROR 23160 --- [readyroad-secure] [nio-8890-exec-6] c.r.r.config.JwtAuthenticationFilter     : ❌ Cannot set user authentication: JWT expired 22510742 milliseconds ago at 2026-02-27T01:56:11.000Z. Current time: 2026-02-27T08:11:21.742Z. Allowed clock skew: 0 milliseconds.
2026-02-27T09:11:21.745+01:00 ERROR 23160 --- [readyroad-secure] [nio-8890-exec-7] c.r.r.config.JwtAuthenticationFilter     : ❌ Cannot set user authentication: JWT expired 22510745 milliseconds ago at 2026-02-27T01:56:11.000Z. Current time: 2026-02-27T08:11:21.745Z. Allowed clock skew: 0 milliseconds.
2026-02-27T09:11:21.745+01:00 ERROR 23160 --- [readyroad-secure] [nio-8890-exec-6] c.r.r.config.JwtAuthenticationFilter     : Exception details:

io.jsonwebtoken.ExpiredJwtException: JWT expired 22510742 milliseconds ago at 2026-02-27T01:56:11.000Z. Current time: 2026-02-27T08:11:21.742Z. Allowed clock skew: 0 milliseconds.
	at io.jsonwebtoken.impl.DefaultJwtParser.parse(DefaultJwtParser.java:682) ~[jjwt-impl-0.12.5.jar:0.12.5]
	at io.jsonwebtoken.impl.DefaultJwtParser.parse(DefaultJwtParser.java:362) ~[jjwt-impl-0.12.5.jar:0.12.5]
	at io.jsonwebtoken.impl.DefaultJwtParser.parse(DefaultJwtParser.java:94) ~[jjwt-impl-0.12.5.jar:0.12.5]
	at io.jsonwebtoken.impl.io.AbstractParser.parse(AbstractParser.java:36) ~[jjwt-impl-0.12.5.jar:0.12.5]
	at io.jsonwebtoken.impl.io.AbstractParser.parse(AbstractParser.java:29) ~[jjwt-impl-0.12.5.jar:0.12.5]
	at io.jsonwebtoken.impl.DefaultJwtParser.parseSignedClaims(DefaultJwtParser.java:821) ~[jjwt-impl-0.12.5.jar:0.12.5]
	at com.readyroad.readyroadbackend.service.JwtService.extractAllClaims(JwtService.java:118) ~[classes/:na]
	at com.readyroad.readyroadbackend.service.JwtService.extractClaim(JwtService.java:103) ~[classes/:na]
	at com.readyroad.readyroadbackend.service.JwtService.extractUsername(JwtService.java:81) ~[classes/:na]
	at com.readyroad.readyroadbackend.config.JwtAuthenticationFilter.doFilterInternal(JwtAuthenticationFilter.java:113) ~[classes/:na]
	at org.springframework.web.filter.OncePerRequestFilter.doFilter(OncePerRequestFilter.java:116) ~[spring-web-7.0.2.jar:7.0.2]
	at org.springframework.security.web.ObservationFilterChainDecorator$ObservationFilter.wrapFilter(ObservationFilterChainDecorator.java:244) ~[spring-security-web-7.0.2.jar:7.0.2]
	at org.springframework.security.web.ObservationFilterChainDecorator$ObservationFilter.doFilter(ObservationFilterChainDecorator.java:231) ~[spring-security-web-7.0.2.jar:7.0.2]
	at org.springframework.security.web.ObservationFilterChainDecorator$VirtualFilterChain.doFilter(ObservationFilterChainDecorator.java:141) ~[spring-security-web-7.0.2.jar:7.0.2]
	at org.springframework.security.web.authentication.logout.LogoutFilter.doFilter(LogoutFilter.java:110) ~[spring-security-web-7.0.2.jar:7.0.2]
	at org.springframework.security.web.authentication.logout.LogoutFilter.doFilter(LogoutFilter.java:96) ~[spring-security-web-7.0.2.jar:7.0.2]
	at org.springframework.security.web.ObservationFilterChainDecorator$ObservationFilter.wrapFilter(ObservationFilterChainDecorator.java:244) ~[spring-security-web-7.0.2.jar:7.0.2]
	at org.springframework.security.web.ObservationFilterChainDecorator$ObservationFilter.doFilter(ObservationFilterChainDecorator.java:231) ~[spring-security-web-7.0.2.jar:7.0.2]
	at org.springframework.security.web.ObservationFilterChainDecorator$VirtualFilterChain.doFilter(ObservationFilterChainDecorator.java:141) ~[spring-security-web-7.0.2.jar:7.0.2]
	at org.springframework.web.filter.CorsFilter.doFilterInternal(CorsFilter.java:91) ~[spring-web-7.0.2.jar:7.0.2]
	at org.springframework.web.filter.OncePerRequestFilter.doFilter(OncePerRequestFilter.java:116) ~[spring-web-7.0.2.jar:7.0.2]
	at org.springframework.security.web.ObservationFilterChainDecorator$ObservationFilter.wrapFilter(ObservationFilterChainDecorator.java:244) ~[spring-security-web-7.0.2.jar:7.0.2]
	at org.springframework.security.web.ObservationFilterChainDecorator$ObservationFilter.doFilter(ObservationFilterChainDecorator.java:231) ~[spring-security-web-7.0.2.jar:7.0.2]
	at org.springframework.security.web.ObservationFilterChainDecorator$VirtualFilterChain.doFilter(ObservationFilterChainDecorator.java:141) ~[spring-security-web-7.0.2.jar:7.0.2]
	at org.springframework.security.web.header.HeaderWriterFilter.doHeadersAfter(HeaderWriterFilter.java:90) ~[spring-security-web-7.0.2.jar:7.0.2]
	at org.springframework.security.web.header.HeaderWriterFilter.doFilterInternal(HeaderWriterFilter.java:75) ~[spring-security-web-7.0.2.jar:7.0.2]
	at org.springframework.web.filter.OncePerRequestFilter.doFilter(OncePerRequestFilter.java:116) ~[spring-web-7.0.2.jar:7.0.2]
	at org.springframework.security.web.ObservationFilterChainDecorator$ObservationFilter.wrapFilter(ObservationFilterChainDecorator.java:244) ~[spring-security-web-7.0.2.jar:7.0.2]
	at org.springframework.security.web.ObservationFilterChainDecorator$ObservationFilter.doFilter(ObservationFilterChainDecorator.java:231) ~[spring-security-web-7.0.2.jar:7.0.2]
	at org.springframework.security.web.ObservationFilterChainDecorator$VirtualFilterChain.doFilter(ObservationFilterChainDecorator.java:141) ~[spring-security-web-7.0.2.jar:7.0.2]
	at org.springframework.security.web.context.SecurityContextHolderFilter.doFilter(SecurityContextHolderFilter.java:82) ~[spring-security-web-7.0.2.jar:7.0.2]
	at org.springframework.security.web.context.SecurityContextHolderFilter.doFilter(SecurityContextHolderFilter.java:69) ~[spring-security-web-7.0.2.jar:7.0.2]
	at org.springframework.security.web.ObservationFilterChainDecorator$ObservationFilter.wrapFilter(ObservationFilterChainDecorator.java:244) ~[spring-security-web-7.0.2.jar:7.0.2]
	at org.springframework.security.web.ObservationFilterChainDecorator$ObservationFilter.doFilter(ObservationFilterChainDecorator.java:231) ~[spring-security-web-7.0.2.jar:7.0.2]
	at org.springframework.security.web.ObservationFilterChainDecorator$VirtualFilterChain.doFilter(ObservationFilterChainDecorator.java:141) ~[spring-security-web-7.0.2.jar:7.0.2]
	at org.springframework.security.web.context.request.async.WebAsyncManagerIntegrationFilter.doFilterInternal(WebAsyncManagerIntegrationFilter.java:62) ~[spring-security-web-7.0.2.jar:7.0.2]
	at org.springframework.web.filter.OncePerRequestFilter.doFilter(OncePerRequestFilter.java:116) ~[spring-web-7.0.2.jar:7.0.2]
	at org.springframework.security.web.ObservationFilterChainDecorator$ObservationFilter.wrapFilter(ObservationFilterChainDecorator.java:244) ~[spring-security-web-7.0.2.jar:7.0.2]
	at org.springframework.security.web.ObservationFilterChainDecorator$ObservationFilter.doFilter(ObservationFilterChainDecorator.java:231) ~[spring-security-web-7.0.2.jar:7.0.2]
	at org.springframework.security.web.ObservationFilterChainDecorator$VirtualFilterChain.doFilter(ObservationFilterChainDecorator.java:141) ~[spring-security-web-7.0.2.jar:7.0.2]
	at org.springframework.security.web.session.DisableEncodeUrlFilter.doFilterInternal(DisableEncodeUrlFilter.java:42) ~[spring-security-web-7.0.2.jar:7.0.2]
	at org.springframework.web.filter.OncePerRequestFilter.doFilter(OncePerRequestFilter.java:116) ~[spring-web-7.0.2.jar:7.0.2]
	at org.springframework.security.web.ObservationFilterChainDecorator$ObservationFilter.wrapFilter(ObservationFilterChainDecorator.java:244) ~[spring-security-web-7.0.2.jar:7.0.2]
	at org.springframework.security.web.ObservationFilterChainDecorator$AroundFilterObservation$SimpleAroundFilterObservation.lambda$wrap$0(ObservationFilterChainDecorator.java:337) ~[spring-security-web-7.0.2.jar:7.0.2]
	at org.springframework.security.web.ObservationFilterChainDecorator$ObservationFilter.doFilter(ObservationFilterChainDecorator.java:228) ~[spring-security-web-7.0.2.jar:7.0.2]
	at org.springframework.security.web.ObservationFilterChainDecorator$VirtualFilterChain.doFilter(ObservationFilterChainDecorator.java:141) ~[spring-security-web-7.0.2.jar:7.0.2]
	at org.springframework.security.web.FilterChainProxy.doFilterInternal(FilterChainProxy.java:237) ~[spring-security-web-7.0.2.jar:7.0.2]
	at org.springframework.security.web.FilterChainProxy.doFilter(FilterChainProxy.java:195) ~[spring-security-web-7.0.2.jar:7.0.2]
	at org.springframework.web.filter.CompositeFilter$VirtualFilterChain.doFilter(CompositeFilter.java:113) ~[spring-web-7.0.2.jar:7.0.2]
	at org.springframework.web.filter.ServletRequestPathFilter.doFilter(ServletRequestPathFilter.java:52) ~[spring-web-7.0.2.jar:7.0.2]
	at org.springframework.web.filter.CompositeFilter$VirtualFilterChain.doFilter(CompositeFilter.java:113) ~[spring-web-7.0.2.jar:7.0.2]
	at org.springframework.web.filter.CompositeFilter.doFilter(CompositeFilter.java:74) ~[spring-web-7.0.2.jar:7.0.2]
	at org.springframework.security.config.annotation.web.configuration.WebSecurityConfiguration$CompositeFilterChainProxy.doFilter(WebSecurityConfiguration.java:317) ~[spring-security-config-7.0.2.jar:7.0.2]
	at org.springframework.web.filter.DelegatingFilterProxy.invokeDelegate(DelegatingFilterProxy.java:355) ~[spring-web-7.0.2.jar:7.0.2]
	at org.springframework.web.filter.DelegatingFilterProxy.doFilter(DelegatingFilterProxy.java:272) ~[spring-web-7.0.2.jar:7.0.2]
	at org.apache.catalina.core.ApplicationFilterChain.doFilter(ApplicationFilterChain.java:107) ~[tomcat-embed-core-11.0.15.jar:11.0.15]
	at org.springframework.web.filter.RequestContextFilter.doFilterInternal(RequestContextFilter.java:100) ~[spring-web-7.0.2.jar:7.0.2]
	at org.springframework.web.filter.OncePerRequestFilter.doFilter(OncePerRequestFilter.java:116) ~[spring-web-7.0.2.jar:7.0.2]
	at org.apache.catalina.core.ApplicationFilterChain.doFilter(ApplicationFilterChain.java:107) ~[tomcat-embed-core-11.0.15.jar:11.0.15]
	at org.springframework.web.filter.FormContentFilter.doFilterInternal(FormContentFilter.java:93) ~[spring-web-7.0.2.jar:7.0.2]
	at org.springframework.web.filter.OncePerRequestFilter.doFilter(OncePerRequestFilter.java:116) ~[spring-web-7.0.2.jar:7.0.2]
	at org.apache.catalina.core.ApplicationFilterChain.doFilter(ApplicationFilterChain.java:107) ~[tomcat-embed-core-11.0.15.jar:11.0.15]
	at org.springframework.web.filter.ServerHttpObservationFilter.doFilterInternal(ServerHttpObservationFilter.java:110) ~[spring-web-7.0.2.jar:7.0.2]
	at org.springframework.web.filter.OncePerRequestFilter.doFilter(OncePerRequestFilter.java:116) ~[spring-web-7.0.2.jar:7.0.2]
	at org.apache.catalina.core.ApplicationFilterChain.doFilter(ApplicationFilterChain.java:107) ~[tomcat-embed-core-11.0.15.jar:11.0.15]
	at org.springframework.web.filter.CharacterEncodingFilter.doFilterInternal(CharacterEncodingFilter.java:199) ~[spring-web-7.0.2.jar:7.0.2]
	at org.springframework.web.filter.OncePerRequestFilter.doFilter(OncePerRequestFilter.java:116) ~[spring-web-7.0.2.jar:7.0.2]
	at org.apache.catalina.core.ApplicationFilterChain.doFilter(ApplicationFilterChain.java:107) ~[tomcat-embed-core-11.0.15.jar:11.0.15]
	at org.apache.catalina.core.StandardWrapperValve.invoke(StandardWrapperValve.java:165) ~[tomcat-embed-core-11.0.15.jar:11.0.15]
	at org.apache.catalina.core.StandardContextValve.invoke(StandardContextValve.java:77) ~[tomcat-embed-core-11.0.15.jar:11.0.15]
	at org.apache.catalina.authenticator.AuthenticatorBase.invoke(AuthenticatorBase.java:482) ~[tomcat-embed-core-11.0.15.jar:11.0.15]
	at org.apache.catalina.core.StandardHostValve.invoke(StandardHostValve.java:113) ~[tomcat-embed-core-11.0.15.jar:11.0.15]
	at org.apache.catalina.valves.ErrorReportValve.invoke(ErrorReportValve.java:83) ~[tomcat-embed-core-11.0.15.jar:11.0.15]
	at org.apache.catalina.core.StandardEngineValve.invoke(StandardEngineValve.java:72) ~[tomcat-embed-core-11.0.15.jar:11.0.15]
	at org.apache.catalina.connector.CoyoteAdapter.service(CoyoteAdapter.java:341) ~[tomcat-embed-core-11.0.15.jar:11.0.15]
	at org.apache.coyote.http11.Http11Processor.service(Http11Processor.java:397) ~[tomcat-embed-core-11.0.15.jar:11.0.15]
	at org.apache.coyote.AbstractProcessorLight.process(AbstractProcessorLight.java:63) ~[tomcat-embed-core-11.0.15.jar:11.0.15]
	at org.apache.coyote.AbstractProtocol$ConnectionHandler.process(AbstractProtocol.java:903) ~[tomcat-embed-core-11.0.15.jar:11.0.15]
	at org.apache.tomcat.util.net.NioEndpoint$SocketProcessor.doRun(NioEndpoint.java:1778) ~[tomcat-embed-core-11.0.15.jar:11.0.15]
	at org.apache.tomcat.util.net.SocketProcessorBase.run(SocketProcessorBase.java:52) ~[tomcat-embed-core-11.0.15.jar:11.0.15]
	at org.apache.tomcat.util.threads.ThreadPoolExecutor.runWorker(ThreadPoolExecutor.java:946) ~[tomcat-embed-core-11.0.15.jar:11.0.15]
	at org.apache.tomcat.util.threads.ThreadPoolExecutor$Worker.run(ThreadPoolExecutor.java:480) ~[tomcat-embed-core-11.0.15.jar:11.0.15]
	at org.apache.tomcat.util.threads.TaskThread$WrappingRunnable.run(TaskThread.java:57) ~[tomcat-embed-core-11.0.15.jar:11.0.15]
	at java.base/java.lang.Thread.run(Thread.java:1583) ~[na:na]

2026-02-27T09:11:21.745+01:00 ERROR 23160 --- [readyroad-secure] [nio-8890-exec-7] c.r.r.config.JwtAuthenticationFilter     : Exception details:

io.jsonwebtoken.ExpiredJwtException: JWT expired 22510745 milliseconds ago at 2026-02-27T01:56:11.000Z. Current time: 2026-02-27T08:11:21.745Z. Allowed clock skew: 0 milliseconds.
	at io.jsonwebtoken.impl.DefaultJwtParser.parse(DefaultJwtParser.java:682) ~[jjwt-impl-0.12.5.jar:0.12.5]
	at io.jsonwebtoken.impl.DefaultJwtParser.parse(DefaultJwtParser.java:362) ~[jjwt-impl-0.12.5.jar:0.12.5]
	at io.jsonwebtoken.impl.DefaultJwtParser.parse(DefaultJwtParser.java:94) ~[jjwt-impl-0.12.5.jar:0.12.5]
	at io.jsonwebtoken.impl.io.AbstractParser.parse(AbstractParser.java:36) ~[jjwt-impl-0.12.5.jar:0.12.5]
	at io.jsonwebtoken.impl.io.AbstractParser.parse(AbstractParser.java:29) ~[jjwt-impl-0.12.5.jar:0.12.5]
	at io.jsonwebtoken.impl.DefaultJwtParser.parseSignedClaims(DefaultJwtParser.java:821) ~[jjwt-impl-0.12.5.jar:0.12.5]
	at com.readyroad.readyroadbackend.service.JwtService.extractAllClaims(JwtService.java:118) ~[classes/:na]
	at com.readyroad.readyroadbackend.service.JwtService.extractClaim(JwtService.java:103) ~[classes/:na]
	at com.readyroad.readyroadbackend.service.JwtService.extractUsername(JwtService.java:81) ~[classes/:na]
	at com.readyroad.readyroadbackend.config.JwtAuthenticationFilter.doFilterInternal(JwtAuthenticationFilter.java:113) ~[classes/:na]
	at org.springframework.web.filter.OncePerRequestFilter.doFilter(OncePerRequestFilter.java:116) ~[spring-web-7.0.2.jar:7.0.2]
	at org.springframework.security.web.ObservationFilterChainDecorator$ObservationFilter.wrapFilter(ObservationFilterChainDecorator.java:244) ~[spring-security-web-7.0.2.jar:7.0.2]
	at org.springframework.security.web.ObservationFilterChainDecorator$ObservationFilter.doFilter(ObservationFilterChainDecorator.java:231) ~[spring-security-web-7.0.2.jar:7.0.2]
	at org.springframework.security.web.ObservationFilterChainDecorator$VirtualFilterChain.doFilter(ObservationFilterChainDecorator.java:141) ~[spring-security-web-7.0.2.jar:7.0.2]
	at org.springframework.security.web.authentication.logout.LogoutFilter.doFilter(LogoutFilter.java:110) ~[spring-security-web-7.0.2.jar:7.0.2]
	at org.springframework.security.web.authentication.logout.LogoutFilter.doFilter(LogoutFilter.java:96) ~[spring-security-web-7.0.2.jar:7.0.2]
	at org.springframework.security.web.ObservationFilterChainDecorator$ObservationFilter.wrapFilter(ObservationFilterChainDecorator.java:244) ~[spring-security-web-7.0.2.jar:7.0.2]
	at org.springframework.security.web.ObservationFilterChainDecorator$ObservationFilter.doFilter(ObservationFilterChainDecorator.java:231) ~[spring-security-web-7.0.2.jar:7.0.2]
	at org.springframework.security.web.ObservationFilterChainDecorator$VirtualFilterChain.doFilter(ObservationFilterChainDecorator.java:141) ~[spring-security-web-7.0.2.jar:7.0.2]
	at org.springframework.web.filter.CorsFilter.doFilterInternal(CorsFilter.java:91) ~[spring-web-7.0.2.jar:7.0.2]
	at org.springframework.web.filter.OncePerRequestFilter.doFilter(OncePerRequestFilter.java:116) ~[spring-web-7.0.2.jar:7.0.2]
	at org.springframework.security.web.ObservationFilterChainDecorator$ObservationFilter.wrapFilter(ObservationFilterChainDecorator.java:244) ~[spring-security-web-7.0.2.jar:7.0.2]
	at org.springframework.security.web.ObservationFilterChainDecorator$ObservationFilter.doFilter(ObservationFilterChainDecorator.java:231) ~[spring-security-web-7.0.2.jar:7.0.2]
	at org.springframework.security.web.ObservationFilterChainDecorator$VirtualFilterChain.doFilter(ObservationFilterChainDecorator.java:141) ~[spring-security-web-7.0.2.jar:7.0.2]
	at org.springframework.security.web.header.HeaderWriterFilter.doHeadersAfter(HeaderWriterFilter.java:90) ~[spring-security-web-7.0.2.jar:7.0.2]
	at org.springframework.security.web.header.HeaderWriterFilter.doFilterInternal(HeaderWriterFilter.java:75) ~[spring-security-web-7.0.2.jar:7.0.2]
	at org.springframework.web.filter.OncePerRequestFilter.doFilter(OncePerRequestFilter.java:116) ~[spring-web-7.0.2.jar:7.0.2]
	at org.springframework.security.web.ObservationFilterChainDecorator$ObservationFilter.wrapFilter(ObservationFilterChainDecorator.java:244) ~[spring-security-web-7.0.2.jar:7.0.2]
	at org.springframework.security.web.ObservationFilterChainDecorator$ObservationFilter.doFilter(ObservationFilterChainDecorator.java:231) ~[spring-security-web-7.0.2.jar:7.0.2]
	at org.springframework.security.web.ObservationFilterChainDecorator$VirtualFilterChain.doFilter(ObservationFilterChainDecorator.java:141) ~[spring-security-web-7.0.2.jar:7.0.2]
	at org.springframework.security.web.context.SecurityContextHolderFilter.doFilter(SecurityContextHolderFilter.java:82) ~[spring-security-web-7.0.2.jar:7.0.2]
	at org.springframework.security.web.context.SecurityContextHolderFilter.doFilter(SecurityContextHolderFilter.java:69) ~[spring-security-web-7.0.2.jar:7.0.2]
	at org.springframework.security.web.ObservationFilterChainDecorator$ObservationFilter.wrapFilter(ObservationFilterChainDecorator.java:244) ~[spring-security-web-7.0.2.jar:7.0.2]
	at org.springframework.security.web.ObservationFilterChainDecorator$ObservationFilter.doFilter(ObservationFilterChainDecorator.java:231) ~[spring-security-web-7.0.2.jar:7.0.2]
	at org.springframework.security.web.ObservationFilterChainDecorator$VirtualFilterChain.doFilter(ObservationFilterChainDecorator.java:141) ~[spring-security-web-7.0.2.jar:7.0.2]
	at org.springframework.security.web.context.request.async.WebAsyncManagerIntegrationFilter.doFilterInternal(WebAsyncManagerIntegrationFilter.java:62) ~[spring-security-web-7.0.2.jar:7.0.2]
	at org.springframework.web.filter.OncePerRequestFilter.doFilter(OncePerRequestFilter.java:116) ~[spring-web-7.0.2.jar:7.0.2]
	at org.springframework.security.web.ObservationFilterChainDecorator$ObservationFilter.wrapFilter(ObservationFilterChainDecorator.java:244) ~[spring-security-web-7.0.2.jar:7.0.2]
	at org.springframework.security.web.ObservationFilterChainDecorator$ObservationFilter.doFilter(ObservationFilterChainDecorator.java:231) ~[spring-security-web-7.0.2.jar:7.0.2]
	at org.springframework.security.web.ObservationFilterChainDecorator$VirtualFilterChain.doFilter(ObservationFilterChainDecorator.java:141) ~[spring-security-web-7.0.2.jar:7.0.2]
	at org.springframework.security.web.session.DisableEncodeUrlFilter.doFilterInternal(DisableEncodeUrlFilter.java:42) ~[spring-security-web-7.0.2.jar:7.0.2]
	at org.springframework.web.filter.OncePerRequestFilter.doFilter(OncePerRequestFilter.java:116) ~[spring-web-7.0.2.jar:7.0.2]
	at org.springframework.security.web.ObservationFilterChainDecorator$ObservationFilter.wrapFilter(ObservationFilterChainDecorator.java:244) ~[spring-security-web-7.0.2.jar:7.0.2]
	at org.springframework.security.web.ObservationFilterChainDecorator$AroundFilterObservation$SimpleAroundFilterObservation.lambda$wrap$0(ObservationFilterChainDecorator.java:337) ~[spring-security-web-7.0.2.jar:7.0.2]
	at org.springframework.security.web.ObservationFilterChainDecorator$ObservationFilter.doFilter(ObservationFilterChainDecorator.java:228) ~[spring-security-web-7.0.2.jar:7.0.2]
	at org.springframework.security.web.ObservationFilterChainDecorator$VirtualFilterChain.doFilter(ObservationFilterChainDecorator.java:141) ~[spring-security-web-7.0.2.jar:7.0.2]
	at org.springframework.security.web.FilterChainProxy.doFilterInternal(FilterChainProxy.java:237) ~[spring-security-web-7.0.2.jar:7.0.2]
	at org.springframework.security.web.FilterChainProxy.doFilter(FilterChainProxy.java:195) ~[spring-security-web-7.0.2.jar:7.0.2]
	at org.springframework.web.filter.CompositeFilter$VirtualFilterChain.doFilter(CompositeFilter.java:113) ~[spring-web-7.0.2.jar:7.0.2]
	at org.springframework.web.filter.ServletRequestPathFilter.doFilter(ServletRequestPathFilter.java:52) ~[spring-web-7.0.2.jar:7.0.2]
	at org.springframework.web.filter.CompositeFilter$VirtualFilterChain.doFilter(CompositeFilter.java:113) ~[spring-web-7.0.2.jar:7.0.2]
	at org.springframework.web.filter.CompositeFilter.doFilter(CompositeFilter.java:74) ~[spring-web-7.0.2.jar:7.0.2]
	at org.springframework.security.config.annotation.web.configuration.WebSecurityConfiguration$CompositeFilterChainProxy.doFilter(WebSecurityConfiguration.java:317) ~[spring-security-config-7.0.2.jar:7.0.2]
	at org.springframework.web.filter.DelegatingFilterProxy.invokeDelegate(DelegatingFilterProxy.java:355) ~[spring-web-7.0.2.jar:7.0.2]
	at org.springframework.web.filter.DelegatingFilterProxy.doFilter(DelegatingFilterProxy.java:272) ~[spring-web-7.0.2.jar:7.0.2]
	at org.apache.catalina.core.ApplicationFilterChain.doFilter(ApplicationFilterChain.java:107) ~[tomcat-embed-core-11.0.15.jar:11.0.15]
	at org.springframework.web.filter.RequestContextFilter.doFilterInternal(RequestContextFilter.java:100) ~[spring-web-7.0.2.jar:7.0.2]
	at org.springframework.web.filter.OncePerRequestFilter.doFilter(OncePerRequestFilter.java:116) ~[spring-web-7.0.2.jar:7.0.2]
	at org.apache.catalina.core.ApplicationFilterChain.doFilter(ApplicationFilterChain.java:107) ~[tomcat-embed-core-11.0.15.jar:11.0.15]
	at org.springframework.web.filter.FormContentFilter.doFilterInternal(FormContentFilter.java:93) ~[spring-web-7.0.2.jar:7.0.2]
	at org.springframework.web.filter.OncePerRequestFilter.doFilter(OncePerRequestFilter.java:116) ~[spring-web-7.0.2.jar:7.0.2]
	at org.apache.catalina.core.ApplicationFilterChain.doFilter(ApplicationFilterChain.java:107) ~[tomcat-embed-core-11.0.15.jar:11.0.15]
	at org.springframework.web.filter.ServerHttpObservationFilter.doFilterInternal(ServerHttpObservationFilter.java:110) ~[spring-web-7.0.2.jar:7.0.2]
	at org.springframework.web.filter.OncePerRequestFilter.doFilter(OncePerRequestFilter.java:116) ~[spring-web-7.0.2.jar:7.0.2]
	at org.apache.catalina.core.ApplicationFilterChain.doFilter(ApplicationFilterChain.java:107) ~[tomcat-embed-core-11.0.15.jar:11.0.15]
	at org.springframework.web.filter.CharacterEncodingFilter.doFilterInternal(CharacterEncodingFilter.java:199) ~[spring-web-7.0.2.jar:7.0.2]
	at org.springframework.web.filter.OncePerRequestFilter.doFilter(OncePerRequestFilter.java:116) ~[spring-web-7.0.2.jar:7.0.2]
	at org.apache.catalina.core.ApplicationFilterChain.doFilter(ApplicationFilterChain.java:107) ~[tomcat-embed-core-11.0.15.jar:11.0.15]
	at org.apache.catalina.core.StandardWrapperValve.invoke(StandardWrapperValve.java:165) ~[tomcat-embed-core-11.0.15.jar:11.0.15]
	at org.apache.catalina.core.StandardContextValve.invoke(StandardContextValve.java:77) ~[tomcat-embed-core-11.0.15.jar:11.0.15]
	at org.apache.catalina.authenticator.AuthenticatorBase.invoke(AuthenticatorBase.java:482) ~[tomcat-embed-core-11.0.15.jar:11.0.15]
	at org.apache.catalina.core.StandardHostValve.invoke(StandardHostValve.java:113) ~[tomcat-embed-core-11.0.15.jar:11.0.15]
	at org.apache.catalina.valves.ErrorReportValve.invoke(ErrorReportValve.java:83) ~[tomcat-embed-core-11.0.15.jar:11.0.15]
	at org.apache.catalina.core.StandardEngineValve.invoke(StandardEngineValve.java:72) ~[tomcat-embed-core-11.0.15.jar:11.0.15]
	at org.apache.catalina.connector.CoyoteAdapter.service(CoyoteAdapter.java:341) ~[tomcat-embed-core-11.0.15.jar:11.0.15]
	at org.apache.coyote.http11.Http11Processor.service(Http11Processor.java:397) ~[tomcat-embed-core-11.0.15.jar:11.0.15]
	at org.apache.coyote.AbstractProcessorLight.process(AbstractProcessorLight.java:63) ~[tomcat-embed-core-11.0.15.jar:11.0.15]
	at org.apache.coyote.AbstractProtocol$ConnectionHandler.process(AbstractProtocol.java:903) ~[tomcat-embed-core-11.0.15.jar:11.0.15]
	at org.apache.tomcat.util.net.NioEndpoint$SocketProcessor.doRun(NioEndpoint.java:1778) ~[tomcat-embed-core-11.0.15.jar:11.0.15]
	at org.apache.tomcat.util.net.SocketProcessorBase.run(SocketProcessorBase.java:52) ~[tomcat-embed-core-11.0.15.jar:11.0.15]
	at org.apache.tomcat.util.threads.ThreadPoolExecutor.runWorker(ThreadPoolExecutor.java:946) ~[tomcat-embed-core-11.0.15.jar:11.0.15]
	at org.apache.tomcat.util.threads.ThreadPoolExecutor$Worker.run(ThreadPoolExecutor.java:480) ~[tomcat-embed-core-11.0.15.jar:11.0.15]
	at org.apache.tomcat.util.threads.TaskThread$WrappingRunnable.run(TaskThread.java:57) ~[tomcat-embed-core-11.0.15.jar:11.0.15]
	at java.base/java.lang.Thread.run(Thread.java:1583) ~[na:na]

2026-02-27T09:11:21.748+01:00  INFO 23160 --- [readyroad-secure] [nio-8890-exec-6] c.r.r.config.RequestLoggingFilter        : ════════════════════════════════════════
2026-02-27T09:11:21.749+01:00  INFO 23160 --- [readyroad-secure] [nio-8890-exec-7] c.r.r.config.RequestLoggingFilter        : ════════════════════════════════════════
2026-02-27T09:11:21.749+01:00  INFO 23160 --- [readyroad-secure] [nio-8890-exec-6] c.r.r.config.RequestLoggingFilter        : 🌐 INCOMING REQUEST
2026-02-27T09:11:21.750+01:00  INFO 23160 --- [readyroad-secure] [nio-8890-exec-7] c.r.r.config.RequestLoggingFilter        : 🌐 INCOMING REQUEST
2026-02-27T09:11:21.750+01:00  INFO 23160 --- [readyroad-secure] [nio-8890-exec-6] c.r.r.config.RequestLoggingFilter        : ════════════════════════════════════════
2026-02-27T09:11:21.750+01:00  INFO 23160 --- [readyroad-secure] [nio-8890-exec-7] c.r.r.config.RequestLoggingFilter        : ════════════════════════════════════════
2026-02-27T09:11:21.751+01:00  INFO 23160 --- [readyroad-secure] [nio-8890-exec-6] c.r.r.config.RequestLoggingFilter        : Method: GET
2026-02-27T09:11:21.751+01:00  INFO 23160 --- [readyroad-secure] [nio-8890-exec-7] c.r.r.config.RequestLoggingFilter        : Method: GET
2026-02-27T09:11:21.751+01:00  INFO 23160 --- [readyroad-secure] [nio-8890-exec-6] c.r.r.config.RequestLoggingFilter        : URI: /api/quiz/stats/category/5
2026-02-27T09:11:21.751+01:00  INFO 23160 --- [readyroad-secure] [nio-8890-exec-7] c.r.r.config.RequestLoggingFilter        : URI: /api/quiz/stats/category/8
2026-02-27T09:11:21.752+01:00  INFO 23160 --- [readyroad-secure] [nio-8890-exec-6] c.r.r.config.RequestLoggingFilter        : Remote Address: 0:0:0:0:0:0:0:1
2026-02-27T09:11:21.752+01:00  INFO 23160 --- [readyroad-secure] [nio-8890-exec-7] c.r.r.config.RequestLoggingFilter        : Remote Address: 127.0.0.1
2026-02-27T09:11:21.753+01:00  INFO 23160 --- [readyroad-secure] [nio-8890-exec-6] c.r.r.config.RequestLoggingFilter        : ----------------------------------------
2026-02-27T09:11:21.754+01:00  INFO 23160 --- [readyroad-secure] [nio-8890-exec-7] c.r.r.config.RequestLoggingFilter        : ----------------------------------------
2026-02-27T09:11:21.755+01:00  INFO 23160 --- [readyroad-secure] [nio-8890-exec-7] c.r.r.config.RequestLoggingFilter        : 📋 Request Headers:
2026-02-27T09:11:21.755+01:00  INFO 23160 --- [readyroad-secure] [nio-8890-exec-7] c.r.r.config.RequestLoggingFilter        :   host: localhost:8890
2026-02-27T09:11:21.754+01:00  INFO 23160 --- [readyroad-secure] [nio-8890-exec-6] c.r.r.config.RequestLoggingFilter        : 📋 Request Headers:
2026-02-27T09:11:21.756+01:00  INFO 23160 --- [readyroad-secure] [nio-8890-exec-7] c.r.r.config.RequestLoggingFilter        :   connection: keep-alive
2026-02-27T09:11:21.756+01:00  INFO 23160 --- [readyroad-secure] [nio-8890-exec-6] c.r.r.config.RequestLoggingFilter        :   host: localhost:8890
2026-02-27T09:11:21.756+01:00  INFO 23160 --- [readyroad-secure] [nio-8890-exec-7] c.r.r.config.RequestLoggingFilter        :   Accept: application/json
2026-02-27T09:11:21.757+01:00  INFO 23160 --- [readyroad-secure] [nio-8890-exec-6] c.r.r.config.RequestLoggingFilter        :   connection: keep-alive
2026-02-27T09:11:21.757+01:00  INFO 23160 --- [readyroad-secure] [nio-8890-exec-7] c.r.r.config.RequestLoggingFilter        :   Authorization: Bearer [TOKEN_HIDDEN]
2026-02-27T09:11:21.757+01:00  INFO 23160 --- [readyroad-secure] [nio-8890-exec-6] c.r.r.config.RequestLoggingFilter        :   Accept: application/json
2026-02-27T09:11:21.758+01:00  INFO 23160 --- [readyroad-secure] [nio-8890-exec-7] c.r.r.config.RequestLoggingFilter        :   accept-language: *
2026-02-27T09:11:21.758+01:00  INFO 23160 --- [readyroad-secure] [nio-8890-exec-6] c.r.r.config.RequestLoggingFilter        :   Authorization: Bearer [TOKEN_HIDDEN]
2026-02-27T09:11:21.759+01:00  INFO 23160 --- [readyroad-secure] [nio-8890-exec-7] c.r.r.config.RequestLoggingFilter        :   sec-fetch-mode: cors
2026-02-27T09:11:21.761+01:00  INFO 23160 --- [readyroad-secure] [nio-8890-exec-6] c.r.r.config.RequestLoggingFilter        :   accept-language: *
2026-02-27T09:11:21.761+01:00  INFO 23160 --- [readyroad-secure] [nio-8890-exec-7] c.r.r.config.RequestLoggingFilter        :   user-agent: node
2026-02-27T09:11:21.762+01:00  INFO 23160 --- [readyroad-secure] [nio-8890-exec-6] c.r.r.config.RequestLoggingFilter        :   sec-fetch-mode: cors
2026-02-27T09:11:21.762+01:00  INFO 23160 --- [readyroad-secure] [nio-8890-exec-7] c.r.r.config.RequestLoggingFilter        :   pragma: no-cache
2026-02-27T09:11:21.763+01:00  INFO 23160 --- [readyroad-secure] [nio-8890-exec-6] c.r.r.config.RequestLoggingFilter        :   user-agent: node
2026-02-27T09:11:21.763+01:00  INFO 23160 --- [readyroad-secure] [nio-8890-exec-7] c.r.r.config.RequestLoggingFilter        :   cache-control: no-cache
2026-02-27T09:11:21.763+01:00  INFO 23160 --- [readyroad-secure] [nio-8890-exec-6] c.r.r.config.RequestLoggingFilter        :   pragma: no-cache
2026-02-27T09:11:21.764+01:00  INFO 23160 --- [readyroad-secure] [nio-8890-exec-7] c.r.r.config.RequestLoggingFilter        :   accept-encoding: gzip, deflate
2026-02-27T09:11:21.764+01:00  INFO 23160 --- [readyroad-secure] [nio-8890-exec-6] c.r.r.config.RequestLoggingFilter        :   cache-control: no-cache
2026-02-27T09:11:21.764+01:00  INFO 23160 --- [readyroad-secure] [nio-8890-exec-7] c.r.r.config.RequestLoggingFilter        : ════════════════════════════════════════
2026-02-27T09:11:21.765+01:00  INFO 23160 --- [readyroad-secure] [nio-8890-exec-6] c.r.r.config.RequestLoggingFilter        :   accept-encoding: gzip, deflate
2026-02-27T09:11:21.765+01:00  INFO 23160 --- [readyroad-secure] [nio-8890-exec-6] c.r.r.config.RequestLoggingFilter        : ════════════════════════════════════════
2026-02-27T09:11:21.768+01:00 DEBUG 23160 --- [readyroad-secure] [nio-8890-exec-7] org.hibernate.SQL                        : select count(qq1_0.id) from quiz_questions qq1_0 where qq1_0.category_id=? and qq1_0.is_active=true and qq1_0.status=?
2026-02-27T09:11:21.768+01:00 DEBUG 23160 --- [readyroad-secure] [nio-8890-exec-6] org.hibernate.SQL                        : select count(qq1_0.id) from quiz_questions qq1_0 where qq1_0.category_id=? and qq1_0.is_active=true and qq1_0.status=?
2026-02-27T09:11:23.035+01:00 ERROR 23160 --- [readyroad-secure] [nio-8890-exec-1] c.r.r.config.JwtAuthenticationFilter     : ❌ Cannot set user authentication: JWT expired 22512034 milliseconds ago at 2026-02-27T01:56:11.000Z. Current time: 2026-02-27T08:11:23.034Z. Allowed clock skew: 0 milliseconds.
2026-02-27T09:11:23.047+01:00 ERROR 23160 --- [readyroad-secure] [io-8890-exec-10] c.r.r.config.JwtAuthenticationFilter     : ❌ Cannot set user authentication: JWT expired 22512041 milliseconds ago at 2026-02-27T01:56:11.000Z. Current time: 2026-02-27T08:11:23.041Z. Allowed clock skew: 0 milliseconds.
2026-02-27T09:11:23.049+01:00 ERROR 23160 --- [readyroad-secure] [io-8890-exec-10] c.r.r.config.JwtAuthenticationFilter     : Exception details:

io.jsonwebtoken.ExpiredJwtException: JWT expired 22512041 milliseconds ago at 2026-02-27T01:56:11.000Z. Current time: 2026-02-27T08:11:23.041Z. Allowed clock skew: 0 milliseconds.
	at io.jsonwebtoken.impl.DefaultJwtParser.parse(DefaultJwtParser.java:682) ~[jjwt-impl-0.12.5.jar:0.12.5]
	at io.jsonwebtoken.impl.DefaultJwtParser.parse(DefaultJwtParser.java:362) ~[jjwt-impl-0.12.5.jar:0.12.5]
	at io.jsonwebtoken.impl.DefaultJwtParser.parse(DefaultJwtParser.java:94) ~[jjwt-impl-0.12.5.jar:0.12.5]
	at io.jsonwebtoken.impl.io.AbstractParser.parse(AbstractParser.java:36) ~[jjwt-impl-0.12.5.jar:0.12.5]
	at io.jsonwebtoken.impl.io.AbstractParser.parse(AbstractParser.java:29) ~[jjwt-impl-0.12.5.jar:0.12.5]
	at io.jsonwebtoken.impl.DefaultJwtParser.parseSignedClaims(DefaultJwtParser.java:821) ~[jjwt-impl-0.12.5.jar:0.12.5]
	at com.readyroad.readyroadbackend.service.JwtService.extractAllClaims(JwtService.java:118) ~[classes/:na]
	at com.readyroad.readyroadbackend.service.JwtService.extractClaim(JwtService.java:103) ~[classes/:na]
	at com.readyroad.readyroadbackend.service.JwtService.extractUsername(JwtService.java:81) ~[classes/:na]
	at com.readyroad.readyroadbackend.config.JwtAuthenticationFilter.doFilterInternal(JwtAuthenticationFilter.java:113) ~[classes/:na]
	at org.springframework.web.filter.OncePerRequestFilter.doFilter(OncePerRequestFilter.java:116) ~[spring-web-7.0.2.jar:7.0.2]
	at org.springframework.security.web.ObservationFilterChainDecorator$ObservationFilter.wrapFilter(ObservationFilterChainDecorator.java:244) ~[spring-security-web-7.0.2.jar:7.0.2]
	at org.springframework.security.web.ObservationFilterChainDecorator$ObservationFilter.doFilter(ObservationFilterChainDecorator.java:231) ~[spring-security-web-7.0.2.jar:7.0.2]
	at org.springframework.security.web.ObservationFilterChainDecorator$VirtualFilterChain.doFilter(ObservationFilterChainDecorator.java:141) ~[spring-security-web-7.0.2.jar:7.0.2]
	at org.springframework.security.web.authentication.logout.LogoutFilter.doFilter(LogoutFilter.java:110) ~[spring-security-web-7.0.2.jar:7.0.2]
	at org.springframework.security.web.authentication.logout.LogoutFilter.doFilter(LogoutFilter.java:96) ~[spring-security-web-7.0.2.jar:7.0.2]
	at org.springframework.security.web.ObservationFilterChainDecorator$ObservationFilter.wrapFilter(ObservationFilterChainDecorator.java:244) ~[spring-security-web-7.0.2.jar:7.0.2]
	at org.springframework.security.web.ObservationFilterChainDecorator$ObservationFilter.doFilter(ObservationFilterChainDecorator.java:231) ~[spring-security-web-7.0.2.jar:7.0.2]
	at org.springframework.security.web.ObservationFilterChainDecorator$VirtualFilterChain.doFilter(ObservationFilterChainDecorator.java:141) ~[spring-security-web-7.0.2.jar:7.0.2]
	at org.springframework.web.filter.CorsFilter.doFilterInternal(CorsFilter.java:91) ~[spring-web-7.0.2.jar:7.0.2]
	at org.springframework.web.filter.OncePerRequestFilter.doFilter(OncePerRequestFilter.java:116) ~[spring-web-7.0.2.jar:7.0.2]
	at org.springframework.security.web.ObservationFilterChainDecorator$ObservationFilter.wrapFilter(ObservationFilterChainDecorator.java:244) ~[spring-security-web-7.0.2.jar:7.0.2]
	at org.springframework.security.web.ObservationFilterChainDecorator$ObservationFilter.doFilter(ObservationFilterChainDecorator.java:231) ~[spring-security-web-7.0.2.jar:7.0.2]
	at org.springframework.security.web.ObservationFilterChainDecorator$VirtualFilterChain.doFilter(ObservationFilterChainDecorator.java:141) ~[spring-security-web-7.0.2.jar:7.0.2]
	at org.springframework.security.web.header.HeaderWriterFilter.doHeadersAfter(HeaderWriterFilter.java:90) ~[spring-security-web-7.0.2.jar:7.0.2]
	at org.springframework.security.web.header.HeaderWriterFilter.doFilterInternal(HeaderWriterFilter.java:75) ~[spring-security-web-7.0.2.jar:7.0.2]
	at org.springframework.web.filter.OncePerRequestFilter.doFilter(OncePerRequestFilter.java:116) ~[spring-web-7.0.2.jar:7.0.2]
	at org.springframework.security.web.ObservationFilterChainDecorator$ObservationFilter.wrapFilter(ObservationFilterChainDecorator.java:244) ~[spring-security-web-7.0.2.jar:7.0.2]
	at org.springframework.security.web.ObservationFilterChainDecorator$ObservationFilter.doFilter(ObservationFilterChainDecorator.java:231) ~[spring-security-web-7.0.2.jar:7.0.2]
	at org.springframework.security.web.ObservationFilterChainDecorator$VirtualFilterChain.doFilter(ObservationFilterChainDecorator.java:141) ~[spring-security-web-7.0.2.jar:7.0.2]
	at org.springframework.security.web.context.SecurityContextHolderFilter.doFilter(SecurityContextHolderFilter.java:82) ~[spring-security-web-7.0.2.jar:7.0.2]
	at org.springframework.security.web.context.SecurityContextHolderFilter.doFilter(SecurityContextHolderFilter.java:69) ~[spring-security-web-7.0.2.jar:7.0.2]
	at org.springframework.security.web.ObservationFilterChainDecorator$ObservationFilter.wrapFilter(ObservationFilterChainDecorator.java:244) ~[spring-security-web-7.0.2.jar:7.0.2]
	at org.springframework.security.web.ObservationFilterChainDecorator$ObservationFilter.doFilter(ObservationFilterChainDecorator.java:231) ~[spring-security-web-7.0.2.jar:7.0.2]
	at org.springframework.security.web.ObservationFilterChainDecorator$VirtualFilterChain.doFilter(ObservationFilterChainDecorator.java:141) ~[spring-security-web-7.0.2.jar:7.0.2]
	at org.springframework.security.web.context.request.async.WebAsyncManagerIntegrationFilter.doFilterInternal(WebAsyncManagerIntegrationFilter.java:62) ~[spring-security-web-7.0.2.jar:7.0.2]
	at org.springframework.web.filter.OncePerRequestFilter.doFilter(OncePerRequestFilter.java:116) ~[spring-web-7.0.2.jar:7.0.2]
	at org.springframework.security.web.ObservationFilterChainDecorator$ObservationFilter.wrapFilter(ObservationFilterChainDecorator.java:244) ~[spring-security-web-7.0.2.jar:7.0.2]
	at org.springframework.security.web.ObservationFilterChainDecorator$ObservationFilter.doFilter(ObservationFilterChainDecorator.java:231) ~[spring-security-web-7.0.2.jar:7.0.2]
	at org.springframework.security.web.ObservationFilterChainDecorator$VirtualFilterChain.doFilter(ObservationFilterChainDecorator.java:141) ~[spring-security-web-7.0.2.jar:7.0.2]
	at org.springframework.security.web.session.DisableEncodeUrlFilter.doFilterInternal(DisableEncodeUrlFilter.java:42) ~[spring-security-web-7.0.2.jar:7.0.2]
	at org.springframework.web.filter.OncePerRequestFilter.doFilter(OncePerRequestFilter.java:116) ~[spring-web-7.0.2.jar:7.0.2]
	at org.springframework.security.web.ObservationFilterChainDecorator$ObservationFilter.wrapFilter(ObservationFilterChainDecorator.java:244) ~[spring-security-web-7.0.2.jar:7.0.2]
	at org.springframework.security.web.ObservationFilterChainDecorator$AroundFilterObservation$SimpleAroundFilterObservation.lambda$wrap$0(ObservationFilterChainDecorator.java:337) ~[spring-security-web-7.0.2.jar:7.0.2]
	at org.springframework.security.web.ObservationFilterChainDecorator$ObservationFilter.doFilter(ObservationFilterChainDecorator.java:228) ~[spring-security-web-7.0.2.jar:7.0.2]
	at org.springframework.security.web.ObservationFilterChainDecorator$VirtualFilterChain.doFilter(ObservationFilterChainDecorator.java:141) ~[spring-security-web-7.0.2.jar:7.0.2]
	at org.springframework.security.web.FilterChainProxy.doFilterInternal(FilterChainProxy.java:237) ~[spring-security-web-7.0.2.jar:7.0.2]
	at org.springframework.security.web.FilterChainProxy.doFilter(FilterChainProxy.java:195) ~[spring-security-web-7.0.2.jar:7.0.2]
	at org.springframework.web.filter.CompositeFilter$VirtualFilterChain.doFilter(CompositeFilter.java:113) ~[spring-web-7.0.2.jar:7.0.2]
	at org.springframework.web.filter.ServletRequestPathFilter.doFilter(ServletRequestPathFilter.java:52) ~[spring-web-7.0.2.jar:7.0.2]
	at org.springframework.web.filter.CompositeFilter$VirtualFilterChain.doFilter(CompositeFilter.java:113) ~[spring-web-7.0.2.jar:7.0.2]
	at org.springframework.web.filter.CompositeFilter.doFilter(CompositeFilter.java:74) ~[spring-web-7.0.2.jar:7.0.2]
	at org.springframework.security.config.annotation.web.configuration.WebSecurityConfiguration$CompositeFilterChainProxy.doFilter(WebSecurityConfiguration.java:317) ~[spring-security-config-7.0.2.jar:7.0.2]
	at org.springframework.web.filter.DelegatingFilterProxy.invokeDelegate(DelegatingFilterProxy.java:355) ~[spring-web-7.0.2.jar:7.0.2]
	at org.springframework.web.filter.DelegatingFilterProxy.doFilter(DelegatingFilterProxy.java:272) ~[spring-web-7.0.2.jar:7.0.2]
	at org.apache.catalina.core.ApplicationFilterChain.doFilter(ApplicationFilterChain.java:107) ~[tomcat-embed-core-11.0.15.jar:11.0.15]
	at org.springframework.web.filter.RequestContextFilter.doFilterInternal(RequestContextFilter.java:100) ~[spring-web-7.0.2.jar:7.0.2]
	at org.springframework.web.filter.OncePerRequestFilter.doFilter(OncePerRequestFilter.java:116) ~[spring-web-7.0.2.jar:7.0.2]
	at org.apache.catalina.core.ApplicationFilterChain.doFilter(ApplicationFilterChain.java:107) ~[tomcat-embed-core-11.0.15.jar:11.0.15]
	at org.springframework.web.filter.FormContentFilter.doFilterInternal(FormContentFilter.java:93) ~[spring-web-7.0.2.jar:7.0.2]
	at org.springframework.web.filter.OncePerRequestFilter.doFilter(OncePerRequestFilter.java:116) ~[spring-web-7.0.2.jar:7.0.2]
	at org.apache.catalina.core.ApplicationFilterChain.doFilter(ApplicationFilterChain.java:107) ~[tomcat-embed-core-11.0.15.jar:11.0.15]
	at org.springframework.web.filter.ServerHttpObservationFilter.doFilterInternal(ServerHttpObservationFilter.java:110) ~[spring-web-7.0.2.jar:7.0.2]
	at org.springframework.web.filter.OncePerRequestFilter.doFilter(OncePerRequestFilter.java:116) ~[spring-web-7.0.2.jar:7.0.2]
	at org.apache.catalina.core.ApplicationFilterChain.doFilter(ApplicationFilterChain.java:107) ~[tomcat-embed-core-11.0.15.jar:11.0.15]
	at org.springframework.web.filter.CharacterEncodingFilter.doFilterInternal(CharacterEncodingFilter.java:199) ~[spring-web-7.0.2.jar:7.0.2]
	at org.springframework.web.filter.OncePerRequestFilter.doFilter(OncePerRequestFilter.java:116) ~[spring-web-7.0.2.jar:7.0.2]
	at org.apache.catalina.core.ApplicationFilterChain.doFilter(ApplicationFilterChain.java:107) ~[tomcat-embed-core-11.0.15.jar:11.0.15]
	at org.apache.catalina.core.StandardWrapperValve.invoke(StandardWrapperValve.java:165) ~[tomcat-embed-core-11.0.15.jar:11.0.15]
	at org.apache.catalina.core.StandardContextValve.invoke(StandardContextValve.java:77) ~[tomcat-embed-core-11.0.15.jar:11.0.15]
	at org.apache.catalina.authenticator.AuthenticatorBase.invoke(AuthenticatorBase.java:482) ~[tomcat-embed-core-11.0.15.jar:11.0.15]
	at org.apache.catalina.core.StandardHostValve.invoke(StandardHostValve.java:113) ~[tomcat-embed-core-11.0.15.jar:11.0.15]
	at org.apache.catalina.valves.ErrorReportValve.invoke(ErrorReportValve.java:83) ~[tomcat-embed-core-11.0.15.jar:11.0.15]
	at org.apache.catalina.core.StandardEngineValve.invoke(StandardEngineValve.java:72) ~[tomcat-embed-core-11.0.15.jar:11.0.15]
	at org.apache.catalina.connector.CoyoteAdapter.service(CoyoteAdapter.java:341) ~[tomcat-embed-core-11.0.15.jar:11.0.15]
	at org.apache.coyote.http11.Http11Processor.service(Http11Processor.java:397) ~[tomcat-embed-core-11.0.15.jar:11.0.15]
	at org.apache.coyote.AbstractProcessorLight.process(AbstractProcessorLight.java:63) ~[tomcat-embed-core-11.0.15.jar:11.0.15]
	at org.apache.coyote.AbstractProtocol$ConnectionHandler.process(AbstractProtocol.java:903) ~[tomcat-embed-core-11.0.15.jar:11.0.15]
	at org.apache.tomcat.util.net.NioEndpoint$SocketProcessor.doRun(NioEndpoint.java:1778) ~[tomcat-embed-core-11.0.15.jar:11.0.15]
	at org.apache.tomcat.util.net.SocketProcessorBase.run(SocketProcessorBase.java:52) ~[tomcat-embed-core-11.0.15.jar:11.0.15]
	at org.apache.tomcat.util.threads.ThreadPoolExecutor.runWorker(ThreadPoolExecutor.java:946) ~[tomcat-embed-core-11.0.15.jar:11.0.15]
	at org.apache.tomcat.util.threads.ThreadPoolExecutor$Worker.run(ThreadPoolExecutor.java:480) ~[tomcat-embed-core-11.0.15.jar:11.0.15]
	at org.apache.tomcat.util.threads.TaskThread$WrappingRunnable.run(TaskThread.java:57) ~[tomcat-embed-core-11.0.15.jar:11.0.15]
	at java.base/java.lang.Thread.run(Thread.java:1583) ~[na:na]

2026-02-27T09:11:23.055+01:00  INFO 23160 --- [readyroad-secure] [io-8890-exec-10] c.r.r.config.RequestLoggingFilter        : ════════════════════════════════════════
2026-02-27T09:11:23.056+01:00  INFO 23160 --- [readyroad-secure] [io-8890-exec-10] c.r.r.config.RequestLoggingFilter        : 🌐 INCOMING REQUEST
2026-02-27T09:11:23.056+01:00  INFO 23160 --- [readyroad-secure] [io-8890-exec-10] c.r.r.config.RequestLoggingFilter        : ════════════════════════════════════════
2026-02-27T09:11:23.058+01:00  INFO 23160 --- [readyroad-secure] [io-8890-exec-10] c.r.r.config.RequestLoggingFilter        : Method: GET
2026-02-27T09:11:23.058+01:00  INFO 23160 --- [readyroad-secure] [io-8890-exec-10] c.r.r.config.RequestLoggingFilter        : URI: /api/quiz/stats/category/17
2026-02-27T09:11:23.058+01:00  INFO 23160 --- [readyroad-secure] [io-8890-exec-10] c.r.r.config.RequestLoggingFilter        : Remote Address: 127.0.0.1
2026-02-27T09:11:23.059+01:00  INFO 23160 --- [readyroad-secure] [io-8890-exec-10] c.r.r.config.RequestLoggingFilter        : ----------------------------------------
2026-02-27T09:11:23.059+01:00  INFO 23160 --- [readyroad-secure] [io-8890-exec-10] c.r.r.config.RequestLoggingFilter        : 📋 Request Headers:
2026-02-27T09:11:23.060+01:00  INFO 23160 --- [readyroad-secure] [io-8890-exec-10] c.r.r.config.RequestLoggingFilter        :   host: localhost:8890
2026-02-27T09:11:23.060+01:00  INFO 23160 --- [readyroad-secure] [io-8890-exec-10] c.r.r.config.RequestLoggingFilter        :   connection: keep-alive
2026-02-27T09:11:23.060+01:00  INFO 23160 --- [readyroad-secure] [io-8890-exec-10] c.r.r.config.RequestLoggingFilter        :   Accept: application/json
2026-02-27T09:11:23.060+01:00  INFO 23160 --- [readyroad-secure] [io-8890-exec-10] c.r.r.config.RequestLoggingFilter        :   Authorization: Bearer [TOKEN_HIDDEN]
2026-02-27T09:11:23.060+01:00  INFO 23160 --- [readyroad-secure] [io-8890-exec-10] c.r.r.config.RequestLoggingFilter        :   accept-language: *
2026-02-27T09:11:23.061+01:00  INFO 23160 --- [readyroad-secure] [io-8890-exec-10] c.r.r.config.RequestLoggingFilter        :   sec-fetch-mode: cors
2026-02-27T09:11:23.061+01:00  INFO 23160 --- [readyroad-secure] [io-8890-exec-10] c.r.r.config.RequestLoggingFilter        :   user-agent: node
2026-02-27T09:11:23.062+01:00  INFO 23160 --- [readyroad-secure] [io-8890-exec-10] c.r.r.config.RequestLoggingFilter        :   pragma: no-cache
2026-02-27T09:11:23.063+01:00  INFO 23160 --- [readyroad-secure] [io-8890-exec-10] c.r.r.config.RequestLoggingFilter        :   cache-control: no-cache
2026-02-27T09:11:23.036+01:00 ERROR 23160 --- [readyroad-secure] [nio-8890-exec-1] c.r.r.config.JwtAuthenticationFilter     : Exception details:

io.jsonwebtoken.ExpiredJwtException: JWT expired 22512034 milliseconds ago at 2026-02-27T01:56:11.000Z. Current time: 2026-02-27T08:11:23.034Z. Allowed clock skew: 0 milliseconds.
	at io.jsonwebtoken.impl.DefaultJwtParser.parse(DefaultJwtParser.java:682) ~[jjwt-impl-0.12.5.jar:0.12.5]
	at io.jsonwebtoken.impl.DefaultJwtParser.parse(DefaultJwtParser.java:362) ~[jjwt-impl-0.12.5.jar:0.12.5]
	at io.jsonwebtoken.impl.DefaultJwtParser.parse(DefaultJwtParser.java:94) ~[jjwt-impl-0.12.5.jar:0.12.5]
	at io.jsonwebtoken.impl.io.AbstractParser.parse(AbstractParser.java:36) ~[jjwt-impl-0.12.5.jar:0.12.5]
	at io.jsonwebtoken.impl.io.AbstractParser.parse(AbstractParser.java:29) ~[jjwt-impl-0.12.5.jar:0.12.5]
	at io.jsonwebtoken.impl.DefaultJwtParser.parseSignedClaims(DefaultJwtParser.java:821) ~[jjwt-impl-0.12.5.jar:0.12.5]
	at com.readyroad.readyroadbackend.service.JwtService.extractAllClaims(JwtService.java:118) ~[classes/:na]
	at com.readyroad.readyroadbackend.service.JwtService.extractClaim(JwtService.java:103) ~[classes/:na]
	at com.readyroad.readyroadbackend.service.JwtService.extractUsername(JwtService.java:81) ~[classes/:na]
	at com.readyroad.readyroadbackend.config.JwtAuthenticationFilter.doFilterInternal(JwtAuthenticationFilter.java:113) ~[classes/:na]
	at org.springframework.web.filter.OncePerRequestFilter.doFilter(OncePerRequestFilter.java:116) ~[spring-web-7.0.2.jar:7.0.2]
	at org.springframework.security.web.ObservationFilterChainDecorator$ObservationFilter.wrapFilter(ObservationFilterChainDecorator.java:244) ~[spring-security-web-7.0.2.jar:7.0.2]
	at org.springframework.security.web.ObservationFilterChainDecorator$ObservationFilter.doFilter(ObservationFilterChainDecorator.java:231) ~[spring-security-web-7.0.2.jar:7.0.2]
	at org.springframework.security.web.ObservationFilterChainDecorator$VirtualFilterChain.doFilter(ObservationFilterChainDecorator.java:141) ~[spring-security-web-7.0.2.jar:7.0.2]
	at org.springframework.security.web.authentication.logout.LogoutFilter.doFilter(LogoutFilter.java:110) ~[spring-security-web-7.0.2.jar:7.0.2]
	at org.springframework.security.web.authentication.logout.LogoutFilter.doFilter(LogoutFilter.java:96) ~[spring-security-web-7.0.2.jar:7.0.2]
	at org.springframework.security.web.ObservationFilterChainDecorator$ObservationFilter.wrapFilter(ObservationFilterChainDecorator.java:244) ~[spring-security-web-7.0.2.jar:7.0.2]
	at org.springframework.security.web.ObservationFilterChainDecorator$ObservationFilter.doFilter(ObservationFilterChainDecorator.java:231) ~[spring-security-web-7.0.2.jar:7.0.2]
	at org.springframework.security.web.ObservationFilterChainDecorator$VirtualFilterChain.doFilter(ObservationFilterChainDecorator.java:141) ~[spring-security-web-7.0.2.jar:7.0.2]
	at org.springframework.web.filter.CorsFilter.doFilterInternal(CorsFilter.java:91) ~[spring-web-7.0.2.jar:7.0.2]
	at org.springframework.web.filter.OncePerRequestFilter.doFilter(OncePerRequestFilter.java:116) ~[spring-web-7.0.2.jar:7.0.2]
	at org.springframework.security.web.ObservationFilterChainDecorator$ObservationFilter.wrapFilter(ObservationFilterChainDecorator.java:244) ~[spring-security-web-7.0.2.jar:7.0.2]
	at org.springframework.security.web.ObservationFilterChainDecorator$ObservationFilter.doFilter(ObservationFilterChainDecorator.java:231) ~[spring-security-web-7.0.2.jar:7.0.2]
	at org.springframework.security.web.ObservationFilterChainDecorator$VirtualFilterChain.doFilter(ObservationFilterChainDecorator.java:141) ~[spring-security-web-7.0.2.jar:7.0.2]
	at org.springframework.security.web.header.HeaderWriterFilter.doHeadersAfter(HeaderWriterFilter.java:90) ~[spring-security-web-7.0.2.jar:7.0.2]
	at org.springframework.security.web.header.HeaderWriterFilter.doFilterInternal(HeaderWriterFilter.java:75) ~[spring-security-web-7.0.2.jar:7.0.2]
	at org.springframework.web.filter.OncePerRequestFilter.doFilter(OncePerRequestFilter.java:116) ~[spring-web-7.0.2.jar:7.0.2]
	at org.springframework.security.web.ObservationFilterChainDecorator$ObservationFilter.wrapFilter(ObservationFilterChainDecorator.java:244) ~[spring-security-web-7.0.2.jar:7.0.2]
	at org.springframework.security.web.ObservationFilterChainDecorator$ObservationFilter.doFilter(ObservationFilterChainDecorator.java:231) ~[spring-security-web-7.0.2.jar:7.0.2]
	at org.springframework.security.web.ObservationFilterChainDecorator$VirtualFilterChain.doFilter(ObservationFilterChainDecorator.java:141) ~[spring-security-web-7.0.2.jar:7.0.2]
	at org.springframework.security.web.context.SecurityContextHolderFilter.doFilter(SecurityContextHolderFilter.java:82) ~[spring-security-web-7.0.2.jar:7.0.2]
	at org.springframework.security.web.context.SecurityContextHolderFilter.doFilter(SecurityContextHolderFilter.java:69) ~[spring-security-web-7.0.2.jar:7.0.2]
	at org.springframework.security.web.ObservationFilterChainDecorator$ObservationFilter.wrapFilter(ObservationFilterChainDecorator.java:244) ~[spring-security-web-7.0.2.jar:7.0.2]
	at org.springframework.security.web.ObservationFilterChainDecorator$ObservationFilter.doFilter(ObservationFilterChainDecorator.java:231) ~[spring-security-web-7.0.2.jar:7.0.2]
	at org.springframework.security.web.ObservationFilterChainDecorator$VirtualFilterChain.doFilter(ObservationFilterChainDecorator.java:141) ~[spring-security-web-7.0.2.jar:7.0.2]
	at org.springframework.security.web.context.request.async.WebAsyncManagerIntegrationFilter.doFilterInternal(WebAsyncManagerIntegrationFilter.java:62) ~[spring-security-web-7.0.2.jar:7.0.2]
	at org.springframework.web.filter.OncePerRequestFilter.doFilter(OncePerRequestFilter.java:116) ~[spring-web-7.0.2.jar:7.0.2]
	at org.springframework.security.web.ObservationFilterChainDecorator$ObservationFilter.wrapFilter(ObservationFilterChainDecorator.java:244) ~[spring-security-web-7.0.2.jar:7.0.2]
	at org.springframework.security.web.ObservationFilterChainDecorator$ObservationFilter.doFilter(ObservationFilterChainDecorator.java:231) ~[spring-security-web-7.0.2.jar:7.0.2]
	at org.springframework.security.web.ObservationFilterChainDecorator$VirtualFilterChain.doFilter(ObservationFilterChainDecorator.java:141) ~[spring-security-web-7.0.2.jar:7.0.2]
	at org.springframework.security.web.session.DisableEncodeUrlFilter.doFilterInternal(DisableEncodeUrlFilter.java:42) ~[spring-security-web-7.0.2.jar:7.0.2]
	at org.springframework.web.filter.OncePerRequestFilter.doFilter(OncePerRequestFilter.java:116) ~[spring-web-7.0.2.jar:7.0.2]
	at org.springframework.security.web.ObservationFilterChainDecorator$ObservationFilter.wrapFilter(ObservationFilterChainDecorator.java:244) ~[spring-security-web-7.0.2.jar:7.0.2]
	at org.springframework.security.web.ObservationFilterChainDecorator$AroundFilterObservation$SimpleAroundFilterObservation.lambda$wrap$0(ObservationFilterChainDecorator.java:337) ~[spring-security-web-7.0.2.jar:7.0.2]
	at org.springframework.security.web.ObservationFilterChainDecorator$ObservationFilter.doFilter(ObservationFilterChainDecorator.java:228) ~[spring-security-web-7.0.2.jar:7.0.2]
	at org.springframework.security.web.ObservationFilterChainDecorator$VirtualFilterChain.doFilter(ObservationFilterChainDecorator.java:141) ~[spring-security-web-7.0.2.jar:7.0.2]
	at org.springframework.security.web.FilterChainProxy.doFilterInternal(FilterChainProxy.java:237) ~[spring-security-web-7.0.2.jar:7.0.2]
	at org.springframework.security.web.FilterChainProxy.doFilter(FilterChainProxy.java:195) ~[spring-security-web-7.0.2.jar:7.0.2]
	at org.springframework.web.filter.CompositeFilter$VirtualFilterChain.doFilter(CompositeFilter.java:113) ~[spring-web-7.0.2.jar:7.0.2]
	at org.springframework.web.filter.ServletRequestPathFilter.doFilter(ServletRequestPathFilter.java:52) ~[spring-web-7.0.2.jar:7.0.2]
	at org.springframework.web.filter.CompositeFilter$VirtualFilterChain.doFilter(CompositeFilter.java:113) ~[spring-web-7.0.2.jar:7.0.2]
	at org.springframework.web.filter.CompositeFilter.doFilter(CompositeFilter.java:74) ~[spring-web-7.0.2.jar:7.0.2]
	at org.springframework.security.config.annotation.web.configuration.WebSecurityConfiguration$CompositeFilterChainProxy.doFilter(WebSecurityConfiguration.java:317) ~[spring-security-config-7.0.2.jar:7.0.2]
	at org.springframework.web.filter.DelegatingFilterProxy.invokeDelegate(DelegatingFilterProxy.java:355) ~[spring-web-7.0.2.jar:7.0.2]
	at org.springframework.web.filter.DelegatingFilterProxy.doFilter(DelegatingFilterProxy.java:272) ~[spring-web-7.0.2.jar:7.0.2]
	at org.apache.catalina.core.ApplicationFilterChain.doFilter(ApplicationFilterChain.java:107) ~[tomcat-embed-core-11.0.15.jar:11.0.15]
	at org.springframework.web.filter.RequestContextFilter.doFilterInternal(RequestContextFilter.java:100) ~[spring-web-7.0.2.jar:7.0.2]
	at org.springframework.web.filter.OncePerRequestFilter.doFilter(OncePerRequestFilter.java:116) ~[spring-web-7.0.2.jar:7.0.2]
	at org.apache.catalina.core.ApplicationFilterChain.doFilter(ApplicationFilterChain.java:107) ~[tomcat-embed-core-11.0.15.jar:11.0.15]
	at org.springframework.web.filter.FormContentFilter.doFilterInternal(FormContentFilter.java:93) ~[spring-web-7.0.2.jar:7.0.2]
	at org.springframework.web.filter.OncePerRequestFilter.doFilter(OncePerRequestFilter.java:116) ~[spring-web-7.0.2.jar:7.0.2]
	at org.apache.catalina.core.ApplicationFilterChain.doFilter(ApplicationFilterChain.java:107) ~[tomcat-embed-core-11.0.15.jar:11.0.15]
	at org.springframework.web.filter.ServerHttpObservationFilter.doFilterInternal(ServerHttpObservationFilter.java:110) ~[spring-web-7.0.2.jar:7.0.2]
	at org.springframework.web.filter.OncePerRequestFilter.doFilter(OncePerRequestFilter.java:116) ~[spring-web-7.0.2.jar:7.0.2]
	at org.apache.catalina.core.ApplicationFilterChain.doFilter(ApplicationFilterChain.java:107) ~[tomcat-embed-core-11.0.15.jar:11.0.15]
	at org.springframework.web.filter.CharacterEncodingFilter.doFilterInternal(CharacterEncodingFilter.java:199) ~[spring-web-7.0.2.jar:7.0.2]
	at org.springframework.web.filter.OncePerRequestFilter.doFilter(OncePerRequestFilter.java:116) ~[spring-web-7.0.2.jar:7.0.2]
	at org.apache.catalina.core.ApplicationFilterChain.doFilter(ApplicationFilterChain.java:107) ~[tomcat-embed-core-11.0.15.jar:11.0.15]
	at org.apache.catalina.core.StandardWrapperValve.invoke(StandardWrapperValve.java:165) ~[tomcat-embed-core-11.0.15.jar:11.0.15]
	at org.apache.catalina.core.StandardContextValve.invoke(StandardContextValve.java:77) ~[tomcat-embed-core-11.0.15.jar:11.0.15]
	at org.apache.catalina.authenticator.AuthenticatorBase.invoke(AuthenticatorBase.java:482) ~[tomcat-embed-core-11.0.15.jar:11.0.15]
	at org.apache.catalina.core.StandardHostValve.invoke(StandardHostValve.java:113) ~[tomcat-embed-core-11.0.15.jar:11.0.15]
	at org.apache.catalina.valves.ErrorReportValve.invoke(ErrorReportValve.java:83) ~[tomcat-embed-core-11.0.15.jar:11.0.15]
	at org.apache.catalina.core.StandardEngineValve.invoke(StandardEngineValve.java:72) ~[tomcat-embed-core-11.0.15.jar:11.0.15]
	at org.apache.catalina.connector.CoyoteAdapter.service(CoyoteAdapter.java:341) ~[tomcat-embed-core-11.0.15.jar:11.0.15]
	at org.apache.coyote.http11.Http11Processor.service(Http11Processor.java:397) ~[tomcat-embed-core-11.0.15.jar:11.0.15]
	at org.apache.coyote.AbstractProcessorLight.process(AbstractProcessorLight.java:63) ~[tomcat-embed-core-11.0.15.jar:11.0.15]
	at org.apache.coyote.AbstractProtocol$ConnectionHandler.process(AbstractProtocol.java:903) ~[tomcat-embed-core-11.0.15.jar:11.0.15]
	at org.apache.tomcat.util.net.NioEndpoint$SocketProcessor.doRun(NioEndpoint.java:1778) ~[tomcat-embed-core-11.0.15.jar:11.0.15]
	at org.apache.tomcat.util.net.SocketProcessorBase.run(SocketProcessorBase.java:52) ~[tomcat-embed-core-11.0.15.jar:11.0.15]
	at org.apache.tomcat.util.threads.ThreadPoolExecutor.runWorker(ThreadPoolExecutor.java:946) ~[tomcat-embed-core-11.0.15.jar:11.0.15]
	at org.apache.tomcat.util.threads.ThreadPoolExecutor$Worker.run(ThreadPoolExecutor.java:480) ~[tomcat-embed-core-11.0.15.jar:11.0.15]
	at org.apache.tomcat.util.threads.TaskThread$WrappingRunnable.run(TaskThread.java:57) ~[tomcat-embed-core-11.0.15.jar:11.0.15]
	at java.base/java.lang.Thread.run(Thread.java:1583) ~[na:na]

2026-02-27T09:11:23.065+01:00  INFO 23160 --- [readyroad-secure] [io-8890-exec-10] c.r.r.config.RequestLoggingFilter        :   accept-encoding: gzip, deflate
2026-02-27T09:11:23.067+01:00  INFO 23160 --- [readyroad-secure] [io-8890-exec-10] c.r.r.config.RequestLoggingFilter        : ════════════════════════════════════════
2026-02-27T09:11:23.068+01:00  INFO 23160 --- [readyroad-secure] [nio-8890-exec-1] c.r.r.config.RequestLoggingFilter        : ════════════════════════════════════════
2026-02-27T09:11:23.082+01:00  INFO 23160 --- [readyroad-secure] [nio-8890-exec-1] c.r.r.config.RequestLoggingFilter        : 🌐 INCOMING REQUEST
2026-02-27T09:11:23.084+01:00  INFO 23160 --- [readyroad-secure] [nio-8890-exec-1] c.r.r.config.RequestLoggingFilter        : ════════════════════════════════════════
2026-02-27T09:11:23.084+01:00  INFO 23160 --- [readyroad-secure] [nio-8890-exec-1] c.r.r.config.RequestLoggingFilter        : Method: GET
2026-02-27T09:11:23.085+01:00  INFO 23160 --- [readyroad-secure] [nio-8890-exec-1] c.r.r.config.RequestLoggingFilter        : URI: /api/quiz/stats/category/2
2026-02-27T09:11:23.085+01:00  INFO 23160 --- [readyroad-secure] [nio-8890-exec-1] c.r.r.config.RequestLoggingFilter        : Remote Address: 0:0:0:0:0:0:0:1
2026-02-27T09:11:23.085+01:00  INFO 23160 --- [readyroad-secure] [nio-8890-exec-1] c.r.r.config.RequestLoggingFilter        : ----------------------------------------
2026-02-27T09:11:23.086+01:00  INFO 23160 --- [readyroad-secure] [nio-8890-exec-1] c.r.r.config.RequestLoggingFilter        : 📋 Request Headers:
2026-02-27T09:11:23.106+01:00 DEBUG 23160 --- [readyroad-secure] [io-8890-exec-10] org.hibernate.SQL                        : select count(qq1_0.id) from quiz_questions qq1_0 where qq1_0.category_id=? and qq1_0.is_active=true and qq1_0.status=?
2026-02-27T09:11:23.107+01:00  INFO 23160 --- [readyroad-secure] [nio-8890-exec-1] c.r.r.config.RequestLoggingFilter        :   host: localhost:8890
2026-02-27T09:11:23.107+01:00  INFO 23160 --- [readyroad-secure] [nio-8890-exec-1] c.r.r.config.RequestLoggingFilter        :   connection: keep-alive
2026-02-27T09:11:23.108+01:00  INFO 23160 --- [readyroad-secure] [nio-8890-exec-1] c.r.r.config.RequestLoggingFilter        :   Accept: application/json
2026-02-27T09:11:23.108+01:00  INFO 23160 --- [readyroad-secure] [nio-8890-exec-1] c.r.r.config.RequestLoggingFilter        :   Authorization: Bearer [TOKEN_HIDDEN]
2026-02-27T09:11:23.109+01:00  INFO 23160 --- [readyroad-secure] [nio-8890-exec-1] c.r.r.config.RequestLoggingFilter        :   accept-language: *
2026-02-27T09:11:23.110+01:00  INFO 23160 --- [readyroad-secure] [nio-8890-exec-1] c.r.r.config.RequestLoggingFilter        :   sec-fetch-mode: cors
2026-02-27T09:11:23.111+01:00  INFO 23160 --- [readyroad-secure] [nio-8890-exec-1] c.r.r.config.RequestLoggingFilter        :   user-agent: node
2026-02-27T09:11:23.112+01:00  INFO 23160 --- [readyroad-secure] [nio-8890-exec-1] c.r.r.config.RequestLoggingFilter        :   pragma: no-cache
2026-02-27T09:11:23.113+01:00  INFO 23160 --- [readyroad-secure] [nio-8890-exec-1] c.r.r.config.RequestLoggingFilter        :   cache-control: no-cache
2026-02-27T09:11:23.113+01:00  INFO 23160 --- [readyroad-secure] [nio-8890-exec-1] c.r.r.config.RequestLoggingFilter        :   accept-encoding: gzip, deflate
2026-02-27T09:11:23.113+01:00  INFO 23160 --- [readyroad-secure] [nio-8890-exec-1] c.r.r.config.RequestLoggingFilter        : ════════════════════════════════════════
2026-02-27T09:11:23.117+01:00 DEBUG 23160 --- [readyroad-secure] [nio-8890-exec-1] org.hibernate.SQL                        : select count(qq1_0.id) from quiz_questions qq1_0 where qq1_0.category_id=? and qq1_0.is_active=true and qq1_0.status=?
2026-02-27T09:11:23.144+01:00 ERROR 23160 --- [readyroad-secure] [nio-8890-exec-4] c.r.r.config.JwtAuthenticationFilter     : ❌ Cannot set user authentication: JWT expired 22512144 milliseconds ago at 2026-02-27T01:56:11.000Z. Current time: 2026-02-27T08:11:23.144Z. Allowed clock skew: 0 milliseconds.
2026-02-27T09:11:23.145+01:00 ERROR 23160 --- [readyroad-secure] [nio-8890-exec-4] c.r.r.config.JwtAuthenticationFilter     : Exception details:

io.jsonwebtoken.ExpiredJwtException: JWT expired 22512144 milliseconds ago at 2026-02-27T01:56:11.000Z. Current time: 2026-02-27T08:11:23.144Z. Allowed clock skew: 0 milliseconds.
	at io.jsonwebtoken.impl.DefaultJwtParser.parse(DefaultJwtParser.java:682) ~[jjwt-impl-0.12.5.jar:0.12.5]
	at io.jsonwebtoken.impl.DefaultJwtParser.parse(DefaultJwtParser.java:362) ~[jjwt-impl-0.12.5.jar:0.12.5]
	at io.jsonwebtoken.impl.DefaultJwtParser.parse(DefaultJwtParser.java:94) ~[jjwt-impl-0.12.5.jar:0.12.5]
	at io.jsonwebtoken.impl.io.AbstractParser.parse(AbstractParser.java:36) ~[jjwt-impl-0.12.5.jar:0.12.5]
	at io.jsonwebtoken.impl.io.AbstractParser.parse(AbstractParser.java:29) ~[jjwt-impl-0.12.5.jar:0.12.5]
	at io.jsonwebtoken.impl.DefaultJwtParser.parseSignedClaims(DefaultJwtParser.java:821) ~[jjwt-impl-0.12.5.jar:0.12.5]
	at com.readyroad.readyroadbackend.service.JwtService.extractAllClaims(JwtService.java:118) ~[classes/:na]
	at com.readyroad.readyroadbackend.service.JwtService.extractClaim(JwtService.java:103) ~[classes/:na]
	at com.readyroad.readyroadbackend.service.JwtService.extractUsername(JwtService.java:81) ~[classes/:na]
	at com.readyroad.readyroadbackend.config.JwtAuthenticationFilter.doFilterInternal(JwtAuthenticationFilter.java:113) ~[classes/:na]
	at org.springframework.web.filter.OncePerRequestFilter.doFilter(OncePerRequestFilter.java:116) ~[spring-web-7.0.2.jar:7.0.2]
	at org.springframework.security.web.ObservationFilterChainDecorator$ObservationFilter.wrapFilter(ObservationFilterChainDecorator.java:244) ~[spring-security-web-7.0.2.jar:7.0.2]
	at org.springframework.security.web.ObservationFilterChainDecorator$ObservationFilter.doFilter(ObservationFilterChainDecorator.java:231) ~[spring-security-web-7.0.2.jar:7.0.2]
	at org.springframework.security.web.ObservationFilterChainDecorator$VirtualFilterChain.doFilter(ObservationFilterChainDecorator.java:141) ~[spring-security-web-7.0.2.jar:7.0.2]
	at org.springframework.security.web.authentication.logout.LogoutFilter.doFilter(LogoutFilter.java:110) ~[spring-security-web-7.0.2.jar:7.0.2]
	at org.springframework.security.web.authentication.logout.LogoutFilter.doFilter(LogoutFilter.java:96) ~[spring-security-web-7.0.2.jar:7.0.2]
	at org.springframework.security.web.ObservationFilterChainDecorator$ObservationFilter.wrapFilter(ObservationFilterChainDecorator.java:244) ~[spring-security-web-7.0.2.jar:7.0.2]
	at org.springframework.security.web.ObservationFilterChainDecorator$ObservationFilter.doFilter(ObservationFilterChainDecorator.java:231) ~[spring-security-web-7.0.2.jar:7.0.2]
	at org.springframework.security.web.ObservationFilterChainDecorator$VirtualFilterChain.doFilter(ObservationFilterChainDecorator.java:141) ~[spring-security-web-7.0.2.jar:7.0.2]
	at org.springframework.web.filter.CorsFilter.doFilterInternal(CorsFilter.java:91) ~[spring-web-7.0.2.jar:7.0.2]
	at org.springframework.web.filter.OncePerRequestFilter.doFilter(OncePerRequestFilter.java:116) ~[spring-web-7.0.2.jar:7.0.2]
	at org.springframework.security.web.ObservationFilterChainDecorator$ObservationFilter.wrapFilter(ObservationFilterChainDecorator.java:244) ~[spring-security-web-7.0.2.jar:7.0.2]
	at org.springframework.security.web.ObservationFilterChainDecorator$ObservationFilter.doFilter(ObservationFilterChainDecorator.java:231) ~[spring-security-web-7.0.2.jar:7.0.2]
	at org.springframework.security.web.ObservationFilterChainDecorator$VirtualFilterChain.doFilter(ObservationFilterChainDecorator.java:141) ~[spring-security-web-7.0.2.jar:7.0.2]
	at org.springframework.security.web.header.HeaderWriterFilter.doHeadersAfter(HeaderWriterFilter.java:90) ~[spring-security-web-7.0.2.jar:7.0.2]
	at org.springframework.security.web.header.HeaderWriterFilter.doFilterInternal(HeaderWriterFilter.java:75) ~[spring-security-web-7.0.2.jar:7.0.2]
	at org.springframework.web.filter.OncePerRequestFilter.doFilter(OncePerRequestFilter.java:116) ~[spring-web-7.0.2.jar:7.0.2]
	at org.springframework.security.web.ObservationFilterChainDecorator$ObservationFilter.wrapFilter(ObservationFilterChainDecorator.java:244) ~[spring-security-web-7.0.2.jar:7.0.2]
	at org.springframework.security.web.ObservationFilterChainDecorator$ObservationFilter.doFilter(ObservationFilterChainDecorator.java:231) ~[spring-security-web-7.0.2.jar:7.0.2]
	at org.springframework.security.web.ObservationFilterChainDecorator$VirtualFilterChain.doFilter(ObservationFilterChainDecorator.java:141) ~[spring-security-web-7.0.2.jar:7.0.2]
	at org.springframework.security.web.context.SecurityContextHolderFilter.doFilter(SecurityContextHolderFilter.java:82) ~[spring-security-web-7.0.2.jar:7.0.2]
	at org.springframework.security.web.context.SecurityContextHolderFilter.doFilter(SecurityContextHolderFilter.java:69) ~[spring-security-web-7.0.2.jar:7.0.2]
	at org.springframework.security.web.ObservationFilterChainDecorator$ObservationFilter.wrapFilter(ObservationFilterChainDecorator.java:244) ~[spring-security-web-7.0.2.jar:7.0.2]
	at org.springframework.security.web.ObservationFilterChainDecorator$ObservationFilter.doFilter(ObservationFilterChainDecorator.java:231) ~[spring-security-web-7.0.2.jar:7.0.2]
	at org.springframework.security.web.ObservationFilterChainDecorator$VirtualFilterChain.doFilter(ObservationFilterChainDecorator.java:141) ~[spring-security-web-7.0.2.jar:7.0.2]
	at org.springframework.security.web.context.request.async.WebAsyncManagerIntegrationFilter.doFilterInternal(WebAsyncManagerIntegrationFilter.java:62) ~[spring-security-web-7.0.2.jar:7.0.2]
	at org.springframework.web.filter.OncePerRequestFilter.doFilter(OncePerRequestFilter.java:116) ~[spring-web-7.0.2.jar:7.0.2]
	at org.springframework.security.web.ObservationFilterChainDecorator$ObservationFilter.wrapFilter(ObservationFilterChainDecorator.java:244) ~[spring-security-web-7.0.2.jar:7.0.2]
	at org.springframework.security.web.ObservationFilterChainDecorator$ObservationFilter.doFilter(ObservationFilterChainDecorator.java:231) ~[spring-security-web-7.0.2.jar:7.0.2]
	at org.springframework.security.web.ObservationFilterChainDecorator$VirtualFilterChain.doFilter(ObservationFilterChainDecorator.java:141) ~[spring-security-web-7.0.2.jar:7.0.2]
	at org.springframework.security.web.session.DisableEncodeUrlFilter.doFilterInternal(DisableEncodeUrlFilter.java:42) ~[spring-security-web-7.0.2.jar:7.0.2]
	at org.springframework.web.filter.OncePerRequestFilter.doFilter(OncePerRequestFilter.java:116) ~[spring-web-7.0.2.jar:7.0.2]
	at org.springframework.security.web.ObservationFilterChainDecorator$ObservationFilter.wrapFilter(ObservationFilterChainDecorator.java:244) ~[spring-security-web-7.0.2.jar:7.0.2]
	at org.springframework.security.web.ObservationFilterChainDecorator$AroundFilterObservation$SimpleAroundFilterObservation.lambda$wrap$0(ObservationFilterChainDecorator.java:337) ~[spring-security-web-7.0.2.jar:7.0.2]
	at org.springframework.security.web.ObservationFilterChainDecorator$ObservationFilter.doFilter(ObservationFilterChainDecorator.java:228) ~[spring-security-web-7.0.2.jar:7.0.2]
	at org.springframework.security.web.ObservationFilterChainDecorator$VirtualFilterChain.doFilter(ObservationFilterChainDecorator.java:141) ~[spring-security-web-7.0.2.jar:7.0.2]
	at org.springframework.security.web.FilterChainProxy.doFilterInternal(FilterChainProxy.java:237) ~[spring-security-web-7.0.2.jar:7.0.2]
	at org.springframework.security.web.FilterChainProxy.doFilter(FilterChainProxy.java:195) ~[spring-security-web-7.0.2.jar:7.0.2]
	at org.springframework.web.filter.CompositeFilter$VirtualFilterChain.doFilter(CompositeFilter.java:113) ~[spring-web-7.0.2.jar:7.0.2]
	at org.springframework.web.filter.ServletRequestPathFilter.doFilter(ServletRequestPathFilter.java:52) ~[spring-web-7.0.2.jar:7.0.2]
	at org.springframework.web.filter.CompositeFilter$VirtualFilterChain.doFilter(CompositeFilter.java:113) ~[spring-web-7.0.2.jar:7.0.2]
	at org.springframework.web.filter.CompositeFilter.doFilter(CompositeFilter.java:74) ~[spring-web-7.0.2.jar:7.0.2]
	at org.springframework.security.config.annotation.web.configuration.WebSecurityConfiguration$CompositeFilterChainProxy.doFilter(WebSecurityConfiguration.java:317) ~[spring-security-config-7.0.2.jar:7.0.2]
	at org.springframework.web.filter.DelegatingFilterProxy.invokeDelegate(DelegatingFilterProxy.java:355) ~[spring-web-7.0.2.jar:7.0.2]
	at org.springframework.web.filter.DelegatingFilterProxy.doFilter(DelegatingFilterProxy.java:272) ~[spring-web-7.0.2.jar:7.0.2]
	at org.apache.catalina.core.ApplicationFilterChain.doFilter(ApplicationFilterChain.java:107) ~[tomcat-embed-core-11.0.15.jar:11.0.15]
	at org.springframework.web.filter.RequestContextFilter.doFilterInternal(RequestContextFilter.java:100) ~[spring-web-7.0.2.jar:7.0.2]
	at org.springframework.web.filter.OncePerRequestFilter.doFilter(OncePerRequestFilter.java:116) ~[spring-web-7.0.2.jar:7.0.2]
	at org.apache.catalina.core.ApplicationFilterChain.doFilter(ApplicationFilterChain.java:107) ~[tomcat-embed-core-11.0.15.jar:11.0.15]
	at org.springframework.web.filter.FormContentFilter.doFilterInternal(FormContentFilter.java:93) ~[spring-web-7.0.2.jar:7.0.2]
	at org.springframework.web.filter.OncePerRequestFilter.doFilter(OncePerRequestFilter.java:116) ~[spring-web-7.0.2.jar:7.0.2]
	at org.apache.catalina.core.ApplicationFilterChain.doFilter(ApplicationFilterChain.java:107) ~[tomcat-embed-core-11.0.15.jar:11.0.15]
	at org.springframework.web.filter.ServerHttpObservationFilter.doFilterInternal(ServerHttpObservationFilter.java:110) ~[spring-web-7.0.2.jar:7.0.2]
	at org.springframework.web.filter.OncePerRequestFilter.doFilter(OncePerRequestFilter.java:116) ~[spring-web-7.0.2.jar:7.0.2]
	at org.apache.catalina.core.ApplicationFilterChain.doFilter(ApplicationFilterChain.java:107) ~[tomcat-embed-core-11.0.15.jar:11.0.15]
	at org.springframework.web.filter.CharacterEncodingFilter.doFilterInternal(CharacterEncodingFilter.java:199) ~[spring-web-7.0.2.jar:7.0.2]
	at org.springframework.web.filter.OncePerRequestFilter.doFilter(OncePerRequestFilter.java:116) ~[spring-web-7.0.2.jar:7.0.2]
	at org.apache.catalina.core.ApplicationFilterChain.doFilter(ApplicationFilterChain.java:107) ~[tomcat-embed-core-11.0.15.jar:11.0.15]
	at org.apache.catalina.core.StandardWrapperValve.invoke(StandardWrapperValve.java:165) ~[tomcat-embed-core-11.0.15.jar:11.0.15]
	at org.apache.catalina.core.StandardContextValve.invoke(StandardContextValve.java:77) ~[tomcat-embed-core-11.0.15.jar:11.0.15]
	at org.apache.catalina.authenticator.AuthenticatorBase.invoke(AuthenticatorBase.java:482) ~[tomcat-embed-core-11.0.15.jar:11.0.15]
	at org.apache.catalina.core.StandardHostValve.invoke(StandardHostValve.java:113) ~[tomcat-embed-core-11.0.15.jar:11.0.15]
	at org.apache.catalina.valves.ErrorReportValve.invoke(ErrorReportValve.java:83) ~[tomcat-embed-core-11.0.15.jar:11.0.15]
	at org.apache.catalina.core.StandardEngineValve.invoke(StandardEngineValve.java:72) ~[tomcat-embed-core-11.0.15.jar:11.0.15]
	at org.apache.catalina.connector.CoyoteAdapter.service(CoyoteAdapter.java:341) ~[tomcat-embed-core-11.0.15.jar:11.0.15]
	at org.apache.coyote.http11.Http11Processor.service(Http11Processor.java:397) ~[tomcat-embed-core-11.0.15.jar:11.0.15]
	at org.apache.coyote.AbstractProcessorLight.process(AbstractProcessorLight.java:63) ~[tomcat-embed-core-11.0.15.jar:11.0.15]
	at org.apache.coyote.AbstractProtocol$ConnectionHandler.process(AbstractProtocol.java:903) ~[tomcat-embed-core-11.0.15.jar:11.0.15]
	at org.apache.tomcat.util.net.NioEndpoint$SocketProcessor.doRun(NioEndpoint.java:1778) ~[tomcat-embed-core-11.0.15.jar:11.0.15]
	at org.apache.tomcat.util.net.SocketProcessorBase.run(SocketProcessorBase.java:52) ~[tomcat-embed-core-11.0.15.jar:11.0.15]
	at org.apache.tomcat.util.threads.ThreadPoolExecutor.runWorker(ThreadPoolExecutor.java:946) ~[tomcat-embed-core-11.0.15.jar:11.0.15]
	at org.apache.tomcat.util.threads.ThreadPoolExecutor$Worker.run(ThreadPoolExecutor.java:480) ~[tomcat-embed-core-11.0.15.jar:11.0.15]
	at org.apache.tomcat.util.threads.TaskThread$WrappingRunnable.run(TaskThread.java:57) ~[tomcat-embed-core-11.0.15.jar:11.0.15]
	at java.base/java.lang.Thread.run(Thread.java:1583) ~[na:na]

2026-02-27T09:11:23.150+01:00  INFO 23160 --- [readyroad-secure] [nio-8890-exec-4] c.r.r.config.RequestLoggingFilter        : ════════════════════════════════════════
2026-02-27T09:11:23.150+01:00  INFO 23160 --- [readyroad-secure] [nio-8890-exec-4] c.r.r.config.RequestLoggingFilter        : 🌐 INCOMING REQUEST
2026-02-27T09:11:23.151+01:00  INFO 23160 --- [readyroad-secure] [nio-8890-exec-4] c.r.r.config.RequestLoggingFilter        : ════════════════════════════════════════
2026-02-27T09:11:23.152+01:00  INFO 23160 --- [readyroad-secure] [nio-8890-exec-4] c.r.r.config.RequestLoggingFilter        : Method: GET
2026-02-27T09:11:23.152+01:00  INFO 23160 --- [readyroad-secure] [nio-8890-exec-4] c.r.r.config.RequestLoggingFilter        : URI: /api/quiz/stats/category/7
2026-02-27T09:11:23.152+01:00  INFO 23160 --- [readyroad-secure] [nio-8890-exec-4] c.r.r.config.RequestLoggingFilter        : Remote Address: 0:0:0:0:0:0:0:1
2026-02-27T09:11:23.153+01:00  INFO 23160 --- [readyroad-secure] [nio-8890-exec-4] c.r.r.config.RequestLoggingFilter        : ----------------------------------------
2026-02-27T09:11:23.153+01:00  INFO 23160 --- [readyroad-secure] [nio-8890-exec-4] c.r.r.config.RequestLoggingFilter        : 📋 Request Headers:
2026-02-27T09:11:23.154+01:00  INFO 23160 --- [readyroad-secure] [nio-8890-exec-4] c.r.r.config.RequestLoggingFilter        :   host: localhost:8890
2026-02-27T09:11:23.154+01:00  INFO 23160 --- [readyroad-secure] [nio-8890-exec-4] c.r.r.config.RequestLoggingFilter        :   connection: keep-alive
2026-02-27T09:11:23.154+01:00  INFO 23160 --- [readyroad-secure] [nio-8890-exec-4] c.r.r.config.RequestLoggingFilter        :   Accept: application/json
2026-02-27T09:11:23.155+01:00  INFO 23160 --- [readyroad-secure] [nio-8890-exec-4] c.r.r.config.RequestLoggingFilter        :   Authorization: Bearer [TOKEN_HIDDEN]
2026-02-27T09:11:23.155+01:00  INFO 23160 --- [readyroad-secure] [nio-8890-exec-4] c.r.r.config.RequestLoggingFilter        :   accept-language: *
2026-02-27T09:11:23.155+01:00  INFO 23160 --- [readyroad-secure] [nio-8890-exec-4] c.r.r.config.RequestLoggingFilter        :   sec-fetch-mode: cors
2026-02-27T09:11:23.156+01:00  INFO 23160 --- [readyroad-secure] [nio-8890-exec-4] c.r.r.config.RequestLoggingFilter        :   user-agent: node
2026-02-27T09:11:23.158+01:00  INFO 23160 --- [readyroad-secure] [nio-8890-exec-4] c.r.r.config.RequestLoggingFilter        :   pragma: no-cache
2026-02-27T09:11:23.159+01:00  INFO 23160 --- [readyroad-secure] [nio-8890-exec-4] c.r.r.config.RequestLoggingFilter        :   cache-control: no-cache
2026-02-27T09:11:23.160+01:00  INFO 23160 --- [readyroad-secure] [nio-8890-exec-4] c.r.r.config.RequestLoggingFilter        :   accept-encoding: gzip, deflate
2026-02-27T09:11:23.161+01:00  INFO 23160 --- [readyroad-secure] [nio-8890-exec-4] c.r.r.config.RequestLoggingFilter        : ════════════════════════════════════════
2026-02-27T09:11:23.164+01:00 DEBUG 23160 --- [readyroad-secure] [nio-8890-exec-4] org.hibernate.SQL                        : select count(qq1_0.id) from quiz_questions qq1_0 where qq1_0.category_id=? and qq1_0.is_active=true and qq1_0.status=?
2026-02-27T09:11:23.435+01:00 ERROR 23160 --- [readyroad-secure] [nio-8890-exec-5] c.r.r.config.JwtAuthenticationFilter     : ❌ Cannot set user authentication: JWT expired 22512434 milliseconds ago at 2026-02-27T01:56:11.000Z. Current time: 2026-02-27T08:11:23.434Z. Allowed clock skew: 0 milliseconds.
2026-02-27T09:11:23.436+01:00 ERROR 23160 --- [readyroad-secure] [nio-8890-exec-8] c.r.r.config.JwtAuthenticationFilter     : ❌ Cannot set user authentication: JWT expired 22512436 milliseconds ago at 2026-02-27T01:56:11.000Z. Current time: 2026-02-27T08:11:23.436Z. Allowed clock skew: 0 milliseconds.
2026-02-27T09:11:23.436+01:00 ERROR 23160 --- [readyroad-secure] [nio-8890-exec-8] c.r.r.config.JwtAuthenticationFilter     : Exception details:

io.jsonwebtoken.ExpiredJwtException: JWT expired 22512436 milliseconds ago at 2026-02-27T01:56:11.000Z. Current time: 2026-02-27T08:11:23.436Z. Allowed clock skew: 0 milliseconds.
	at io.jsonwebtoken.impl.DefaultJwtParser.parse(DefaultJwtParser.java:682) ~[jjwt-impl-0.12.5.jar:0.12.5]
	at io.jsonwebtoken.impl.DefaultJwtParser.parse(DefaultJwtParser.java:362) ~[jjwt-impl-0.12.5.jar:0.12.5]
	at io.jsonwebtoken.impl.DefaultJwtParser.parse(DefaultJwtParser.java:94) ~[jjwt-impl-0.12.5.jar:0.12.5]
	at io.jsonwebtoken.impl.io.AbstractParser.parse(AbstractParser.java:36) ~[jjwt-impl-0.12.5.jar:0.12.5]
	at io.jsonwebtoken.impl.io.AbstractParser.parse(AbstractParser.java:29) ~[jjwt-impl-0.12.5.jar:0.12.5]
	at io.jsonwebtoken.impl.DefaultJwtParser.parseSignedClaims(DefaultJwtParser.java:821) ~[jjwt-impl-0.12.5.jar:0.12.5]
	at com.readyroad.readyroadbackend.service.JwtService.extractAllClaims(JwtService.java:118) ~[classes/:na]
	at com.readyroad.readyroadbackend.service.JwtService.extractClaim(JwtService.java:103) ~[classes/:na]
	at com.readyroad.readyroadbackend.service.JwtService.extractUsername(JwtService.java:81) ~[classes/:na]
	at com.readyroad.readyroadbackend.config.JwtAuthenticationFilter.doFilterInternal(JwtAuthenticationFilter.java:113) ~[classes/:na]
	at org.springframework.web.filter.OncePerRequestFilter.doFilter(OncePerRequestFilter.java:116) ~[spring-web-7.0.2.jar:7.0.2]
	at org.springframework.security.web.ObservationFilterChainDecorator$ObservationFilter.wrapFilter(ObservationFilterChainDecorator.java:244) ~[spring-security-web-7.0.2.jar:7.0.2]
	at org.springframework.security.web.ObservationFilterChainDecorator$ObservationFilter.doFilter(ObservationFilterChainDecorator.java:231) ~[spring-security-web-7.0.2.jar:7.0.2]
	at org.springframework.security.web.ObservationFilterChainDecorator$VirtualFilterChain.doFilter(ObservationFilterChainDecorator.java:141) ~[spring-security-web-7.0.2.jar:7.0.2]
	at org.springframework.security.web.authentication.logout.LogoutFilter.doFilter(LogoutFilter.java:110) ~[spring-security-web-7.0.2.jar:7.0.2]
	at org.springframework.security.web.authentication.logout.LogoutFilter.doFilter(LogoutFilter.java:96) ~[spring-security-web-7.0.2.jar:7.0.2]
	at org.springframework.security.web.ObservationFilterChainDecorator$ObservationFilter.wrapFilter(ObservationFilterChainDecorator.java:244) ~[spring-security-web-7.0.2.jar:7.0.2]
	at org.springframework.security.web.ObservationFilterChainDecorator$ObservationFilter.doFilter(ObservationFilterChainDecorator.java:231) ~[spring-security-web-7.0.2.jar:7.0.2]
	at org.springframework.security.web.ObservationFilterChainDecorator$VirtualFilterChain.doFilter(ObservationFilterChainDecorator.java:141) ~[spring-security-web-7.0.2.jar:7.0.2]
	at org.springframework.web.filter.CorsFilter.doFilterInternal(CorsFilter.java:91) ~[spring-web-7.0.2.jar:7.0.2]
	at org.springframework.web.filter.OncePerRequestFilter.doFilter(OncePerRequestFilter.java:116) ~[spring-web-7.0.2.jar:7.0.2]
	at org.springframework.security.web.ObservationFilterChainDecorator$ObservationFilter.wrapFilter(ObservationFilterChainDecorator.java:244) ~[spring-security-web-7.0.2.jar:7.0.2]
	at org.springframework.security.web.ObservationFilterChainDecorator$ObservationFilter.doFilter(ObservationFilterChainDecorator.java:231) ~[spring-security-web-7.0.2.jar:7.0.2]
	at org.springframework.security.web.ObservationFilterChainDecorator$VirtualFilterChain.doFilter(ObservationFilterChainDecorator.java:141) ~[spring-security-web-7.0.2.jar:7.0.2]
	at org.springframework.security.web.header.HeaderWriterFilter.doHeadersAfter(HeaderWriterFilter.java:90) ~[spring-security-web-7.0.2.jar:7.0.2]
	at org.springframework.security.web.header.HeaderWriterFilter.doFilterInternal(HeaderWriterFilter.java:75) ~[spring-security-web-7.0.2.jar:7.0.2]
	at org.springframework.web.filter.OncePerRequestFilter.doFilter(OncePerRequestFilter.java:116) ~[spring-web-7.0.2.jar:7.0.2]
	at org.springframework.security.web.ObservationFilterChainDecorator$ObservationFilter.wrapFilter(ObservationFilterChainDecorator.java:244) ~[spring-security-web-7.0.2.jar:7.0.2]
	at org.springframework.security.web.ObservationFilterChainDecorator$ObservationFilter.doFilter(ObservationFilterChainDecorator.java:231) ~[spring-security-web-7.0.2.jar:7.0.2]
	at org.springframework.security.web.ObservationFilterChainDecorator$VirtualFilterChain.doFilter(ObservationFilterChainDecorator.java:141) ~[spring-security-web-7.0.2.jar:7.0.2]
	at org.springframework.security.web.context.SecurityContextHolderFilter.doFilter(SecurityContextHolderFilter.java:82) ~[spring-security-web-7.0.2.jar:7.0.2]
	at org.springframework.security.web.context.SecurityContextHolderFilter.doFilter(SecurityContextHolderFilter.java:69) ~[spring-security-web-7.0.2.jar:7.0.2]
	at org.springframework.security.web.ObservationFilterChainDecorator$ObservationFilter.wrapFilter(ObservationFilterChainDecorator.java:244) ~[spring-security-web-7.0.2.jar:7.0.2]
	at org.springframework.security.web.ObservationFilterChainDecorator$ObservationFilter.doFilter(ObservationFilterChainDecorator.java:231) ~[spring-security-web-7.0.2.jar:7.0.2]
	at org.springframework.security.web.ObservationFilterChainDecorator$VirtualFilterChain.doFilter(ObservationFilterChainDecorator.java:141) ~[spring-security-web-7.0.2.jar:7.0.2]
	at org.springframework.security.web.context.request.async.WebAsyncManagerIntegrationFilter.doFilterInternal(WebAsyncManagerIntegrationFilter.java:62) ~[spring-security-web-7.0.2.jar:7.0.2]
	at org.springframework.web.filter.OncePerRequestFilter.doFilter(OncePerRequestFilter.java:116) ~[spring-web-7.0.2.jar:7.0.2]
	at org.springframework.security.web.ObservationFilterChainDecorator$ObservationFilter.wrapFilter(ObservationFilterChainDecorator.java:244) ~[spring-security-web-7.0.2.jar:7.0.2]
	at org.springframework.security.web.ObservationFilterChainDecorator$ObservationFilter.doFilter(ObservationFilterChainDecorator.java:231) ~[spring-security-web-7.0.2.jar:7.0.2]
	at org.springframework.security.web.ObservationFilterChainDecorator$VirtualFilterChain.doFilter(ObservationFilterChainDecorator.java:141) ~[spring-security-web-7.0.2.jar:7.0.2]
	at org.springframework.security.web.session.DisableEncodeUrlFilter.doFilterInternal(DisableEncodeUrlFilter.java:42) ~[spring-security-web-7.0.2.jar:7.0.2]
	at org.springframework.web.filter.OncePerRequestFilter.doFilter(OncePerRequestFilter.java:116) ~[spring-web-7.0.2.jar:7.0.2]
	at org.springframework.security.web.ObservationFilterChainDecorator$ObservationFilter.wrapFilter(ObservationFilterChainDecorator.java:244) ~[spring-security-web-7.0.2.jar:7.0.2]
	at org.springframework.security.web.ObservationFilterChainDecorator$AroundFilterObservation$SimpleAroundFilterObservation.lambda$wrap$0(ObservationFilterChainDecorator.java:337) ~[spring-security-web-7.0.2.jar:7.0.2]
	at org.springframework.security.web.ObservationFilterChainDecorator$ObservationFilter.doFilter(ObservationFilterChainDecorator.java:228) ~[spring-security-web-7.0.2.jar:7.0.2]
	at org.springframework.security.web.ObservationFilterChainDecorator$VirtualFilterChain.doFilter(ObservationFilterChainDecorator.java:141) ~[spring-security-web-7.0.2.jar:7.0.2]
	at org.springframework.security.web.FilterChainProxy.doFilterInternal(FilterChainProxy.java:237) ~[spring-security-web-7.0.2.jar:7.0.2]
	at org.springframework.security.web.FilterChainProxy.doFilter(FilterChainProxy.java:195) ~[spring-security-web-7.0.2.jar:7.0.2]
	at org.springframework.web.filter.CompositeFilter$VirtualFilterChain.doFilter(CompositeFilter.java:113) ~[spring-web-7.0.2.jar:7.0.2]
	at org.springframework.web.filter.ServletRequestPathFilter.doFilter(ServletRequestPathFilter.java:52) ~[spring-web-7.0.2.jar:7.0.2]
	at org.springframework.web.filter.CompositeFilter$VirtualFilterChain.doFilter(CompositeFilter.java:113) ~[spring-web-7.0.2.jar:7.0.2]
	at org.springframework.web.filter.CompositeFilter.doFilter(CompositeFilter.java:74) ~[spring-web-7.0.2.jar:7.0.2]
	at org.springframework.security.config.annotation.web.configuration.WebSecurityConfiguration$CompositeFilterChainProxy.doFilter(WebSecurityConfiguration.java:317) ~[spring-security-config-7.0.2.jar:7.0.2]
	at org.springframework.web.filter.DelegatingFilterProxy.invokeDelegate(DelegatingFilterProxy.java:355) ~[spring-web-7.0.2.jar:7.0.2]
	at org.springframework.web.filter.DelegatingFilterProxy.doFilter(DelegatingFilterProxy.java:272) ~[spring-web-7.0.2.jar:7.0.2]
	at org.apache.catalina.core.ApplicationFilterChain.doFilter(ApplicationFilterChain.java:107) ~[tomcat-embed-core-11.0.15.jar:11.0.15]
	at org.springframework.web.filter.RequestContextFilter.doFilterInternal(RequestContextFilter.java:100) ~[spring-web-7.0.2.jar:7.0.2]
	at org.springframework.web.filter.OncePerRequestFilter.doFilter(OncePerRequestFilter.java:116) ~[spring-web-7.0.2.jar:7.0.2]
	at org.apache.catalina.core.ApplicationFilterChain.doFilter(ApplicationFilterChain.java:107) ~[tomcat-embed-core-11.0.15.jar:11.0.15]
	at org.springframework.web.filter.FormContentFilter.doFilterInternal(FormContentFilter.java:93) ~[spring-web-7.0.2.jar:7.0.2]
	at org.springframework.web.filter.OncePerRequestFilter.doFilter(OncePerRequestFilter.java:116) ~[spring-web-7.0.2.jar:7.0.2]
	at org.apache.catalina.core.ApplicationFilterChain.doFilter(ApplicationFilterChain.java:107) ~[tomcat-embed-core-11.0.15.jar:11.0.15]
	at org.springframework.web.filter.ServerHttpObservationFilter.doFilterInternal(ServerHttpObservationFilter.java:110) ~[spring-web-7.0.2.jar:7.0.2]
	at org.springframework.web.filter.OncePerRequestFilter.doFilter(OncePerRequestFilter.java:116) ~[spring-web-7.0.2.jar:7.0.2]
	at org.apache.catalina.core.ApplicationFilterChain.doFilter(ApplicationFilterChain.java:107) ~[tomcat-embed-core-11.0.15.jar:11.0.15]
	at org.springframework.web.filter.CharacterEncodingFilter.doFilterInternal(CharacterEncodingFilter.java:199) ~[spring-web-7.0.2.jar:7.0.2]
	at org.springframework.web.filter.OncePerRequestFilter.doFilter(OncePerRequestFilter.java:116) ~[spring-web-7.0.2.jar:7.0.2]
	at org.apache.catalina.core.ApplicationFilterChain.doFilter(ApplicationFilterChain.java:107) ~[tomcat-embed-core-11.0.15.jar:11.0.15]
	at org.apache.catalina.core.StandardWrapperValve.invoke(StandardWrapperValve.java:165) ~[tomcat-embed-core-11.0.15.jar:11.0.15]
	at org.apache.catalina.core.StandardContextValve.invoke(StandardContextValve.java:77) ~[tomcat-embed-core-11.0.15.jar:11.0.15]
	at org.apache.catalina.authenticator.AuthenticatorBase.invoke(AuthenticatorBase.java:482) ~[tomcat-embed-core-11.0.15.jar:11.0.15]
	at org.apache.catalina.core.StandardHostValve.invoke(StandardHostValve.java:113) ~[tomcat-embed-core-11.0.15.jar:11.0.15]
	at org.apache.catalina.valves.ErrorReportValve.invoke(ErrorReportValve.java:83) ~[tomcat-embed-core-11.0.15.jar:11.0.15]
	at org.apache.catalina.core.StandardEngineValve.invoke(StandardEngineValve.java:72) ~[tomcat-embed-core-11.0.15.jar:11.0.15]
	at org.apache.catalina.connector.CoyoteAdapter.service(CoyoteAdapter.java:341) ~[tomcat-embed-core-11.0.15.jar:11.0.15]
	at org.apache.coyote.http11.Http11Processor.service(Http11Processor.java:397) ~[tomcat-embed-core-11.0.15.jar:11.0.15]
	at org.apache.coyote.AbstractProcessorLight.process(AbstractProcessorLight.java:63) ~[tomcat-embed-core-11.0.15.jar:11.0.15]
	at org.apache.coyote.AbstractProtocol$ConnectionHandler.process(AbstractProtocol.java:903) ~[tomcat-embed-core-11.0.15.jar:11.0.15]
	at org.apache.tomcat.util.net.NioEndpoint$SocketProcessor.doRun(NioEndpoint.java:1778) ~[tomcat-embed-core-11.0.15.jar:11.0.15]
	at org.apache.tomcat.util.net.SocketProcessorBase.run(SocketProcessorBase.java:52) ~[tomcat-embed-core-11.0.15.jar:11.0.15]
	at org.apache.tomcat.util.threads.ThreadPoolExecutor.runWorker(ThreadPoolExecutor.java:946) ~[tomcat-embed-core-11.0.15.jar:11.0.15]
	at org.apache.tomcat.util.threads.ThreadPoolExecutor$Worker.run(ThreadPoolExecutor.java:480) ~[tomcat-embed-core-11.0.15.jar:11.0.15]
	at org.apache.tomcat.util.threads.TaskThread$WrappingRunnable.run(TaskThread.java:57) ~[tomcat-embed-core-11.0.15.jar:11.0.15]
	at java.base/java.lang.Thread.run(Thread.java:1583) ~[na:na]

2026-02-27T09:11:23.441+01:00  INFO 23160 --- [readyroad-secure] [nio-8890-exec-8] c.r.r.config.RequestLoggingFilter        : ════════════════════════════════════════
2026-02-27T09:11:23.441+01:00  INFO 23160 --- [readyroad-secure] [nio-8890-exec-8] c.r.r.config.RequestLoggingFilter        : 🌐 INCOMING REQUEST
2026-02-27T09:11:23.435+01:00 ERROR 23160 --- [readyroad-secure] [nio-8890-exec-5] c.r.r.config.JwtAuthenticationFilter     : Exception details:

io.jsonwebtoken.ExpiredJwtException: JWT expired 22512434 milliseconds ago at 2026-02-27T01:56:11.000Z. Current time: 2026-02-27T08:11:23.434Z. Allowed clock skew: 0 milliseconds.
	at io.jsonwebtoken.impl.DefaultJwtParser.parse(DefaultJwtParser.java:682) ~[jjwt-impl-0.12.5.jar:0.12.5]
	at io.jsonwebtoken.impl.DefaultJwtParser.parse(DefaultJwtParser.java:362) ~[jjwt-impl-0.12.5.jar:0.12.5]
	at io.jsonwebtoken.impl.DefaultJwtParser.parse(DefaultJwtParser.java:94) ~[jjwt-impl-0.12.5.jar:0.12.5]
	at io.jsonwebtoken.impl.io.AbstractParser.parse(AbstractParser.java:36) ~[jjwt-impl-0.12.5.jar:0.12.5]
	at io.jsonwebtoken.impl.io.AbstractParser.parse(AbstractParser.java:29) ~[jjwt-impl-0.12.5.jar:0.12.5]
	at io.jsonwebtoken.impl.DefaultJwtParser.parseSignedClaims(DefaultJwtParser.java:821) ~[jjwt-impl-0.12.5.jar:0.12.5]
	at com.readyroad.readyroadbackend.service.JwtService.extractAllClaims(JwtService.java:118) ~[classes/:na]
	at com.readyroad.readyroadbackend.service.JwtService.extractClaim(JwtService.java:103) ~[classes/:na]
	at com.readyroad.readyroadbackend.service.JwtService.extractUsername(JwtService.java:81) ~[classes/:na]
	at com.readyroad.readyroadbackend.config.JwtAuthenticationFilter.doFilterInternal(JwtAuthenticationFilter.java:113) ~[classes/:na]
	at org.springframework.web.filter.OncePerRequestFilter.doFilter(OncePerRequestFilter.java:116) ~[spring-web-7.0.2.jar:7.0.2]
	at org.springframework.security.web.ObservationFilterChainDecorator$ObservationFilter.wrapFilter(ObservationFilterChainDecorator.java:244) ~[spring-security-web-7.0.2.jar:7.0.2]
	at org.springframework.security.web.ObservationFilterChainDecorator$ObservationFilter.doFilter(ObservationFilterChainDecorator.java:231) ~[spring-security-web-7.0.2.jar:7.0.2]
	at org.springframework.security.web.ObservationFilterChainDecorator$VirtualFilterChain.doFilter(ObservationFilterChainDecorator.java:141) ~[spring-security-web-7.0.2.jar:7.0.2]
	at org.springframework.security.web.authentication.logout.LogoutFilter.doFilter(LogoutFilter.java:110) ~[spring-security-web-7.0.2.jar:7.0.2]
	at org.springframework.security.web.authentication.logout.LogoutFilter.doFilter(LogoutFilter.java:96) ~[spring-security-web-7.0.2.jar:7.0.2]
	at org.springframework.security.web.ObservationFilterChainDecorator$ObservationFilter.wrapFilter(ObservationFilterChainDecorator.java:244) ~[spring-security-web-7.0.2.jar:7.0.2]
	at org.springframework.security.web.ObservationFilterChainDecorator$ObservationFilter.doFilter(ObservationFilterChainDecorator.java:231) ~[spring-security-web-7.0.2.jar:7.0.2]
	at org.springframework.security.web.ObservationFilterChainDecorator$VirtualFilterChain.doFilter(ObservationFilterChainDecorator.java:141) ~[spring-security-web-7.0.2.jar:7.0.2]
	at org.springframework.web.filter.CorsFilter.doFilterInternal(CorsFilter.java:91) ~[spring-web-7.0.2.jar:7.0.2]
	at org.springframework.web.filter.OncePerRequestFilter.doFilter(OncePerRequestFilter.java:116) ~[spring-web-7.0.2.jar:7.0.2]
	at org.springframework.security.web.ObservationFilterChainDecorator$ObservationFilter.wrapFilter(ObservationFilterChainDecorator.java:244) ~[spring-security-web-7.0.2.jar:7.0.2]
	at org.springframework.security.web.ObservationFilterChainDecorator$ObservationFilter.doFilter(ObservationFilterChainDecorator.java:231) ~[spring-security-web-7.0.2.jar:7.0.2]
	at org.springframework.security.web.ObservationFilterChainDecorator$VirtualFilterChain.doFilter(ObservationFilterChainDecorator.java:141) ~[spring-security-web-7.0.2.jar:7.0.2]
	at org.springframework.security.web.header.HeaderWriterFilter.doHeadersAfter(HeaderWriterFilter.java:90) ~[spring-security-web-7.0.2.jar:7.0.2]
	at org.springframework.security.web.header.HeaderWriterFilter.doFilterInternal(HeaderWriterFilter.java:75) ~[spring-security-web-7.0.2.jar:7.0.2]
	at org.springframework.web.filter.OncePerRequestFilter.doFilter(OncePerRequestFilter.java:116) ~[spring-web-7.0.2.jar:7.0.2]
	at org.springframework.security.web.ObservationFilterChainDecorator$ObservationFilter.wrapFilter(ObservationFilterChainDecorator.java:244) ~[spring-security-web-7.0.2.jar:7.0.2]
	at org.springframework.security.web.ObservationFilterChainDecorator$ObservationFilter.doFilter(ObservationFilterChainDecorator.java:231) ~[spring-security-web-7.0.2.jar:7.0.2]
	at org.springframework.security.web.ObservationFilterChainDecorator$VirtualFilterChain.doFilter(ObservationFilterChainDecorator.java:141) ~[spring-security-web-7.0.2.jar:7.0.2]
	at org.springframework.security.web.context.SecurityContextHolderFilter.doFilter(SecurityContextHolderFilter.java:82) ~[spring-security-web-7.0.2.jar:7.0.2]
	at org.springframework.security.web.context.SecurityContextHolderFilter.doFilter(SecurityContextHolderFilter.java:69) ~[spring-security-web-7.0.2.jar:7.0.2]
	at org.springframework.security.web.ObservationFilterChainDecorator$ObservationFilter.wrapFilter(ObservationFilterChainDecorator.java:244) ~[spring-security-web-7.0.2.jar:7.0.2]
	at org.springframework.security.web.ObservationFilterChainDecorator$ObservationFilter.doFilter(ObservationFilterChainDecorator.java:231) ~[spring-security-web-7.0.2.jar:7.0.2]
	at org.springframework.security.web.ObservationFilterChainDecorator$VirtualFilterChain.doFilter(ObservationFilterChainDecorator.java:141) ~[spring-security-web-7.0.2.jar:7.0.2]
	at org.springframework.security.web.context.request.async.WebAsyncManagerIntegrationFilter.doFilterInternal(WebAsyncManagerIntegrationFilter.java:62) ~[spring-security-web-7.0.2.jar:7.0.2]
	at org.springframework.web.filter.OncePerRequestFilter.doFilter(OncePerRequestFilter.java:116) ~[spring-web-7.0.2.jar:7.0.2]
	at org.springframework.security.web.ObservationFilterChainDecorator$ObservationFilter.wrapFilter(ObservationFilterChainDecorator.java:244) ~[spring-security-web-7.0.2.jar:7.0.2]
	at org.springframework.security.web.ObservationFilterChainDecorator$ObservationFilter.doFilter(ObservationFilterChainDecorator.java:231) ~[spring-security-web-7.0.2.jar:7.0.2]
	at org.springframework.security.web.ObservationFilterChainDecorator$VirtualFilterChain.doFilter(ObservationFilterChainDecorator.java:141) ~[spring-security-web-7.0.2.jar:7.0.2]
	at org.springframework.security.web.session.DisableEncodeUrlFilter.doFilterInternal(DisableEncodeUrlFilter.java:42) ~[spring-security-web-7.0.2.jar:7.0.2]
	at org.springframework.web.filter.OncePerRequestFilter.doFilter(OncePerRequestFilter.java:116) ~[spring-web-7.0.2.jar:7.0.2]
	at org.springframework.security.web.ObservationFilterChainDecorator$ObservationFilter.wrapFilter(ObservationFilterChainDecorator.java:244) ~[spring-security-web-7.0.2.jar:7.0.2]
	at org.springframework.security.web.ObservationFilterChainDecorator$AroundFilterObservation$SimpleAroundFilterObservation.lambda$wrap$0(ObservationFilterChainDecorator.java:337) ~[spring-security-web-7.0.2.jar:7.0.2]
	at org.springframework.security.web.ObservationFilterChainDecorator$ObservationFilter.doFilter(ObservationFilterChainDecorator.java:228) ~[spring-security-web-7.0.2.jar:7.0.2]
	at org.springframework.security.web.ObservationFilterChainDecorator$VirtualFilterChain.doFilter(ObservationFilterChainDecorator.java:141) ~[spring-security-web-7.0.2.jar:7.0.2]
	at org.springframework.security.web.FilterChainProxy.doFilterInternal(FilterChainProxy.java:237) ~[spring-security-web-7.0.2.jar:7.0.2]
	at org.springframework.security.web.FilterChainProxy.doFilter(FilterChainProxy.java:195) ~[spring-security-web-7.0.2.jar:7.0.2]
	at org.springframework.web.filter.CompositeFilter$VirtualFilterChain.doFilter(CompositeFilter.java:113) ~[spring-web-7.0.2.jar:7.0.2]
	at org.springframework.web.filter.ServletRequestPathFilter.doFilter(ServletRequestPathFilter.java:52) ~[spring-web-7.0.2.jar:7.0.2]
	at org.springframework.web.filter.CompositeFilter$VirtualFilterChain.doFilter(CompositeFilter.java:113) ~[spring-web-7.0.2.jar:7.0.2]
	at org.springframework.web.filter.CompositeFilter.doFilter(CompositeFilter.java:74) ~[spring-web-7.0.2.jar:7.0.2]
	at org.springframework.security.config.annotation.web.configuration.WebSecurityConfiguration$CompositeFilterChainProxy.doFilter(WebSecurityConfiguration.java:317) ~[spring-security-config-7.0.2.jar:7.0.2]
	at org.springframework.web.filter.DelegatingFilterProxy.invokeDelegate(DelegatingFilterProxy.java:355) ~[spring-web-7.0.2.jar:7.0.2]
	at org.springframework.web.filter.DelegatingFilterProxy.doFilter(DelegatingFilterProxy.java:272) ~[spring-web-7.0.2.jar:7.0.2]
	at org.apache.catalina.core.ApplicationFilterChain.doFilter(ApplicationFilterChain.java:107) ~[tomcat-embed-core-11.0.15.jar:11.0.15]
	at org.springframework.web.filter.RequestContextFilter.doFilterInternal(RequestContextFilter.java:100) ~[spring-web-7.0.2.jar:7.0.2]
	at org.springframework.web.filter.OncePerRequestFilter.doFilter(OncePerRequestFilter.java:116) ~[spring-web-7.0.2.jar:7.0.2]
	at org.apache.catalina.core.ApplicationFilterChain.doFilter(ApplicationFilterChain.java:107) ~[tomcat-embed-core-11.0.15.jar:11.0.15]
	at org.springframework.web.filter.FormContentFilter.doFilterInternal(FormContentFilter.java:93) ~[spring-web-7.0.2.jar:7.0.2]
	at org.springframework.web.filter.OncePerRequestFilter.doFilter(OncePerRequestFilter.java:116) ~[spring-web-7.0.2.jar:7.0.2]
	at org.apache.catalina.core.ApplicationFilterChain.doFilter(ApplicationFilterChain.java:107) ~[tomcat-embed-core-11.0.15.jar:11.0.15]
	at org.springframework.web.filter.ServerHttpObservationFilter.doFilterInternal(ServerHttpObservationFilter.java:110) ~[spring-web-7.0.2.jar:7.0.2]
	at org.springframework.web.filter.OncePerRequestFilter.doFilter(OncePerRequestFilter.java:116) ~[spring-web-7.0.2.jar:7.0.2]
	at org.apache.catalina.core.ApplicationFilterChain.doFilter(ApplicationFilterChain.java:107) ~[tomcat-embed-core-11.0.15.jar:11.0.15]
	at org.springframework.web.filter.CharacterEncodingFilter.doFilterInternal(CharacterEncodingFilter.java:199) ~[spring-web-7.0.2.jar:7.0.2]
	at org.springframework.web.filter.OncePerRequestFilter.doFilter(OncePerRequestFilter.java:116) ~[spring-web-7.0.2.jar:7.0.2]
	at org.apache.catalina.core.ApplicationFilterChain.doFilter(ApplicationFilterChain.java:107) ~[tomcat-embed-core-11.0.15.jar:11.0.15]
	at org.apache.catalina.core.StandardWrapperValve.invoke(StandardWrapperValve.java:165) ~[tomcat-embed-core-11.0.15.jar:11.0.15]
	at org.apache.catalina.core.StandardContextValve.invoke(StandardContextValve.java:77) ~[tomcat-embed-core-11.0.15.jar:11.0.15]
	at org.apache.catalina.authenticator.AuthenticatorBase.invoke(AuthenticatorBase.java:482) ~[tomcat-embed-core-11.0.15.jar:11.0.15]
	at org.apache.catalina.core.StandardHostValve.invoke(StandardHostValve.java:113) ~[tomcat-embed-core-11.0.15.jar:11.0.15]
	at org.apache.catalina.valves.ErrorReportValve.invoke(ErrorReportValve.java:83) ~[tomcat-embed-core-11.0.15.jar:11.0.15]
	at org.apache.catalina.core.StandardEngineValve.invoke(StandardEngineValve.java:72) ~[tomcat-embed-core-11.0.15.jar:11.0.15]
	at org.apache.catalina.connector.CoyoteAdapter.service(CoyoteAdapter.java:341) ~[tomcat-embed-core-11.0.15.jar:11.0.15]
	at org.apache.coyote.http11.Http11Processor.service(Http11Processor.java:397) ~[tomcat-embed-core-11.0.15.jar:11.0.15]
	at org.apache.coyote.AbstractProcessorLight.process(AbstractProcessorLight.java:63) ~[tomcat-embed-core-11.0.15.jar:11.0.15]
	at org.apache.coyote.AbstractProtocol$ConnectionHandler.process(AbstractProtocol.java:903) ~[tomcat-embed-core-11.0.15.jar:11.0.15]
	at org.apache.tomcat.util.net.NioEndpoint$SocketProcessor.doRun(NioEndpoint.java:1778) ~[tomcat-embed-core-11.0.15.jar:11.0.15]
	at org.apache.tomcat.util.net.SocketProcessorBase.run(SocketProcessorBase.java:52) ~[tomcat-embed-core-11.0.15.jar:11.0.15]
	at org.apache.tomcat.util.threads.ThreadPoolExecutor.runWorker(ThreadPoolExecutor.java:946) ~[tomcat-embed-core-11.0.15.jar:11.0.15]
	at org.apache.tomcat.util.threads.ThreadPoolExecutor$Worker.run(ThreadPoolExecutor.java:480) ~[tomcat-embed-core-11.0.15.jar:11.0.15]
	at org.apache.tomcat.util.threads.TaskThread$WrappingRunnable.run(TaskThread.java:57) ~[tomcat-embed-core-11.0.15.jar:11.0.15]
	at java.base/java.lang.Thread.run(Thread.java:1583) ~[na:na]

2026-02-27T09:11:23.442+01:00  INFO 23160 --- [readyroad-secure] [nio-8890-exec-8] c.r.r.config.RequestLoggingFilter        : ════════════════════════════════════════
2026-02-27T09:11:23.444+01:00  INFO 23160 --- [readyroad-secure] [nio-8890-exec-8] c.r.r.config.RequestLoggingFilter        : Method: GET
2026-02-27T09:11:23.446+01:00  INFO 23160 --- [readyroad-secure] [nio-8890-exec-8] c.r.r.config.RequestLoggingFilter        : URI: /api/quiz/stats/category/9
2026-02-27T09:11:23.446+01:00  INFO 23160 --- [readyroad-secure] [nio-8890-exec-8] c.r.r.config.RequestLoggingFilter        : Remote Address: 127.0.0.1
2026-02-27T09:11:23.447+01:00  INFO 23160 --- [readyroad-secure] [nio-8890-exec-8] c.r.r.config.RequestLoggingFilter        : ----------------------------------------
2026-02-27T09:11:23.447+01:00  INFO 23160 --- [readyroad-secure] [nio-8890-exec-8] c.r.r.config.RequestLoggingFilter        : 📋 Request Headers:
2026-02-27T09:11:23.445+01:00  INFO 23160 --- [readyroad-secure] [nio-8890-exec-5] c.r.r.config.RequestLoggingFilter        : ════════════════════════════════════════
2026-02-27T09:11:23.448+01:00  INFO 23160 --- [readyroad-secure] [nio-8890-exec-8] c.r.r.config.RequestLoggingFilter        :   host: localhost:8890
2026-02-27T09:11:23.448+01:00  INFO 23160 --- [readyroad-secure] [nio-8890-exec-5] c.r.r.config.RequestLoggingFilter        : 🌐 INCOMING REQUEST
2026-02-27T09:11:23.448+01:00  INFO 23160 --- [readyroad-secure] [nio-8890-exec-8] c.r.r.config.RequestLoggingFilter        :   connection: keep-alive
2026-02-27T09:11:23.449+01:00  INFO 23160 --- [readyroad-secure] [nio-8890-exec-5] c.r.r.config.RequestLoggingFilter        : ════════════════════════════════════════
2026-02-27T09:11:23.449+01:00  INFO 23160 --- [readyroad-secure] [nio-8890-exec-8] c.r.r.config.RequestLoggingFilter        :   Accept: application/json
2026-02-27T09:11:23.449+01:00  INFO 23160 --- [readyroad-secure] [nio-8890-exec-5] c.r.r.config.RequestLoggingFilter        : Method: GET
2026-02-27T09:11:23.449+01:00  INFO 23160 --- [readyroad-secure] [nio-8890-exec-8] c.r.r.config.RequestLoggingFilter        :   Authorization: Bearer [TOKEN_HIDDEN]
2026-02-27T09:11:23.450+01:00  INFO 23160 --- [readyroad-secure] [nio-8890-exec-5] c.r.r.config.RequestLoggingFilter        : URI: /api/quiz/stats/category/6
2026-02-27T09:11:23.450+01:00  INFO 23160 --- [readyroad-secure] [nio-8890-exec-8] c.r.r.config.RequestLoggingFilter        :   accept-language: *
2026-02-27T09:11:23.450+01:00  INFO 23160 --- [readyroad-secure] [nio-8890-exec-5] c.r.r.config.RequestLoggingFilter        : Remote Address: 0:0:0:0:0:0:0:1
2026-02-27T09:11:23.451+01:00  INFO 23160 --- [readyroad-secure] [nio-8890-exec-8] c.r.r.config.RequestLoggingFilter        :   sec-fetch-mode: cors
2026-02-27T09:11:23.451+01:00  INFO 23160 --- [readyroad-secure] [nio-8890-exec-5] c.r.r.config.RequestLoggingFilter        : ----------------------------------------
2026-02-27T09:11:23.452+01:00  INFO 23160 --- [readyroad-secure] [nio-8890-exec-5] c.r.r.config.RequestLoggingFilter        : 📋 Request Headers:
2026-02-27T09:11:23.452+01:00  INFO 23160 --- [readyroad-secure] [nio-8890-exec-8] c.r.r.config.RequestLoggingFilter        :   user-agent: node
2026-02-27T09:11:23.452+01:00  INFO 23160 --- [readyroad-secure] [nio-8890-exec-5] c.r.r.config.RequestLoggingFilter        :   host: localhost:8890
2026-02-27T09:11:23.453+01:00  INFO 23160 --- [readyroad-secure] [nio-8890-exec-5] c.r.r.config.RequestLoggingFilter        :   connection: keep-alive
2026-02-27T09:11:23.453+01:00  INFO 23160 --- [readyroad-secure] [nio-8890-exec-5] c.r.r.config.RequestLoggingFilter        :   Accept: application/json
2026-02-27T09:11:23.453+01:00  INFO 23160 --- [readyroad-secure] [nio-8890-exec-8] c.r.r.config.RequestLoggingFilter        :   pragma: no-cache
2026-02-27T09:11:23.454+01:00  INFO 23160 --- [readyroad-secure] [nio-8890-exec-8] c.r.r.config.RequestLoggingFilter        :   cache-control: no-cache
2026-02-27T09:11:23.454+01:00  INFO 23160 --- [readyroad-secure] [nio-8890-exec-8] c.r.r.config.RequestLoggingFilter        :   accept-encoding: gzip, deflate
2026-02-27T09:11:23.454+01:00  INFO 23160 --- [readyroad-secure] [nio-8890-exec-5] c.r.r.config.RequestLoggingFilter        :   Authorization: Bearer [TOKEN_HIDDEN]
2026-02-27T09:11:23.455+01:00  INFO 23160 --- [readyroad-secure] [nio-8890-exec-5] c.r.r.config.RequestLoggingFilter        :   accept-language: *
2026-02-27T09:11:23.455+01:00  INFO 23160 --- [readyroad-secure] [nio-8890-exec-5] c.r.r.config.RequestLoggingFilter        :   sec-fetch-mode: cors
2026-02-27T09:11:23.457+01:00  INFO 23160 --- [readyroad-secure] [nio-8890-exec-5] c.r.r.config.RequestLoggingFilter        :   user-agent: node
2026-02-27T09:11:23.457+01:00  INFO 23160 --- [readyroad-secure] [nio-8890-exec-5] c.r.r.config.RequestLoggingFilter        :   pragma: no-cache
2026-02-27T09:11:23.458+01:00  INFO 23160 --- [readyroad-secure] [nio-8890-exec-5] c.r.r.config.RequestLoggingFilter        :   cache-control: no-cache
2026-02-27T09:11:23.455+01:00  INFO 23160 --- [readyroad-secure] [nio-8890-exec-8] c.r.r.config.RequestLoggingFilter        : ════════════════════════════════════════
2026-02-27T09:11:23.458+01:00  INFO 23160 --- [readyroad-secure] [nio-8890-exec-5] c.r.r.config.RequestLoggingFilter        :   accept-encoding: gzip, deflate
2026-02-27T09:11:23.458+01:00  INFO 23160 --- [readyroad-secure] [nio-8890-exec-5] c.r.r.config.RequestLoggingFilter        : ════════════════════════════════════════
2026-02-27T09:11:23.462+01:00 DEBUG 23160 --- [readyroad-secure] [nio-8890-exec-8] org.hibernate.SQL                        : select count(qq1_0.id) from quiz_questions qq1_0 where qq1_0.category_id=? and qq1_0.is_active=true and qq1_0.status=?
2026-02-27T09:11:23.467+01:00 DEBUG 23160 --- [readyroad-secure] [nio-8890-exec-5] org.hibernate.SQL                        : select count(qq1_0.id) from quiz_questions qq1_0 where qq1_0.category_id=? and qq1_0.is_active=true and qq1_0.status=?
2026-02-27T09:24:13.299+01:00 ERROR 23160 --- [readyroad-secure] [nio-8890-exec-6] c.r.r.config.JwtAuthenticationFilter     : ❌ Cannot set user authentication: JWT expired 23282298 milliseconds ago at 2026-02-27T01:56:11.000Z. Current time: 2026-02-27T08:24:13.298Z. Allowed clock skew: 0 milliseconds.
2026-02-27T09:24:13.301+01:00 ERROR 23160 --- [readyroad-secure] [nio-8890-exec-6] c.r.r.config.JwtAuthenticationFilter     : Exception details:

io.jsonwebtoken.ExpiredJwtException: JWT expired 23282298 milliseconds ago at 2026-02-27T01:56:11.000Z. Current time: 2026-02-27T08:24:13.298Z. Allowed clock skew: 0 milliseconds.
	at io.jsonwebtoken.impl.DefaultJwtParser.parse(DefaultJwtParser.java:682) ~[jjwt-impl-0.12.5.jar:0.12.5]
	at io.jsonwebtoken.impl.DefaultJwtParser.parse(DefaultJwtParser.java:362) ~[jjwt-impl-0.12.5.jar:0.12.5]
	at io.jsonwebtoken.impl.DefaultJwtParser.parse(DefaultJwtParser.java:94) ~[jjwt-impl-0.12.5.jar:0.12.5]
	at io.jsonwebtoken.impl.io.AbstractParser.parse(AbstractParser.java:36) ~[jjwt-impl-0.12.5.jar:0.12.5]
	at io.jsonwebtoken.impl.io.AbstractParser.parse(AbstractParser.java:29) ~[jjwt-impl-0.12.5.jar:0.12.5]
	at io.jsonwebtoken.impl.DefaultJwtParser.parseSignedClaims(DefaultJwtParser.java:821) ~[jjwt-impl-0.12.5.jar:0.12.5]
	at com.readyroad.readyroadbackend.service.JwtService.extractAllClaims(JwtService.java:118) ~[classes/:na]
	at com.readyroad.readyroadbackend.service.JwtService.extractClaim(JwtService.java:103) ~[classes/:na]
	at com.readyroad.readyroadbackend.service.JwtService.extractUsername(JwtService.java:81) ~[classes/:na]
	at com.readyroad.readyroadbackend.config.JwtAuthenticationFilter.doFilterInternal(JwtAuthenticationFilter.java:113) ~[classes/:na]
	at org.springframework.web.filter.OncePerRequestFilter.doFilter(OncePerRequestFilter.java:116) ~[spring-web-7.0.2.jar:7.0.2]
	at org.springframework.security.web.ObservationFilterChainDecorator$ObservationFilter.wrapFilter(ObservationFilterChainDecorator.java:244) ~[spring-security-web-7.0.2.jar:7.0.2]
	at org.springframework.security.web.ObservationFilterChainDecorator$ObservationFilter.doFilter(ObservationFilterChainDecorator.java:231) ~[spring-security-web-7.0.2.jar:7.0.2]
	at org.springframework.security.web.ObservationFilterChainDecorator$VirtualFilterChain.doFilter(ObservationFilterChainDecorator.java:141) ~[spring-security-web-7.0.2.jar:7.0.2]
	at org.springframework.security.web.authentication.logout.LogoutFilter.doFilter(LogoutFilter.java:110) ~[spring-security-web-7.0.2.jar:7.0.2]
	at org.springframework.security.web.authentication.logout.LogoutFilter.doFilter(LogoutFilter.java:96) ~[spring-security-web-7.0.2.jar:7.0.2]
	at org.springframework.security.web.ObservationFilterChainDecorator$ObservationFilter.wrapFilter(ObservationFilterChainDecorator.java:244) ~[spring-security-web-7.0.2.jar:7.0.2]
	at org.springframework.security.web.ObservationFilterChainDecorator$ObservationFilter.doFilter(ObservationFilterChainDecorator.java:231) ~[spring-security-web-7.0.2.jar:7.0.2]
	at org.springframework.security.web.ObservationFilterChainDecorator$VirtualFilterChain.doFilter(ObservationFilterChainDecorator.java:141) ~[spring-security-web-7.0.2.jar:7.0.2]
	at org.springframework.web.filter.CorsFilter.doFilterInternal(CorsFilter.java:91) ~[spring-web-7.0.2.jar:7.0.2]
	at org.springframework.web.filter.OncePerRequestFilter.doFilter(OncePerRequestFilter.java:116) ~[spring-web-7.0.2.jar:7.0.2]
	at org.springframework.security.web.ObservationFilterChainDecorator$ObservationFilter.wrapFilter(ObservationFilterChainDecorator.java:244) ~[spring-security-web-7.0.2.jar:7.0.2]
	at org.springframework.security.web.ObservationFilterChainDecorator$ObservationFilter.doFilter(ObservationFilterChainDecorator.java:231) ~[spring-security-web-7.0.2.jar:7.0.2]
	at org.springframework.security.web.ObservationFilterChainDecorator$VirtualFilterChain.doFilter(ObservationFilterChainDecorator.java:141) ~[spring-security-web-7.0.2.jar:7.0.2]
	at org.springframework.security.web.header.HeaderWriterFilter.doHeadersAfter(HeaderWriterFilter.java:90) ~[spring-security-web-7.0.2.jar:7.0.2]
	at org.springframework.security.web.header.HeaderWriterFilter.doFilterInternal(HeaderWriterFilter.java:75) ~[spring-security-web-7.0.2.jar:7.0.2]
	at org.springframework.web.filter.OncePerRequestFilter.doFilter(OncePerRequestFilter.java:116) ~[spring-web-7.0.2.jar:7.0.2]
	at org.springframework.security.web.ObservationFilterChainDecorator$ObservationFilter.wrapFilter(ObservationFilterChainDecorator.java:244) ~[spring-security-web-7.0.2.jar:7.0.2]
	at org.springframework.security.web.ObservationFilterChainDecorator$ObservationFilter.doFilter(ObservationFilterChainDecorator.java:231) ~[spring-security-web-7.0.2.jar:7.0.2]
	at org.springframework.security.web.ObservationFilterChainDecorator$VirtualFilterChain.doFilter(ObservationFilterChainDecorator.java:141) ~[spring-security-web-7.0.2.jar:7.0.2]
	at org.springframework.security.web.context.SecurityContextHolderFilter.doFilter(SecurityContextHolderFilter.java:82) ~[spring-security-web-7.0.2.jar:7.0.2]
	at org.springframework.security.web.context.SecurityContextHolderFilter.doFilter(SecurityContextHolderFilter.java:69) ~[spring-security-web-7.0.2.jar:7.0.2]
	at org.springframework.security.web.ObservationFilterChainDecorator$ObservationFilter.wrapFilter(ObservationFilterChainDecorator.java:244) ~[spring-security-web-7.0.2.jar:7.0.2]
	at org.springframework.security.web.ObservationFilterChainDecorator$ObservationFilter.doFilter(ObservationFilterChainDecorator.java:231) ~[spring-security-web-7.0.2.jar:7.0.2]
	at org.springframework.security.web.ObservationFilterChainDecorator$VirtualFilterChain.doFilter(ObservationFilterChainDecorator.java:141) ~[spring-security-web-7.0.2.jar:7.0.2]
	at org.springframework.security.web.context.request.async.WebAsyncManagerIntegrationFilter.doFilterInternal(WebAsyncManagerIntegrationFilter.java:62) ~[spring-security-web-7.0.2.jar:7.0.2]
	at org.springframework.web.filter.OncePerRequestFilter.doFilter(OncePerRequestFilter.java:116) ~[spring-web-7.0.2.jar:7.0.2]
	at org.springframework.security.web.ObservationFilterChainDecorator$ObservationFilter.wrapFilter(ObservationFilterChainDecorator.java:244) ~[spring-security-web-7.0.2.jar:7.0.2]
	at org.springframework.security.web.ObservationFilterChainDecorator$ObservationFilter.doFilter(ObservationFilterChainDecorator.java:231) ~[spring-security-web-7.0.2.jar:7.0.2]
	at org.springframework.security.web.ObservationFilterChainDecorator$VirtualFilterChain.doFilter(ObservationFilterChainDecorator.java:141) ~[spring-security-web-7.0.2.jar:7.0.2]
	at org.springframework.security.web.session.DisableEncodeUrlFilter.doFilterInternal(DisableEncodeUrlFilter.java:42) ~[spring-security-web-7.0.2.jar:7.0.2]
	at org.springframework.web.filter.OncePerRequestFilter.doFilter(OncePerRequestFilter.java:116) ~[spring-web-7.0.2.jar:7.0.2]
	at org.springframework.security.web.ObservationFilterChainDecorator$ObservationFilter.wrapFilter(ObservationFilterChainDecorator.java:244) ~[spring-security-web-7.0.2.jar:7.0.2]
	at org.springframework.security.web.ObservationFilterChainDecorator$AroundFilterObservation$SimpleAroundFilterObservation.lambda$wrap$0(ObservationFilterChainDecorator.java:337) ~[spring-security-web-7.0.2.jar:7.0.2]
	at org.springframework.security.web.ObservationFilterChainDecorator$ObservationFilter.doFilter(ObservationFilterChainDecorator.java:228) ~[spring-security-web-7.0.2.jar:7.0.2]
	at org.springframework.security.web.ObservationFilterChainDecorator$VirtualFilterChain.doFilter(ObservationFilterChainDecorator.java:141) ~[spring-security-web-7.0.2.jar:7.0.2]
	at org.springframework.security.web.FilterChainProxy.doFilterInternal(FilterChainProxy.java:237) ~[spring-security-web-7.0.2.jar:7.0.2]
	at org.springframework.security.web.FilterChainProxy.doFilter(FilterChainProxy.java:195) ~[spring-security-web-7.0.2.jar:7.0.2]
	at org.springframework.web.filter.CompositeFilter$VirtualFilterChain.doFilter(CompositeFilter.java:113) ~[spring-web-7.0.2.jar:7.0.2]
	at org.springframework.web.filter.ServletRequestPathFilter.doFilter(ServletRequestPathFilter.java:52) ~[spring-web-7.0.2.jar:7.0.2]
	at org.springframework.web.filter.CompositeFilter$VirtualFilterChain.doFilter(CompositeFilter.java:113) ~[spring-web-7.0.2.jar:7.0.2]
	at org.springframework.web.filter.CompositeFilter.doFilter(CompositeFilter.java:74) ~[spring-web-7.0.2.jar:7.0.2]
	at org.springframework.security.config.annotation.web.configuration.WebSecurityConfiguration$CompositeFilterChainProxy.doFilter(WebSecurityConfiguration.java:317) ~[spring-security-config-7.0.2.jar:7.0.2]
	at org.springframework.web.filter.DelegatingFilterProxy.invokeDelegate(DelegatingFilterProxy.java:355) ~[spring-web-7.0.2.jar:7.0.2]
	at org.springframework.web.filter.DelegatingFilterProxy.doFilter(DelegatingFilterProxy.java:272) ~[spring-web-7.0.2.jar:7.0.2]
	at org.apache.catalina.core.ApplicationFilterChain.doFilter(ApplicationFilterChain.java:107) ~[tomcat-embed-core-11.0.15.jar:11.0.15]
	at org.springframework.web.filter.RequestContextFilter.doFilterInternal(RequestContextFilter.java:100) ~[spring-web-7.0.2.jar:7.0.2]
	at org.springframework.web.filter.OncePerRequestFilter.doFilter(OncePerRequestFilter.java:116) ~[spring-web-7.0.2.jar:7.0.2]
	at org.apache.catalina.core.ApplicationFilterChain.doFilter(ApplicationFilterChain.java:107) ~[tomcat-embed-core-11.0.15.jar:11.0.15]
	at org.springframework.web.filter.FormContentFilter.doFilterInternal(FormContentFilter.java:93) ~[spring-web-7.0.2.jar:7.0.2]
	at org.springframework.web.filter.OncePerRequestFilter.doFilter(OncePerRequestFilter.java:116) ~[spring-web-7.0.2.jar:7.0.2]
	at org.apache.catalina.core.ApplicationFilterChain.doFilter(ApplicationFilterChain.java:107) ~[tomcat-embed-core-11.0.15.jar:11.0.15]
	at org.springframework.web.filter.ServerHttpObservationFilter.doFilterInternal(ServerHttpObservationFilter.java:110) ~[spring-web-7.0.2.jar:7.0.2]
	at org.springframework.web.filter.OncePerRequestFilter.doFilter(OncePerRequestFilter.java:116) ~[spring-web-7.0.2.jar:7.0.2]
	at org.apache.catalina.core.ApplicationFilterChain.doFilter(ApplicationFilterChain.java:107) ~[tomcat-embed-core-11.0.15.jar:11.0.15]
	at org.springframework.web.filter.CharacterEncodingFilter.doFilterInternal(CharacterEncodingFilter.java:199) ~[spring-web-7.0.2.jar:7.0.2]
	at org.springframework.web.filter.OncePerRequestFilter.doFilter(OncePerRequestFilter.java:116) ~[spring-web-7.0.2.jar:7.0.2]
	at org.apache.catalina.core.ApplicationFilterChain.doFilter(ApplicationFilterChain.java:107) ~[tomcat-embed-core-11.0.15.jar:11.0.15]
	at org.apache.catalina.core.StandardWrapperValve.invoke(StandardWrapperValve.java:165) ~[tomcat-embed-core-11.0.15.jar:11.0.15]
	at org.apache.catalina.core.StandardContextValve.invoke(StandardContextValve.java:77) ~[tomcat-embed-core-11.0.15.jar:11.0.15]
	at org.apache.catalina.authenticator.AuthenticatorBase.invoke(AuthenticatorBase.java:482) ~[tomcat-embed-core-11.0.15.jar:11.0.15]
	at org.apache.catalina.core.StandardHostValve.invoke(StandardHostValve.java:113) ~[tomcat-embed-core-11.0.15.jar:11.0.15]
	at org.apache.catalina.valves.ErrorReportValve.invoke(ErrorReportValve.java:83) ~[tomcat-embed-core-11.0.15.jar:11.0.15]
	at org.apache.catalina.core.StandardEngineValve.invoke(StandardEngineValve.java:72) ~[tomcat-embed-core-11.0.15.jar:11.0.15]
	at org.apache.catalina.connector.CoyoteAdapter.service(CoyoteAdapter.java:341) ~[tomcat-embed-core-11.0.15.jar:11.0.15]
	at org.apache.coyote.http11.Http11Processor.service(Http11Processor.java:397) ~[tomcat-embed-core-11.0.15.jar:11.0.15]
	at org.apache.coyote.AbstractProcessorLight.process(AbstractProcessorLight.java:63) ~[tomcat-embed-core-11.0.15.jar:11.0.15]
	at org.apache.coyote.AbstractProtocol$ConnectionHandler.process(AbstractProtocol.java:903) ~[tomcat-embed-core-11.0.15.jar:11.0.15]
	at org.apache.tomcat.util.net.NioEndpoint$SocketProcessor.doRun(NioEndpoint.java:1778) ~[tomcat-embed-core-11.0.15.jar:11.0.15]
	at org.apache.tomcat.util.net.SocketProcessorBase.run(SocketProcessorBase.java:52) ~[tomcat-embed-core-11.0.15.jar:11.0.15]
	at org.apache.tomcat.util.threads.ThreadPoolExecutor.runWorker(ThreadPoolExecutor.java:946) ~[tomcat-embed-core-11.0.15.jar:11.0.15]
	at org.apache.tomcat.util.threads.ThreadPoolExecutor$Worker.run(ThreadPoolExecutor.java:480) ~[tomcat-embed-core-11.0.15.jar:11.0.15]
	at org.apache.tomcat.util.threads.TaskThread$WrappingRunnable.run(TaskThread.java:57) ~[tomcat-embed-core-11.0.15.jar:11.0.15]
	at java.base/java.lang.Thread.run(Thread.java:1583) ~[na:na]

2026-02-27T09:24:13.310+01:00  INFO 23160 --- [readyroad-secure] [nio-8890-exec-6] c.r.r.config.RequestLoggingFilter        : ════════════════════════════════════════
2026-02-27T09:24:13.311+01:00  INFO 23160 --- [readyroad-secure] [nio-8890-exec-6] c.r.r.config.RequestLoggingFilter        : 🌐 INCOMING REQUEST
2026-02-27T09:24:13.312+01:00  INFO 23160 --- [readyroad-secure] [nio-8890-exec-6] c.r.r.config.RequestLoggingFilter        : ════════════════════════════════════════
2026-02-27T09:24:13.312+01:00  INFO 23160 --- [readyroad-secure] [nio-8890-exec-6] c.r.r.config.RequestLoggingFilter        : Method: GET
2026-02-27T09:24:13.313+01:00  INFO 23160 --- [readyroad-secure] [nio-8890-exec-6] c.r.r.config.RequestLoggingFilter        : URI: /api/auth/me
2026-02-27T09:24:13.313+01:00  INFO 23160 --- [readyroad-secure] [nio-8890-exec-6] c.r.r.config.RequestLoggingFilter        : Remote Address: 0:0:0:0:0:0:0:1
2026-02-27T09:24:13.314+01:00  INFO 23160 --- [readyroad-secure] [nio-8890-exec-6] c.r.r.config.RequestLoggingFilter        : ----------------------------------------
2026-02-27T09:24:13.314+01:00  INFO 23160 --- [readyroad-secure] [nio-8890-exec-6] c.r.r.config.RequestLoggingFilter        : 📋 Request Headers:
2026-02-27T09:24:13.314+01:00  INFO 23160 --- [readyroad-secure] [nio-8890-exec-6] c.r.r.config.RequestLoggingFilter        :   host: localhost:8890
2026-02-27T09:24:13.314+01:00  INFO 23160 --- [readyroad-secure] [nio-8890-exec-6] c.r.r.config.RequestLoggingFilter        :   connection: keep-alive
2026-02-27T09:24:13.315+01:00  INFO 23160 --- [readyroad-secure] [nio-8890-exec-6] c.r.r.config.RequestLoggingFilter        :   Authorization: Bearer [TOKEN_HIDDEN]
2026-02-27T09:24:13.315+01:00  INFO 23160 --- [readyroad-secure] [nio-8890-exec-6] c.r.r.config.RequestLoggingFilter        :   Accept: application/json
2026-02-27T09:24:13.315+01:00  INFO 23160 --- [readyroad-secure] [nio-8890-exec-6] c.r.r.config.RequestLoggingFilter        :   accept-language: *
2026-02-27T09:24:13.316+01:00  INFO 23160 --- [readyroad-secure] [nio-8890-exec-6] c.r.r.config.RequestLoggingFilter        :   sec-fetch-mode: cors
2026-02-27T09:24:13.316+01:00  INFO 23160 --- [readyroad-secure] [nio-8890-exec-6] c.r.r.config.RequestLoggingFilter        :   user-agent: node
2026-02-27T09:24:13.316+01:00  INFO 23160 --- [readyroad-secure] [nio-8890-exec-6] c.r.r.config.RequestLoggingFilter        :   pragma: no-cache
2026-02-27T09:24:13.317+01:00  INFO 23160 --- [readyroad-secure] [nio-8890-exec-6] c.r.r.config.RequestLoggingFilter        :   cache-control: no-cache
2026-02-27T09:24:13.318+01:00  INFO 23160 --- [readyroad-secure] [nio-8890-exec-6] c.r.r.config.RequestLoggingFilter        :   accept-encoding: gzip, deflate
2026-02-27T09:24:13.318+01:00  INFO 23160 --- [readyroad-secure] [nio-8890-exec-6] c.r.r.config.RequestLoggingFilter        : ════════════════════════════════════════
2026-02-27T09:24:13.330+01:00 DEBUG 23160 --- [readyroad-secure] [nio-8890-exec-6] org.hibernate.SQL                        : select u1_0.id,u1_0.created_at,u1_0.email,u1_0.full_name,u1_0.is_active,u1_0.is_locked,u1_0.password_hash,u1_0.role,u1_0.updated_at,u1_0.username from users u1_0 where u1_0.username=?
2026-02-27T09:24:13.680+01:00 ERROR 23160 --- [readyroad-secure] [io-8890-exec-10] c.r.r.config.JwtAuthenticationFilter     : ❌ Cannot set user authentication: JWT expired 23282680 milliseconds ago at 2026-02-27T01:56:11.000Z. Current time: 2026-02-27T08:24:13.680Z. Allowed clock skew: 0 milliseconds.
2026-02-27T09:24:13.683+01:00 ERROR 23160 --- [readyroad-secure] [io-8890-exec-10] c.r.r.config.JwtAuthenticationFilter     : Exception details:

io.jsonwebtoken.ExpiredJwtException: JWT expired 23282680 milliseconds ago at 2026-02-27T01:56:11.000Z. Current time: 2026-02-27T08:24:13.680Z. Allowed clock skew: 0 milliseconds.
	at io.jsonwebtoken.impl.DefaultJwtParser.parse(DefaultJwtParser.java:682) ~[jjwt-impl-0.12.5.jar:0.12.5]
	at io.jsonwebtoken.impl.DefaultJwtParser.parse(DefaultJwtParser.java:362) ~[jjwt-impl-0.12.5.jar:0.12.5]
	at io.jsonwebtoken.impl.DefaultJwtParser.parse(DefaultJwtParser.java:94) ~[jjwt-impl-0.12.5.jar:0.12.5]
	at io.jsonwebtoken.impl.io.AbstractParser.parse(AbstractParser.java:36) ~[jjwt-impl-0.12.5.jar:0.12.5]
	at io.jsonwebtoken.impl.io.AbstractParser.parse(AbstractParser.java:29) ~[jjwt-impl-0.12.5.jar:0.12.5]
	at io.jsonwebtoken.impl.DefaultJwtParser.parseSignedClaims(DefaultJwtParser.java:821) ~[jjwt-impl-0.12.5.jar:0.12.5]
	at com.readyroad.readyroadbackend.service.JwtService.extractAllClaims(JwtService.java:118) ~[classes/:na]
	at com.readyroad.readyroadbackend.service.JwtService.extractClaim(JwtService.java:103) ~[classes/:na]
	at com.readyroad.readyroadbackend.service.JwtService.extractUsername(JwtService.java:81) ~[classes/:na]
	at com.readyroad.readyroadbackend.config.JwtAuthenticationFilter.doFilterInternal(JwtAuthenticationFilter.java:113) ~[classes/:na]
	at org.springframework.web.filter.OncePerRequestFilter.doFilter(OncePerRequestFilter.java:116) ~[spring-web-7.0.2.jar:7.0.2]
	at org.springframework.security.web.ObservationFilterChainDecorator$ObservationFilter.wrapFilter(ObservationFilterChainDecorator.java:244) ~[spring-security-web-7.0.2.jar:7.0.2]
	at org.springframework.security.web.ObservationFilterChainDecorator$ObservationFilter.doFilter(ObservationFilterChainDecorator.java:231) ~[spring-security-web-7.0.2.jar:7.0.2]
	at org.springframework.security.web.ObservationFilterChainDecorator$VirtualFilterChain.doFilter(ObservationFilterChainDecorator.java:141) ~[spring-security-web-7.0.2.jar:7.0.2]
	at org.springframework.security.web.authentication.logout.LogoutFilter.doFilter(LogoutFilter.java:110) ~[spring-security-web-7.0.2.jar:7.0.2]
	at org.springframework.security.web.authentication.logout.LogoutFilter.doFilter(LogoutFilter.java:96) ~[spring-security-web-7.0.2.jar:7.0.2]
	at org.springframework.security.web.ObservationFilterChainDecorator$ObservationFilter.wrapFilter(ObservationFilterChainDecorator.java:244) ~[spring-security-web-7.0.2.jar:7.0.2]
	at org.springframework.security.web.ObservationFilterChainDecorator$ObservationFilter.doFilter(ObservationFilterChainDecorator.java:231) ~[spring-security-web-7.0.2.jar:7.0.2]
	at org.springframework.security.web.ObservationFilterChainDecorator$VirtualFilterChain.doFilter(ObservationFilterChainDecorator.java:141) ~[spring-security-web-7.0.2.jar:7.0.2]
	at org.springframework.web.filter.CorsFilter.doFilterInternal(CorsFilter.java:91) ~[spring-web-7.0.2.jar:7.0.2]
	at org.springframework.web.filter.OncePerRequestFilter.doFilter(OncePerRequestFilter.java:116) ~[spring-web-7.0.2.jar:7.0.2]
	at org.springframework.security.web.ObservationFilterChainDecorator$ObservationFilter.wrapFilter(ObservationFilterChainDecorator.java:244) ~[spring-security-web-7.0.2.jar:7.0.2]
	at org.springframework.security.web.ObservationFilterChainDecorator$ObservationFilter.doFilter(ObservationFilterChainDecorator.java:231) ~[spring-security-web-7.0.2.jar:7.0.2]
	at org.springframework.security.web.ObservationFilterChainDecorator$VirtualFilterChain.doFilter(ObservationFilterChainDecorator.java:141) ~[spring-security-web-7.0.2.jar:7.0.2]
	at org.springframework.security.web.header.HeaderWriterFilter.doHeadersAfter(HeaderWriterFilter.java:90) ~[spring-security-web-7.0.2.jar:7.0.2]
	at org.springframework.security.web.header.HeaderWriterFilter.doFilterInternal(HeaderWriterFilter.java:75) ~[spring-security-web-7.0.2.jar:7.0.2]
	at org.springframework.web.filter.OncePerRequestFilter.doFilter(OncePerRequestFilter.java:116) ~[spring-web-7.0.2.jar:7.0.2]
	at org.springframework.security.web.ObservationFilterChainDecorator$ObservationFilter.wrapFilter(ObservationFilterChainDecorator.java:244) ~[spring-security-web-7.0.2.jar:7.0.2]
	at org.springframework.security.web.ObservationFilterChainDecorator$ObservationFilter.doFilter(ObservationFilterChainDecorator.java:231) ~[spring-security-web-7.0.2.jar:7.0.2]
	at org.springframework.security.web.ObservationFilterChainDecorator$VirtualFilterChain.doFilter(ObservationFilterChainDecorator.java:141) ~[spring-security-web-7.0.2.jar:7.0.2]
	at org.springframework.security.web.context.SecurityContextHolderFilter.doFilter(SecurityContextHolderFilter.java:82) ~[spring-security-web-7.0.2.jar:7.0.2]
	at org.springframework.security.web.context.SecurityContextHolderFilter.doFilter(SecurityContextHolderFilter.java:69) ~[spring-security-web-7.0.2.jar:7.0.2]
	at org.springframework.security.web.ObservationFilterChainDecorator$ObservationFilter.wrapFilter(ObservationFilterChainDecorator.java:244) ~[spring-security-web-7.0.2.jar:7.0.2]
	at org.springframework.security.web.ObservationFilterChainDecorator$ObservationFilter.doFilter(ObservationFilterChainDecorator.java:231) ~[spring-security-web-7.0.2.jar:7.0.2]
	at org.springframework.security.web.ObservationFilterChainDecorator$VirtualFilterChain.doFilter(ObservationFilterChainDecorator.java:141) ~[spring-security-web-7.0.2.jar:7.0.2]
	at org.springframework.security.web.context.request.async.WebAsyncManagerIntegrationFilter.doFilterInternal(WebAsyncManagerIntegrationFilter.java:62) ~[spring-security-web-7.0.2.jar:7.0.2]
	at org.springframework.web.filter.OncePerRequestFilter.doFilter(OncePerRequestFilter.java:116) ~[spring-web-7.0.2.jar:7.0.2]
	at org.springframework.security.web.ObservationFilterChainDecorator$ObservationFilter.wrapFilter(ObservationFilterChainDecorator.java:244) ~[spring-security-web-7.0.2.jar:7.0.2]
	at org.springframework.security.web.ObservationFilterChainDecorator$ObservationFilter.doFilter(ObservationFilterChainDecorator.java:231) ~[spring-security-web-7.0.2.jar:7.0.2]
	at org.springframework.security.web.ObservationFilterChainDecorator$VirtualFilterChain.doFilter(ObservationFilterChainDecorator.java:141) ~[spring-security-web-7.0.2.jar:7.0.2]
	at org.springframework.security.web.session.DisableEncodeUrlFilter.doFilterInternal(DisableEncodeUrlFilter.java:42) ~[spring-security-web-7.0.2.jar:7.0.2]
	at org.springframework.web.filter.OncePerRequestFilter.doFilter(OncePerRequestFilter.java:116) ~[spring-web-7.0.2.jar:7.0.2]
	at org.springframework.security.web.ObservationFilterChainDecorator$ObservationFilter.wrapFilter(ObservationFilterChainDecorator.java:244) ~[spring-security-web-7.0.2.jar:7.0.2]
	at org.springframework.security.web.ObservationFilterChainDecorator$AroundFilterObservation$SimpleAroundFilterObservation.lambda$wrap$0(ObservationFilterChainDecorator.java:337) ~[spring-security-web-7.0.2.jar:7.0.2]
	at org.springframework.security.web.ObservationFilterChainDecorator$ObservationFilter.doFilter(ObservationFilterChainDecorator.java:228) ~[spring-security-web-7.0.2.jar:7.0.2]
	at org.springframework.security.web.ObservationFilterChainDecorator$VirtualFilterChain.doFilter(ObservationFilterChainDecorator.java:141) ~[spring-security-web-7.0.2.jar:7.0.2]
	at org.springframework.security.web.FilterChainProxy.doFilterInternal(FilterChainProxy.java:237) ~[spring-security-web-7.0.2.jar:7.0.2]
	at org.springframework.security.web.FilterChainProxy.doFilter(FilterChainProxy.java:195) ~[spring-security-web-7.0.2.jar:7.0.2]
	at org.springframework.web.filter.CompositeFilter$VirtualFilterChain.doFilter(CompositeFilter.java:113) ~[spring-web-7.0.2.jar:7.0.2]
	at org.springframework.web.filter.ServletRequestPathFilter.doFilter(ServletRequestPathFilter.java:52) ~[spring-web-7.0.2.jar:7.0.2]
	at org.springframework.web.filter.CompositeFilter$VirtualFilterChain.doFilter(CompositeFilter.java:113) ~[spring-web-7.0.2.jar:7.0.2]
	at org.springframework.web.filter.CompositeFilter.doFilter(CompositeFilter.java:74) ~[spring-web-7.0.2.jar:7.0.2]
	at org.springframework.security.config.annotation.web.configuration.WebSecurityConfiguration$CompositeFilterChainProxy.doFilter(WebSecurityConfiguration.java:317) ~[spring-security-config-7.0.2.jar:7.0.2]
	at org.springframework.web.filter.DelegatingFilterProxy.invokeDelegate(DelegatingFilterProxy.java:355) ~[spring-web-7.0.2.jar:7.0.2]
	at org.springframework.web.filter.DelegatingFilterProxy.doFilter(DelegatingFilterProxy.java:272) ~[spring-web-7.0.2.jar:7.0.2]
	at org.apache.catalina.core.ApplicationFilterChain.doFilter(ApplicationFilterChain.java:107) ~[tomcat-embed-core-11.0.15.jar:11.0.15]
	at org.springframework.web.filter.RequestContextFilter.doFilterInternal(RequestContextFilter.java:100) ~[spring-web-7.0.2.jar:7.0.2]
	at org.springframework.web.filter.OncePerRequestFilter.doFilter(OncePerRequestFilter.java:116) ~[spring-web-7.0.2.jar:7.0.2]
	at org.apache.catalina.core.ApplicationFilterChain.doFilter(ApplicationFilterChain.java:107) ~[tomcat-embed-core-11.0.15.jar:11.0.15]
	at org.springframework.web.filter.FormContentFilter.doFilterInternal(FormContentFilter.java:93) ~[spring-web-7.0.2.jar:7.0.2]
	at org.springframework.web.filter.OncePerRequestFilter.doFilter(OncePerRequestFilter.java:116) ~[spring-web-7.0.2.jar:7.0.2]
	at org.apache.catalina.core.ApplicationFilterChain.doFilter(ApplicationFilterChain.java:107) ~[tomcat-embed-core-11.0.15.jar:11.0.15]
	at org.springframework.web.filter.ServerHttpObservationFilter.doFilterInternal(ServerHttpObservationFilter.java:110) ~[spring-web-7.0.2.jar:7.0.2]
	at org.springframework.web.filter.OncePerRequestFilter.doFilter(OncePerRequestFilter.java:116) ~[spring-web-7.0.2.jar:7.0.2]
	at org.apache.catalina.core.ApplicationFilterChain.doFilter(ApplicationFilterChain.java:107) ~[tomcat-embed-core-11.0.15.jar:11.0.15]
	at org.springframework.web.filter.CharacterEncodingFilter.doFilterInternal(CharacterEncodingFilter.java:199) ~[spring-web-7.0.2.jar:7.0.2]
	at org.springframework.web.filter.OncePerRequestFilter.doFilter(OncePerRequestFilter.java:116) ~[spring-web-7.0.2.jar:7.0.2]
	at org.apache.catalina.core.ApplicationFilterChain.doFilter(ApplicationFilterChain.java:107) ~[tomcat-embed-core-11.0.15.jar:11.0.15]
	at org.apache.catalina.core.StandardWrapperValve.invoke(StandardWrapperValve.java:165) ~[tomcat-embed-core-11.0.15.jar:11.0.15]
	at org.apache.catalina.core.StandardContextValve.invoke(StandardContextValve.java:77) ~[tomcat-embed-core-11.0.15.jar:11.0.15]
	at org.apache.catalina.authenticator.AuthenticatorBase.invoke(AuthenticatorBase.java:482) ~[tomcat-embed-core-11.0.15.jar:11.0.15]
	at org.apache.catalina.core.StandardHostValve.invoke(StandardHostValve.java:113) ~[tomcat-embed-core-11.0.15.jar:11.0.15]
	at org.apache.catalina.valves.ErrorReportValve.invoke(ErrorReportValve.java:83) ~[tomcat-embed-core-11.0.15.jar:11.0.15]
	at org.apache.catalina.core.StandardEngineValve.invoke(StandardEngineValve.java:72) ~[tomcat-embed-core-11.0.15.jar:11.0.15]
	at org.apache.catalina.connector.CoyoteAdapter.service(CoyoteAdapter.java:341) ~[tomcat-embed-core-11.0.15.jar:11.0.15]
	at org.apache.coyote.http11.Http11Processor.service(Http11Processor.java:397) ~[tomcat-embed-core-11.0.15.jar:11.0.15]
	at org.apache.coyote.AbstractProcessorLight.process(AbstractProcessorLight.java:63) ~[tomcat-embed-core-11.0.15.jar:11.0.15]
	at org.apache.coyote.AbstractProtocol$ConnectionHandler.process(AbstractProtocol.java:903) ~[tomcat-embed-core-11.0.15.jar:11.0.15]
	at org.apache.tomcat.util.net.NioEndpoint$SocketProcessor.doRun(NioEndpoint.java:1778) ~[tomcat-embed-core-11.0.15.jar:11.0.15]
	at org.apache.tomcat.util.net.SocketProcessorBase.run(SocketProcessorBase.java:52) ~[tomcat-embed-core-11.0.15.jar:11.0.15]
	at org.apache.tomcat.util.threads.ThreadPoolExecutor.runWorker(ThreadPoolExecutor.java:946) ~[tomcat-embed-core-11.0.15.jar:11.0.15]
	at org.apache.tomcat.util.threads.ThreadPoolExecutor$Worker.run(ThreadPoolExecutor.java:480) ~[tomcat-embed-core-11.0.15.jar:11.0.15]
	at org.apache.tomcat.util.threads.TaskThread$WrappingRunnable.run(TaskThread.java:57) ~[tomcat-embed-core-11.0.15.jar:11.0.15]
	at java.base/java.lang.Thread.run(Thread.java:1583) ~[na:na]

2026-02-27T09:24:13.688+01:00  INFO 23160 --- [readyroad-secure] [io-8890-exec-10] c.r.r.config.RequestLoggingFilter        : ════════════════════════════════════════
2026-02-27T09:24:13.689+01:00  INFO 23160 --- [readyroad-secure] [io-8890-exec-10] c.r.r.config.RequestLoggingFilter        : 🌐 INCOMING REQUEST
2026-02-27T09:24:13.689+01:00  INFO 23160 --- [readyroad-secure] [io-8890-exec-10] c.r.r.config.RequestLoggingFilter        : ════════════════════════════════════════
2026-02-27T09:24:13.690+01:00  INFO 23160 --- [readyroad-secure] [io-8890-exec-10] c.r.r.config.RequestLoggingFilter        : Method: GET
2026-02-27T09:24:13.690+01:00  INFO 23160 --- [readyroad-secure] [io-8890-exec-10] c.r.r.config.RequestLoggingFilter        : URI: /api/quiz/stats
2026-02-27T09:24:13.691+01:00  INFO 23160 --- [readyroad-secure] [io-8890-exec-10] c.r.r.config.RequestLoggingFilter        : Remote Address: 0:0:0:0:0:0:0:1
2026-02-27T09:24:13.691+01:00  INFO 23160 --- [readyroad-secure] [io-8890-exec-10] c.r.r.config.RequestLoggingFilter        : ----------------------------------------
2026-02-27T09:24:13.692+01:00  INFO 23160 --- [readyroad-secure] [io-8890-exec-10] c.r.r.config.RequestLoggingFilter        : 📋 Request Headers:
2026-02-27T09:24:13.692+01:00  INFO 23160 --- [readyroad-secure] [io-8890-exec-10] c.r.r.config.RequestLoggingFilter        :   host: localhost:8890
2026-02-27T09:24:13.693+01:00  INFO 23160 --- [readyroad-secure] [io-8890-exec-10] c.r.r.config.RequestLoggingFilter        :   connection: keep-alive
2026-02-27T09:24:13.694+01:00  INFO 23160 --- [readyroad-secure] [io-8890-exec-10] c.r.r.config.RequestLoggingFilter        :   Accept: application/json
2026-02-27T09:24:13.696+01:00  INFO 23160 --- [readyroad-secure] [io-8890-exec-10] c.r.r.config.RequestLoggingFilter        :   Authorization: Bearer [TOKEN_HIDDEN]
2026-02-27T09:24:13.697+01:00  INFO 23160 --- [readyroad-secure] [io-8890-exec-10] c.r.r.config.RequestLoggingFilter        :   accept-language: *
2026-02-27T09:24:13.697+01:00  INFO 23160 --- [readyroad-secure] [io-8890-exec-10] c.r.r.config.RequestLoggingFilter        :   sec-fetch-mode: cors
2026-02-27T09:24:13.698+01:00  INFO 23160 --- [readyroad-secure] [io-8890-exec-10] c.r.r.config.RequestLoggingFilter        :   user-agent: node
2026-02-27T09:24:13.699+01:00  INFO 23160 --- [readyroad-secure] [io-8890-exec-10] c.r.r.config.RequestLoggingFilter        :   pragma: no-cache
2026-02-27T09:24:13.699+01:00  INFO 23160 --- [readyroad-secure] [io-8890-exec-10] c.r.r.config.RequestLoggingFilter        :   cache-control: no-cache
2026-02-27T09:24:13.700+01:00  INFO 23160 --- [readyroad-secure] [io-8890-exec-10] c.r.r.config.RequestLoggingFilter        :   accept-encoding: gzip, deflate
2026-02-27T09:24:13.700+01:00  INFO 23160 --- [readyroad-secure] [io-8890-exec-10] c.r.r.config.RequestLoggingFilter        : ════════════════════════════════════════
2026-02-27T09:24:13.709+01:00 DEBUG 23160 --- [readyroad-secure] [io-8890-exec-10] org.hibernate.SQL                        : select count(qq1_0.id) from quiz_questions qq1_0 where qq1_0.is_active=true and qq1_0.status=?
2026-02-27T09:24:13.714+01:00 ERROR 23160 --- [readyroad-secure] [nio-8890-exec-1] c.r.r.config.JwtAuthenticationFilter     : ❌ Cannot set user authentication: JWT expired 23282713 milliseconds ago at 2026-02-27T01:56:11.000Z. Current time: 2026-02-27T08:24:13.713Z. Allowed clock skew: 0 milliseconds.
2026-02-27T09:24:13.715+01:00 ERROR 23160 --- [readyroad-secure] [nio-8890-exec-1] c.r.r.config.JwtAuthenticationFilter     : Exception details:

io.jsonwebtoken.ExpiredJwtException: JWT expired 23282713 milliseconds ago at 2026-02-27T01:56:11.000Z. Current time: 2026-02-27T08:24:13.713Z. Allowed clock skew: 0 milliseconds.
	at io.jsonwebtoken.impl.DefaultJwtParser.parse(DefaultJwtParser.java:682) ~[jjwt-impl-0.12.5.jar:0.12.5]
	at io.jsonwebtoken.impl.DefaultJwtParser.parse(DefaultJwtParser.java:362) ~[jjwt-impl-0.12.5.jar:0.12.5]
	at io.jsonwebtoken.impl.DefaultJwtParser.parse(DefaultJwtParser.java:94) ~[jjwt-impl-0.12.5.jar:0.12.5]
	at io.jsonwebtoken.impl.io.AbstractParser.parse(AbstractParser.java:36) ~[jjwt-impl-0.12.5.jar:0.12.5]
	at io.jsonwebtoken.impl.io.AbstractParser.parse(AbstractParser.java:29) ~[jjwt-impl-0.12.5.jar:0.12.5]
	at io.jsonwebtoken.impl.DefaultJwtParser.parseSignedClaims(DefaultJwtParser.java:821) ~[jjwt-impl-0.12.5.jar:0.12.5]
	at com.readyroad.readyroadbackend.service.JwtService.extractAllClaims(JwtService.java:118) ~[classes/:na]
	at com.readyroad.readyroadbackend.service.JwtService.extractClaim(JwtService.java:103) ~[classes/:na]
	at com.readyroad.readyroadbackend.service.JwtService.extractUsername(JwtService.java:81) ~[classes/:na]
	at com.readyroad.readyroadbackend.config.JwtAuthenticationFilter.doFilterInternal(JwtAuthenticationFilter.java:113) ~[classes/:na]
	at org.springframework.web.filter.OncePerRequestFilter.doFilter(OncePerRequestFilter.java:116) ~[spring-web-7.0.2.jar:7.0.2]
	at org.springframework.security.web.ObservationFilterChainDecorator$ObservationFilter.wrapFilter(ObservationFilterChainDecorator.java:244) ~[spring-security-web-7.0.2.jar:7.0.2]
	at org.springframework.security.web.ObservationFilterChainDecorator$ObservationFilter.doFilter(ObservationFilterChainDecorator.java:231) ~[spring-security-web-7.0.2.jar:7.0.2]
	at org.springframework.security.web.ObservationFilterChainDecorator$VirtualFilterChain.doFilter(ObservationFilterChainDecorator.java:141) ~[spring-security-web-7.0.2.jar:7.0.2]
	at org.springframework.security.web.authentication.logout.LogoutFilter.doFilter(LogoutFilter.java:110) ~[spring-security-web-7.0.2.jar:7.0.2]
	at org.springframework.security.web.authentication.logout.LogoutFilter.doFilter(LogoutFilter.java:96) ~[spring-security-web-7.0.2.jar:7.0.2]
	at org.springframework.security.web.ObservationFilterChainDecorator$ObservationFilter.wrapFilter(ObservationFilterChainDecorator.java:244) ~[spring-security-web-7.0.2.jar:7.0.2]
	at org.springframework.security.web.ObservationFilterChainDecorator$ObservationFilter.doFilter(ObservationFilterChainDecorator.java:231) ~[spring-security-web-7.0.2.jar:7.0.2]
	at org.springframework.security.web.ObservationFilterChainDecorator$VirtualFilterChain.doFilter(ObservationFilterChainDecorator.java:141) ~[spring-security-web-7.0.2.jar:7.0.2]
	at org.springframework.web.filter.CorsFilter.doFilterInternal(CorsFilter.java:91) ~[spring-web-7.0.2.jar:7.0.2]
	at org.springframework.web.filter.OncePerRequestFilter.doFilter(OncePerRequestFilter.java:116) ~[spring-web-7.0.2.jar:7.0.2]
	at org.springframework.security.web.ObservationFilterChainDecorator$ObservationFilter.wrapFilter(ObservationFilterChainDecorator.java:244) ~[spring-security-web-7.0.2.jar:7.0.2]
	at org.springframework.security.web.ObservationFilterChainDecorator$ObservationFilter.doFilter(ObservationFilterChainDecorator.java:231) ~[spring-security-web-7.0.2.jar:7.0.2]
	at org.springframework.security.web.ObservationFilterChainDecorator$VirtualFilterChain.doFilter(ObservationFilterChainDecorator.java:141) ~[spring-security-web-7.0.2.jar:7.0.2]
	at org.springframework.security.web.header.HeaderWriterFilter.doHeadersAfter(HeaderWriterFilter.java:90) ~[spring-security-web-7.0.2.jar:7.0.2]
	at org.springframework.security.web.header.HeaderWriterFilter.doFilterInternal(HeaderWriterFilter.java:75) ~[spring-security-web-7.0.2.jar:7.0.2]
	at org.springframework.web.filter.OncePerRequestFilter.doFilter(OncePerRequestFilter.java:116) ~[spring-web-7.0.2.jar:7.0.2]
	at org.springframework.security.web.ObservationFilterChainDecorator$ObservationFilter.wrapFilter(ObservationFilterChainDecorator.java:244) ~[spring-security-web-7.0.2.jar:7.0.2]
	at org.springframework.security.web.ObservationFilterChainDecorator$ObservationFilter.doFilter(ObservationFilterChainDecorator.java:231) ~[spring-security-web-7.0.2.jar:7.0.2]
	at org.springframework.security.web.ObservationFilterChainDecorator$VirtualFilterChain.doFilter(ObservationFilterChainDecorator.java:141) ~[spring-security-web-7.0.2.jar:7.0.2]
	at org.springframework.security.web.context.SecurityContextHolderFilter.doFilter(SecurityContextHolderFilter.java:82) ~[spring-security-web-7.0.2.jar:7.0.2]
	at org.springframework.security.web.context.SecurityContextHolderFilter.doFilter(SecurityContextHolderFilter.java:69) ~[spring-security-web-7.0.2.jar:7.0.2]
	at org.springframework.security.web.ObservationFilterChainDecorator$ObservationFilter.wrapFilter(ObservationFilterChainDecorator.java:244) ~[spring-security-web-7.0.2.jar:7.0.2]
	at org.springframework.security.web.ObservationFilterChainDecorator$ObservationFilter.doFilter(ObservationFilterChainDecorator.java:231) ~[spring-security-web-7.0.2.jar:7.0.2]
	at org.springframework.security.web.ObservationFilterChainDecorator$VirtualFilterChain.doFilter(ObservationFilterChainDecorator.java:141) ~[spring-security-web-7.0.2.jar:7.0.2]
	at org.springframework.security.web.context.request.async.WebAsyncManagerIntegrationFilter.doFilterInternal(WebAsyncManagerIntegrationFilter.java:62) ~[spring-security-web-7.0.2.jar:7.0.2]
	at org.springframework.web.filter.OncePerRequestFilter.doFilter(OncePerRequestFilter.java:116) ~[spring-web-7.0.2.jar:7.0.2]
	at org.springframework.security.web.ObservationFilterChainDecorator$ObservationFilter.wrapFilter(ObservationFilterChainDecorator.java:244) ~[spring-security-web-7.0.2.jar:7.0.2]
	at org.springframework.security.web.ObservationFilterChainDecorator$ObservationFilter.doFilter(ObservationFilterChainDecorator.java:231) ~[spring-security-web-7.0.2.jar:7.0.2]
	at org.springframework.security.web.ObservationFilterChainDecorator$VirtualFilterChain.doFilter(ObservationFilterChainDecorator.java:141) ~[spring-security-web-7.0.2.jar:7.0.2]
	at org.springframework.security.web.session.DisableEncodeUrlFilter.doFilterInternal(DisableEncodeUrlFilter.java:42) ~[spring-security-web-7.0.2.jar:7.0.2]
	at org.springframework.web.filter.OncePerRequestFilter.doFilter(OncePerRequestFilter.java:116) ~[spring-web-7.0.2.jar:7.0.2]
	at org.springframework.security.web.ObservationFilterChainDecorator$ObservationFilter.wrapFilter(ObservationFilterChainDecorator.java:244) ~[spring-security-web-7.0.2.jar:7.0.2]
	at org.springframework.security.web.ObservationFilterChainDecorator$AroundFilterObservation$SimpleAroundFilterObservation.lambda$wrap$0(ObservationFilterChainDecorator.java:337) ~[spring-security-web-7.0.2.jar:7.0.2]
	at org.springframework.security.web.ObservationFilterChainDecorator$ObservationFilter.doFilter(ObservationFilterChainDecorator.java:228) ~[spring-security-web-7.0.2.jar:7.0.2]
	at org.springframework.security.web.ObservationFilterChainDecorator$VirtualFilterChain.doFilter(ObservationFilterChainDecorator.java:141) ~[spring-security-web-7.0.2.jar:7.0.2]
	at org.springframework.security.web.FilterChainProxy.doFilterInternal(FilterChainProxy.java:237) ~[spring-security-web-7.0.2.jar:7.0.2]
	at org.springframework.security.web.FilterChainProxy.doFilter(FilterChainProxy.java:195) ~[spring-security-web-7.0.2.jar:7.0.2]
	at org.springframework.web.filter.CompositeFilter$VirtualFilterChain.doFilter(CompositeFilter.java:113) ~[spring-web-7.0.2.jar:7.0.2]
	at org.springframework.web.filter.ServletRequestPathFilter.doFilter(ServletRequestPathFilter.java:52) ~[spring-web-7.0.2.jar:7.0.2]
	at org.springframework.web.filter.CompositeFilter$VirtualFilterChain.doFilter(CompositeFilter.java:113) ~[spring-web-7.0.2.jar:7.0.2]
	at org.springframework.web.filter.CompositeFilter.doFilter(CompositeFilter.java:74) ~[spring-web-7.0.2.jar:7.0.2]
	at org.springframework.security.config.annotation.web.configuration.WebSecurityConfiguration$CompositeFilterChainProxy.doFilter(WebSecurityConfiguration.java:317) ~[spring-security-config-7.0.2.jar:7.0.2]
	at org.springframework.web.filter.DelegatingFilterProxy.invokeDelegate(DelegatingFilterProxy.java:355) ~[spring-web-7.0.2.jar:7.0.2]
	at org.springframework.web.filter.DelegatingFilterProxy.doFilter(DelegatingFilterProxy.java:272) ~[spring-web-7.0.2.jar:7.0.2]
	at org.apache.catalina.core.ApplicationFilterChain.doFilter(ApplicationFilterChain.java:107) ~[tomcat-embed-core-11.0.15.jar:11.0.15]
	at org.springframework.web.filter.RequestContextFilter.doFilterInternal(RequestContextFilter.java:100) ~[spring-web-7.0.2.jar:7.0.2]
	at org.springframework.web.filter.OncePerRequestFilter.doFilter(OncePerRequestFilter.java:116) ~[spring-web-7.0.2.jar:7.0.2]
	at org.apache.catalina.core.ApplicationFilterChain.doFilter(ApplicationFilterChain.java:107) ~[tomcat-embed-core-11.0.15.jar:11.0.15]
	at org.springframework.web.filter.FormContentFilter.doFilterInternal(FormContentFilter.java:93) ~[spring-web-7.0.2.jar:7.0.2]
	at org.springframework.web.filter.OncePerRequestFilter.doFilter(OncePerRequestFilter.java:116) ~[spring-web-7.0.2.jar:7.0.2]
	at org.apache.catalina.core.ApplicationFilterChain.doFilter(ApplicationFilterChain.java:107) ~[tomcat-embed-core-11.0.15.jar:11.0.15]
	at org.springframework.web.filter.ServerHttpObservationFilter.doFilterInternal(ServerHttpObservationFilter.java:110) ~[spring-web-7.0.2.jar:7.0.2]
	at org.springframework.web.filter.OncePerRequestFilter.doFilter(OncePerRequestFilter.java:116) ~[spring-web-7.0.2.jar:7.0.2]
	at org.apache.catalina.core.ApplicationFilterChain.doFilter(ApplicationFilterChain.java:107) ~[tomcat-embed-core-11.0.15.jar:11.0.15]
	at org.springframework.web.filter.CharacterEncodingFilter.doFilterInternal(CharacterEncodingFilter.java:199) ~[spring-web-7.0.2.jar:7.0.2]
	at org.springframework.web.filter.OncePerRequestFilter.doFilter(OncePerRequestFilter.java:116) ~[spring-web-7.0.2.jar:7.0.2]
	at org.apache.catalina.core.ApplicationFilterChain.doFilter(ApplicationFilterChain.java:107) ~[tomcat-embed-core-11.0.15.jar:11.0.15]
	at org.apache.catalina.core.StandardWrapperValve.invoke(StandardWrapperValve.java:165) ~[tomcat-embed-core-11.0.15.jar:11.0.15]
	at org.apache.catalina.core.StandardContextValve.invoke(StandardContextValve.java:77) ~[tomcat-embed-core-11.0.15.jar:11.0.15]
	at org.apache.catalina.authenticator.AuthenticatorBase.invoke(AuthenticatorBase.java:482) ~[tomcat-embed-core-11.0.15.jar:11.0.15]
	at org.apache.catalina.core.StandardHostValve.invoke(StandardHostValve.java:113) ~[tomcat-embed-core-11.0.15.jar:11.0.15]
	at org.apache.catalina.valves.ErrorReportValve.invoke(ErrorReportValve.java:83) ~[tomcat-embed-core-11.0.15.jar:11.0.15]
	at org.apache.catalina.core.StandardEngineValve.invoke(StandardEngineValve.java:72) ~[tomcat-embed-core-11.0.15.jar:11.0.15]
	at org.apache.catalina.connector.CoyoteAdapter.service(CoyoteAdapter.java:341) ~[tomcat-embed-core-11.0.15.jar:11.0.15]
	at org.apache.coyote.http11.Http11Processor.service(Http11Processor.java:397) ~[tomcat-embed-core-11.0.15.jar:11.0.15]
	at org.apache.coyote.AbstractProcessorLight.process(AbstractProcessorLight.java:63) ~[tomcat-embed-core-11.0.15.jar:11.0.15]
	at org.apache.coyote.AbstractProtocol$ConnectionHandler.process(AbstractProtocol.java:903) ~[tomcat-embed-core-11.0.15.jar:11.0.15]
	at org.apache.tomcat.util.net.NioEndpoint$SocketProcessor.doRun(NioEndpoint.java:1778) ~[tomcat-embed-core-11.0.15.jar:11.0.15]
	at org.apache.tomcat.util.net.SocketProcessorBase.run(SocketProcessorBase.java:52) ~[tomcat-embed-core-11.0.15.jar:11.0.15]
	at org.apache.tomcat.util.threads.ThreadPoolExecutor.runWorker(ThreadPoolExecutor.java:946) ~[tomcat-embed-core-11.0.15.jar:11.0.15]
	at org.apache.tomcat.util.threads.ThreadPoolExecutor$Worker.run(ThreadPoolExecutor.java:480) ~[tomcat-embed-core-11.0.15.jar:11.0.15]
	at org.apache.tomcat.util.threads.TaskThread$WrappingRunnable.run(TaskThread.java:57) ~[tomcat-embed-core-11.0.15.jar:11.0.15]
	at java.base/java.lang.Thread.run(Thread.java:1583) ~[na:na]

2026-02-27T09:24:13.720+01:00  INFO 23160 --- [readyroad-secure] [nio-8890-exec-1] c.r.r.config.RequestLoggingFilter        : ════════════════════════════════════════
2026-02-27T09:24:13.720+01:00  INFO 23160 --- [readyroad-secure] [nio-8890-exec-1] c.r.r.config.RequestLoggingFilter        : 🌐 INCOMING REQUEST
2026-02-27T09:24:13.721+01:00  INFO 23160 --- [readyroad-secure] [nio-8890-exec-1] c.r.r.config.RequestLoggingFilter        : ════════════════════════════════════════
2026-02-27T09:24:13.721+01:00  INFO 23160 --- [readyroad-secure] [nio-8890-exec-1] c.r.r.config.RequestLoggingFilter        : Method: GET
2026-02-27T09:24:13.722+01:00  INFO 23160 --- [readyroad-secure] [nio-8890-exec-1] c.r.r.config.RequestLoggingFilter        : URI: /api/categories
2026-02-27T09:24:13.722+01:00  INFO 23160 --- [readyroad-secure] [nio-8890-exec-1] c.r.r.config.RequestLoggingFilter        : Remote Address: 0:0:0:0:0:0:0:1
2026-02-27T09:24:13.724+01:00 DEBUG 23160 --- [readyroad-secure] [io-8890-exec-10] org.hibernate.SQL                        : select c1_0.id,c1_0.code,c1_0.created_at,c1_0.description_ar,c1_0.description_en,c1_0.description_fr,c1_0.description_nl,c1_0.display_order,c1_0.is_active,c1_0.name_ar,c1_0.name_en,c1_0.name_fr,c1_0.name_nl,c1_0.updated_at from categories c1_0 where c1_0.is_active=true order by c1_0.display_order
2026-02-27T09:24:13.725+01:00  INFO 23160 --- [readyroad-secure] [nio-8890-exec-1] c.r.r.config.RequestLoggingFilter        : ----------------------------------------
2026-02-27T09:24:13.725+01:00  INFO 23160 --- [readyroad-secure] [nio-8890-exec-1] c.r.r.config.RequestLoggingFilter        : 📋 Request Headers:
2026-02-27T09:24:13.726+01:00  INFO 23160 --- [readyroad-secure] [nio-8890-exec-1] c.r.r.config.RequestLoggingFilter        :   host: localhost:8890
2026-02-27T09:24:13.726+01:00  INFO 23160 --- [readyroad-secure] [nio-8890-exec-1] c.r.r.config.RequestLoggingFilter        :   connection: keep-alive
2026-02-27T09:24:13.727+01:00  INFO 23160 --- [readyroad-secure] [nio-8890-exec-1] c.r.r.config.RequestLoggingFilter        :   Accept: application/json
2026-02-27T09:24:13.727+01:00  INFO 23160 --- [readyroad-secure] [nio-8890-exec-1] c.r.r.config.RequestLoggingFilter        :   Authorization: Bearer [TOKEN_HIDDEN]
2026-02-27T09:24:13.728+01:00  INFO 23160 --- [readyroad-secure] [nio-8890-exec-1] c.r.r.config.RequestLoggingFilter        :   accept-language: *
2026-02-27T09:24:13.728+01:00  INFO 23160 --- [readyroad-secure] [nio-8890-exec-1] c.r.r.config.RequestLoggingFilter        :   sec-fetch-mode: cors
2026-02-27T09:24:13.729+01:00  INFO 23160 --- [readyroad-secure] [nio-8890-exec-1] c.r.r.config.RequestLoggingFilter        :   user-agent: node
2026-02-27T09:24:13.729+01:00  INFO 23160 --- [readyroad-secure] [nio-8890-exec-1] c.r.r.config.RequestLoggingFilter        :   pragma: no-cache
2026-02-27T09:24:13.730+01:00  INFO 23160 --- [readyroad-secure] [nio-8890-exec-1] c.r.r.config.RequestLoggingFilter        :   cache-control: no-cache
2026-02-27T09:24:13.730+01:00  INFO 23160 --- [readyroad-secure] [nio-8890-exec-1] c.r.r.config.RequestLoggingFilter        :   accept-encoding: gzip, deflate
2026-02-27T09:24:13.730+01:00  INFO 23160 --- [readyroad-secure] [nio-8890-exec-1] c.r.r.config.RequestLoggingFilter        : ════════════════════════════════════════
2026-02-27T09:24:13.736+01:00 DEBUG 23160 --- [readyroad-secure] [nio-8890-exec-1] org.hibernate.SQL                        : select c1_0.id,c1_0.code,c1_0.created_at,c1_0.description_ar,c1_0.description_en,c1_0.description_fr,c1_0.description_nl,c1_0.display_order,c1_0.is_active,c1_0.name_ar,c1_0.name_en,c1_0.name_fr,c1_0.name_nl,c1_0.updated_at from categories c1_0 where c1_0.is_active=true order by c1_0.display_order
2026-02-27T09:24:39.372+01:00 ERROR 23160 --- [readyroad-secure] [nio-8890-exec-4] c.r.r.config.JwtAuthenticationFilter     : ❌ Cannot set user authentication: JWT expired 23308372 milliseconds ago at 2026-02-27T01:56:11.000Z. Current time: 2026-02-27T08:24:39.372Z. Allowed clock skew: 0 milliseconds.
2026-02-27T09:24:39.374+01:00 ERROR 23160 --- [readyroad-secure] [nio-8890-exec-4] c.r.r.config.JwtAuthenticationFilter     : Exception details:

io.jsonwebtoken.ExpiredJwtException: JWT expired 23308372 milliseconds ago at 2026-02-27T01:56:11.000Z. Current time: 2026-02-27T08:24:39.372Z. Allowed clock skew: 0 milliseconds.
	at io.jsonwebtoken.impl.DefaultJwtParser.parse(DefaultJwtParser.java:682) ~[jjwt-impl-0.12.5.jar:0.12.5]
	at io.jsonwebtoken.impl.DefaultJwtParser.parse(DefaultJwtParser.java:362) ~[jjwt-impl-0.12.5.jar:0.12.5]
	at io.jsonwebtoken.impl.DefaultJwtParser.parse(DefaultJwtParser.java:94) ~[jjwt-impl-0.12.5.jar:0.12.5]
	at io.jsonwebtoken.impl.io.AbstractParser.parse(AbstractParser.java:36) ~[jjwt-impl-0.12.5.jar:0.12.5]
	at io.jsonwebtoken.impl.io.AbstractParser.parse(AbstractParser.java:29) ~[jjwt-impl-0.12.5.jar:0.12.5]
	at io.jsonwebtoken.impl.DefaultJwtParser.parseSignedClaims(DefaultJwtParser.java:821) ~[jjwt-impl-0.12.5.jar:0.12.5]
	at com.readyroad.readyroadbackend.service.JwtService.extractAllClaims(JwtService.java:118) ~[classes/:na]
	at com.readyroad.readyroadbackend.service.JwtService.extractClaim(JwtService.java:103) ~[classes/:na]
	at com.readyroad.readyroadbackend.service.JwtService.extractUsername(JwtService.java:81) ~[classes/:na]
	at com.readyroad.readyroadbackend.config.JwtAuthenticationFilter.doFilterInternal(JwtAuthenticationFilter.java:113) ~[classes/:na]
	at org.springframework.web.filter.OncePerRequestFilter.doFilter(OncePerRequestFilter.java:116) ~[spring-web-7.0.2.jar:7.0.2]
	at org.springframework.security.web.ObservationFilterChainDecorator$ObservationFilter.wrapFilter(ObservationFilterChainDecorator.java:244) ~[spring-security-web-7.0.2.jar:7.0.2]
	at org.springframework.security.web.ObservationFilterChainDecorator$ObservationFilter.doFilter(ObservationFilterChainDecorator.java:231) ~[spring-security-web-7.0.2.jar:7.0.2]
	at org.springframework.security.web.ObservationFilterChainDecorator$VirtualFilterChain.doFilter(ObservationFilterChainDecorator.java:141) ~[spring-security-web-7.0.2.jar:7.0.2]
	at org.springframework.security.web.authentication.logout.LogoutFilter.doFilter(LogoutFilter.java:110) ~[spring-security-web-7.0.2.jar:7.0.2]
	at org.springframework.security.web.authentication.logout.LogoutFilter.doFilter(LogoutFilter.java:96) ~[spring-security-web-7.0.2.jar:7.0.2]
	at org.springframework.security.web.ObservationFilterChainDecorator$ObservationFilter.wrapFilter(ObservationFilterChainDecorator.java:244) ~[spring-security-web-7.0.2.jar:7.0.2]
	at org.springframework.security.web.ObservationFilterChainDecorator$ObservationFilter.doFilter(ObservationFilterChainDecorator.java:231) ~[spring-security-web-7.0.2.jar:7.0.2]
	at org.springframework.security.web.ObservationFilterChainDecorator$VirtualFilterChain.doFilter(ObservationFilterChainDecorator.java:141) ~[spring-security-web-7.0.2.jar:7.0.2]
	at org.springframework.web.filter.CorsFilter.doFilterInternal(CorsFilter.java:91) ~[spring-web-7.0.2.jar:7.0.2]
	at org.springframework.web.filter.OncePerRequestFilter.doFilter(OncePerRequestFilter.java:116) ~[spring-web-7.0.2.jar:7.0.2]
	at org.springframework.security.web.ObservationFilterChainDecorator$ObservationFilter.wrapFilter(ObservationFilterChainDecorator.java:244) ~[spring-security-web-7.0.2.jar:7.0.2]
	at org.springframework.security.web.ObservationFilterChainDecorator$ObservationFilter.doFilter(ObservationFilterChainDecorator.java:231) ~[spring-security-web-7.0.2.jar:7.0.2]
	at org.springframework.security.web.ObservationFilterChainDecorator$VirtualFilterChain.doFilter(ObservationFilterChainDecorator.java:141) ~[spring-security-web-7.0.2.jar:7.0.2]
	at org.springframework.security.web.header.HeaderWriterFilter.doHeadersAfter(HeaderWriterFilter.java:90) ~[spring-security-web-7.0.2.jar:7.0.2]
	at org.springframework.security.web.header.HeaderWriterFilter.doFilterInternal(HeaderWriterFilter.java:75) ~[spring-security-web-7.0.2.jar:7.0.2]
	at org.springframework.web.filter.OncePerRequestFilter.doFilter(OncePerRequestFilter.java:116) ~[spring-web-7.0.2.jar:7.0.2]
	at org.springframework.security.web.ObservationFilterChainDecorator$ObservationFilter.wrapFilter(ObservationFilterChainDecorator.java:244) ~[spring-security-web-7.0.2.jar:7.0.2]
	at org.springframework.security.web.ObservationFilterChainDecorator$ObservationFilter.doFilter(ObservationFilterChainDecorator.java:231) ~[spring-security-web-7.0.2.jar:7.0.2]
	at org.springframework.security.web.ObservationFilterChainDecorator$VirtualFilterChain.doFilter(ObservationFilterChainDecorator.java:141) ~[spring-security-web-7.0.2.jar:7.0.2]
	at org.springframework.security.web.context.SecurityContextHolderFilter.doFilter(SecurityContextHolderFilter.java:82) ~[spring-security-web-7.0.2.jar:7.0.2]
	at org.springframework.security.web.context.SecurityContextHolderFilter.doFilter(SecurityContextHolderFilter.java:69) ~[spring-security-web-7.0.2.jar:7.0.2]
	at org.springframework.security.web.ObservationFilterChainDecorator$ObservationFilter.wrapFilter(ObservationFilterChainDecorator.java:244) ~[spring-security-web-7.0.2.jar:7.0.2]
	at org.springframework.security.web.ObservationFilterChainDecorator$ObservationFilter.doFilter(ObservationFilterChainDecorator.java:231) ~[spring-security-web-7.0.2.jar:7.0.2]
	at org.springframework.security.web.ObservationFilterChainDecorator$VirtualFilterChain.doFilter(ObservationFilterChainDecorator.java:141) ~[spring-security-web-7.0.2.jar:7.0.2]
	at org.springframework.security.web.context.request.async.WebAsyncManagerIntegrationFilter.doFilterInternal(WebAsyncManagerIntegrationFilter.java:62) ~[spring-security-web-7.0.2.jar:7.0.2]
	at org.springframework.web.filter.OncePerRequestFilter.doFilter(OncePerRequestFilter.java:116) ~[spring-web-7.0.2.jar:7.0.2]
	at org.springframework.security.web.ObservationFilterChainDecorator$ObservationFilter.wrapFilter(ObservationFilterChainDecorator.java:244) ~[spring-security-web-7.0.2.jar:7.0.2]
	at org.springframework.security.web.ObservationFilterChainDecorator$ObservationFilter.doFilter(ObservationFilterChainDecorator.java:231) ~[spring-security-web-7.0.2.jar:7.0.2]
	at org.springframework.security.web.ObservationFilterChainDecorator$VirtualFilterChain.doFilter(ObservationFilterChainDecorator.java:141) ~[spring-security-web-7.0.2.jar:7.0.2]
	at org.springframework.security.web.session.DisableEncodeUrlFilter.doFilterInternal(DisableEncodeUrlFilter.java:42) ~[spring-security-web-7.0.2.jar:7.0.2]
	at org.springframework.web.filter.OncePerRequestFilter.doFilter(OncePerRequestFilter.java:116) ~[spring-web-7.0.2.jar:7.0.2]
	at org.springframework.security.web.ObservationFilterChainDecorator$ObservationFilter.wrapFilter(ObservationFilterChainDecorator.java:244) ~[spring-security-web-7.0.2.jar:7.0.2]
	at org.springframework.security.web.ObservationFilterChainDecorator$AroundFilterObservation$SimpleAroundFilterObservation.lambda$wrap$0(ObservationFilterChainDecorator.java:337) ~[spring-security-web-7.0.2.jar:7.0.2]
	at org.springframework.security.web.ObservationFilterChainDecorator$ObservationFilter.doFilter(ObservationFilterChainDecorator.java:228) ~[spring-security-web-7.0.2.jar:7.0.2]
	at org.springframework.security.web.ObservationFilterChainDecorator$VirtualFilterChain.doFilter(ObservationFilterChainDecorator.java:141) ~[spring-security-web-7.0.2.jar:7.0.2]
	at org.springframework.security.web.FilterChainProxy.doFilterInternal(FilterChainProxy.java:237) ~[spring-security-web-7.0.2.jar:7.0.2]
	at org.springframework.security.web.FilterChainProxy.doFilter(FilterChainProxy.java:195) ~[spring-security-web-7.0.2.jar:7.0.2]
	at org.springframework.web.filter.CompositeFilter$VirtualFilterChain.doFilter(CompositeFilter.java:113) ~[spring-web-7.0.2.jar:7.0.2]
	at org.springframework.web.filter.ServletRequestPathFilter.doFilter(ServletRequestPathFilter.java:52) ~[spring-web-7.0.2.jar:7.0.2]
	at org.springframework.web.filter.CompositeFilter$VirtualFilterChain.doFilter(CompositeFilter.java:113) ~[spring-web-7.0.2.jar:7.0.2]
	at org.springframework.web.filter.CompositeFilter.doFilter(CompositeFilter.java:74) ~[spring-web-7.0.2.jar:7.0.2]
	at org.springframework.security.config.annotation.web.configuration.WebSecurityConfiguration$CompositeFilterChainProxy.doFilter(WebSecurityConfiguration.java:317) ~[spring-security-config-7.0.2.jar:7.0.2]
	at org.springframework.web.filter.DelegatingFilterProxy.invokeDelegate(DelegatingFilterProxy.java:355) ~[spring-web-7.0.2.jar:7.0.2]
	at org.springframework.web.filter.DelegatingFilterProxy.doFilter(DelegatingFilterProxy.java:272) ~[spring-web-7.0.2.jar:7.0.2]
	at org.apache.catalina.core.ApplicationFilterChain.doFilter(ApplicationFilterChain.java:107) ~[tomcat-embed-core-11.0.15.jar:11.0.15]
	at org.springframework.web.filter.RequestContextFilter.doFilterInternal(RequestContextFilter.java:100) ~[spring-web-7.0.2.jar:7.0.2]
	at org.springframework.web.filter.OncePerRequestFilter.doFilter(OncePerRequestFilter.java:116) ~[spring-web-7.0.2.jar:7.0.2]
	at org.apache.catalina.core.ApplicationFilterChain.doFilter(ApplicationFilterChain.java:107) ~[tomcat-embed-core-11.0.15.jar:11.0.15]
	at org.springframework.web.filter.FormContentFilter.doFilterInternal(FormContentFilter.java:93) ~[spring-web-7.0.2.jar:7.0.2]
	at org.springframework.web.filter.OncePerRequestFilter.doFilter(OncePerRequestFilter.java:116) ~[spring-web-7.0.2.jar:7.0.2]
	at org.apache.catalina.core.ApplicationFilterChain.doFilter(ApplicationFilterChain.java:107) ~[tomcat-embed-core-11.0.15.jar:11.0.15]
	at org.springframework.web.filter.ServerHttpObservationFilter.doFilterInternal(ServerHttpObservationFilter.java:110) ~[spring-web-7.0.2.jar:7.0.2]
	at org.springframework.web.filter.OncePerRequestFilter.doFilter(OncePerRequestFilter.java:116) ~[spring-web-7.0.2.jar:7.0.2]
	at org.apache.catalina.core.ApplicationFilterChain.doFilter(ApplicationFilterChain.java:107) ~[tomcat-embed-core-11.0.15.jar:11.0.15]
	at org.springframework.web.filter.CharacterEncodingFilter.doFilterInternal(CharacterEncodingFilter.java:199) ~[spring-web-7.0.2.jar:7.0.2]
	at org.springframework.web.filter.OncePerRequestFilter.doFilter(OncePerRequestFilter.java:116) ~[spring-web-7.0.2.jar:7.0.2]
	at org.apache.catalina.core.ApplicationFilterChain.doFilter(ApplicationFilterChain.java:107) ~[tomcat-embed-core-11.0.15.jar:11.0.15]
	at org.apache.catalina.core.StandardWrapperValve.invoke(StandardWrapperValve.java:165) ~[tomcat-embed-core-11.0.15.jar:11.0.15]
	at org.apache.catalina.core.StandardContextValve.invoke(StandardContextValve.java:77) ~[tomcat-embed-core-11.0.15.jar:11.0.15]
	at org.apache.catalina.authenticator.AuthenticatorBase.invoke(AuthenticatorBase.java:482) ~[tomcat-embed-core-11.0.15.jar:11.0.15]
	at org.apache.catalina.core.StandardHostValve.invoke(StandardHostValve.java:113) ~[tomcat-embed-core-11.0.15.jar:11.0.15]
	at org.apache.catalina.valves.ErrorReportValve.invoke(ErrorReportValve.java:83) ~[tomcat-embed-core-11.0.15.jar:11.0.15]
	at org.apache.catalina.core.StandardEngineValve.invoke(StandardEngineValve.java:72) ~[tomcat-embed-core-11.0.15.jar:11.0.15]
	at org.apache.catalina.connector.CoyoteAdapter.service(CoyoteAdapter.java:341) ~[tomcat-embed-core-11.0.15.jar:11.0.15]
	at org.apache.coyote.http11.Http11Processor.service(Http11Processor.java:397) ~[tomcat-embed-core-11.0.15.jar:11.0.15]
	at org.apache.coyote.AbstractProcessorLight.process(AbstractProcessorLight.java:63) ~[tomcat-embed-core-11.0.15.jar:11.0.15]
	at org.apache.coyote.AbstractProtocol$ConnectionHandler.process(AbstractProtocol.java:903) ~[tomcat-embed-core-11.0.15.jar:11.0.15]
	at org.apache.tomcat.util.net.NioEndpoint$SocketProcessor.doRun(NioEndpoint.java:1778) ~[tomcat-embed-core-11.0.15.jar:11.0.15]
	at org.apache.tomcat.util.net.SocketProcessorBase.run(SocketProcessorBase.java:52) ~[tomcat-embed-core-11.0.15.jar:11.0.15]
	at org.apache.tomcat.util.threads.ThreadPoolExecutor.runWorker(ThreadPoolExecutor.java:946) ~[tomcat-embed-core-11.0.15.jar:11.0.15]
	at org.apache.tomcat.util.threads.ThreadPoolExecutor$Worker.run(ThreadPoolExecutor.java:480) ~[tomcat-embed-core-11.0.15.jar:11.0.15]
	at org.apache.tomcat.util.threads.TaskThread$WrappingRunnable.run(TaskThread.java:57) ~[tomcat-embed-core-11.0.15.jar:11.0.15]
	at java.base/java.lang.Thread.run(Thread.java:1583) ~[na:na]

2026-02-27T09:24:39.719+01:00 ERROR 23160 --- [readyroad-secure] [nio-8890-exec-5] c.r.r.config.JwtAuthenticationFilter     : ❌ Cannot set user authentication: JWT expired 23308719 milliseconds ago at 2026-02-27T01:56:11.000Z. Current time: 2026-02-27T08:24:39.719Z. Allowed clock skew: 0 milliseconds.
2026-02-27T09:24:39.722+01:00 ERROR 23160 --- [readyroad-secure] [nio-8890-exec-8] c.r.r.config.JwtAuthenticationFilter     : ❌ Cannot set user authentication: JWT expired 23308722 milliseconds ago at 2026-02-27T01:56:11.000Z. Current time: 2026-02-27T08:24:39.722Z. Allowed clock skew: 0 milliseconds.
2026-02-27T09:24:39.722+01:00 ERROR 23160 --- [readyroad-secure] [nio-8890-exec-5] c.r.r.config.JwtAuthenticationFilter     : Exception details:

io.jsonwebtoken.ExpiredJwtException: JWT expired 23308719 milliseconds ago at 2026-02-27T01:56:11.000Z. Current time: 2026-02-27T08:24:39.719Z. Allowed clock skew: 0 milliseconds.
	at io.jsonwebtoken.impl.DefaultJwtParser.parse(DefaultJwtParser.java:682) ~[jjwt-impl-0.12.5.jar:0.12.5]
	at io.jsonwebtoken.impl.DefaultJwtParser.parse(DefaultJwtParser.java:362) ~[jjwt-impl-0.12.5.jar:0.12.5]
	at io.jsonwebtoken.impl.DefaultJwtParser.parse(DefaultJwtParser.java:94) ~[jjwt-impl-0.12.5.jar:0.12.5]
	at io.jsonwebtoken.impl.io.AbstractParser.parse(AbstractParser.java:36) ~[jjwt-impl-0.12.5.jar:0.12.5]
	at io.jsonwebtoken.impl.io.AbstractParser.parse(AbstractParser.java:29) ~[jjwt-impl-0.12.5.jar:0.12.5]
	at io.jsonwebtoken.impl.DefaultJwtParser.parseSignedClaims(DefaultJwtParser.java:821) ~[jjwt-impl-0.12.5.jar:0.12.5]
	at com.readyroad.readyroadbackend.service.JwtService.extractAllClaims(JwtService.java:118) ~[classes/:na]
	at com.readyroad.readyroadbackend.service.JwtService.extractClaim(JwtService.java:103) ~[classes/:na]
	at com.readyroad.readyroadbackend.service.JwtService.extractUsername(JwtService.java:81) ~[classes/:na]
	at com.readyroad.readyroadbackend.config.JwtAuthenticationFilter.doFilterInternal(JwtAuthenticationFilter.java:113) ~[classes/:na]
	at org.springframework.web.filter.OncePerRequestFilter.doFilter(OncePerRequestFilter.java:116) ~[spring-web-7.0.2.jar:7.0.2]
	at org.springframework.security.web.ObservationFilterChainDecorator$ObservationFilter.wrapFilter(ObservationFilterChainDecorator.java:244) ~[spring-security-web-7.0.2.jar:7.0.2]
	at org.springframework.security.web.ObservationFilterChainDecorator$ObservationFilter.doFilter(ObservationFilterChainDecorator.java:231) ~[spring-security-web-7.0.2.jar:7.0.2]
	at org.springframework.security.web.ObservationFilterChainDecorator$VirtualFilterChain.doFilter(ObservationFilterChainDecorator.java:141) ~[spring-security-web-7.0.2.jar:7.0.2]
	at org.springframework.security.web.authentication.logout.LogoutFilter.doFilter(LogoutFilter.java:110) ~[spring-security-web-7.0.2.jar:7.0.2]
	at org.springframework.security.web.authentication.logout.LogoutFilter.doFilter(LogoutFilter.java:96) ~[spring-security-web-7.0.2.jar:7.0.2]
	at org.springframework.security.web.ObservationFilterChainDecorator$ObservationFilter.wrapFilter(ObservationFilterChainDecorator.java:244) ~[spring-security-web-7.0.2.jar:7.0.2]
	at org.springframework.security.web.ObservationFilterChainDecorator$ObservationFilter.doFilter(ObservationFilterChainDecorator.java:231) ~[spring-security-web-7.0.2.jar:7.0.2]
	at org.springframework.security.web.ObservationFilterChainDecorator$VirtualFilterChain.doFilter(ObservationFilterChainDecorator.java:141) ~[spring-security-web-7.0.2.jar:7.0.2]
	at org.springframework.web.filter.CorsFilter.doFilterInternal(CorsFilter.java:91) ~[spring-web-7.0.2.jar:7.0.2]
	at org.springframework.web.filter.OncePerRequestFilter.doFilter(OncePerRequestFilter.java:116) ~[spring-web-7.0.2.jar:7.0.2]
	at org.springframework.security.web.ObservationFilterChainDecorator$ObservationFilter.wrapFilter(ObservationFilterChainDecorator.java:244) ~[spring-security-web-7.0.2.jar:7.0.2]
	at org.springframework.security.web.ObservationFilterChainDecorator$ObservationFilter.doFilter(ObservationFilterChainDecorator.java:231) ~[spring-security-web-7.0.2.jar:7.0.2]
	at org.springframework.security.web.ObservationFilterChainDecorator$VirtualFilterChain.doFilter(ObservationFilterChainDecorator.java:141) ~[spring-security-web-7.0.2.jar:7.0.2]
	at org.springframework.security.web.header.HeaderWriterFilter.doHeadersAfter(HeaderWriterFilter.java:90) ~[spring-security-web-7.0.2.jar:7.0.2]
	at org.springframework.security.web.header.HeaderWriterFilter.doFilterInternal(HeaderWriterFilter.java:75) ~[spring-security-web-7.0.2.jar:7.0.2]
	at org.springframework.web.filter.OncePerRequestFilter.doFilter(OncePerRequestFilter.java:116) ~[spring-web-7.0.2.jar:7.0.2]
	at org.springframework.security.web.ObservationFilterChainDecorator$ObservationFilter.wrapFilter(ObservationFilterChainDecorator.java:244) ~[spring-security-web-7.0.2.jar:7.0.2]
	at org.springframework.security.web.ObservationFilterChainDecorator$ObservationFilter.doFilter(ObservationFilterChainDecorator.java:231) ~[spring-security-web-7.0.2.jar:7.0.2]
	at org.springframework.security.web.ObservationFilterChainDecorator$VirtualFilterChain.doFilter(ObservationFilterChainDecorator.java:141) ~[spring-security-web-7.0.2.jar:7.0.2]
	at org.springframework.security.web.context.SecurityContextHolderFilter.doFilter(SecurityContextHolderFilter.java:82) ~[spring-security-web-7.0.2.jar:7.0.2]
	at org.springframework.security.web.context.SecurityContextHolderFilter.doFilter(SecurityContextHolderFilter.java:69) ~[spring-security-web-7.0.2.jar:7.0.2]
	at org.springframework.security.web.ObservationFilterChainDecorator$ObservationFilter.wrapFilter(ObservationFilterChainDecorator.java:244) ~[spring-security-web-7.0.2.jar:7.0.2]
	at org.springframework.security.web.ObservationFilterChainDecorator$ObservationFilter.doFilter(ObservationFilterChainDecorator.java:231) ~[spring-security-web-7.0.2.jar:7.0.2]
	at org.springframework.security.web.ObservationFilterChainDecorator$VirtualFilterChain.doFilter(ObservationFilterChainDecorator.java:141) ~[spring-security-web-7.0.2.jar:7.0.2]
	at org.springframework.security.web.context.request.async.WebAsyncManagerIntegrationFilter.doFilterInternal(WebAsyncManagerIntegrationFilter.java:62) ~[spring-security-web-7.0.2.jar:7.0.2]
	at org.springframework.web.filter.OncePerRequestFilter.doFilter(OncePerRequestFilter.java:116) ~[spring-web-7.0.2.jar:7.0.2]
	at org.springframework.security.web.ObservationFilterChainDecorator$ObservationFilter.wrapFilter(ObservationFilterChainDecorator.java:244) ~[spring-security-web-7.0.2.jar:7.0.2]
	at org.springframework.security.web.ObservationFilterChainDecorator$ObservationFilter.doFilter(ObservationFilterChainDecorator.java:231) ~[spring-security-web-7.0.2.jar:7.0.2]
	at org.springframework.security.web.ObservationFilterChainDecorator$VirtualFilterChain.doFilter(ObservationFilterChainDecorator.java:141) ~[spring-security-web-7.0.2.jar:7.0.2]
	at org.springframework.security.web.session.DisableEncodeUrlFilter.doFilterInternal(DisableEncodeUrlFilter.java:42) ~[spring-security-web-7.0.2.jar:7.0.2]
	at org.springframework.web.filter.OncePerRequestFilter.doFilter(OncePerRequestFilter.java:116) ~[spring-web-7.0.2.jar:7.0.2]
	at org.springframework.security.web.ObservationFilterChainDecorator$ObservationFilter.wrapFilter(ObservationFilterChainDecorator.java:244) ~[spring-security-web-7.0.2.jar:7.0.2]
	at org.springframework.security.web.ObservationFilterChainDecorator$AroundFilterObservation$SimpleAroundFilterObservation.lambda$wrap$0(ObservationFilterChainDecorator.java:337) ~[spring-security-web-7.0.2.jar:7.0.2]
	at org.springframework.security.web.ObservationFilterChainDecorator$ObservationFilter.doFilter(ObservationFilterChainDecorator.java:228) ~[spring-security-web-7.0.2.jar:7.0.2]
	at org.springframework.security.web.ObservationFilterChainDecorator$VirtualFilterChain.doFilter(ObservationFilterChainDecorator.java:141) ~[spring-security-web-7.0.2.jar:7.0.2]
	at org.springframework.security.web.FilterChainProxy.doFilterInternal(FilterChainProxy.java:237) ~[spring-security-web-7.0.2.jar:7.0.2]
	at org.springframework.security.web.FilterChainProxy.doFilter(FilterChainProxy.java:195) ~[spring-security-web-7.0.2.jar:7.0.2]
	at org.springframework.web.filter.CompositeFilter$VirtualFilterChain.doFilter(CompositeFilter.java:113) ~[spring-web-7.0.2.jar:7.0.2]
	at org.springframework.web.filter.ServletRequestPathFilter.doFilter(ServletRequestPathFilter.java:52) ~[spring-web-7.0.2.jar:7.0.2]
	at org.springframework.web.filter.CompositeFilter$VirtualFilterChain.doFilter(CompositeFilter.java:113) ~[spring-web-7.0.2.jar:7.0.2]
	at org.springframework.web.filter.CompositeFilter.doFilter(CompositeFilter.java:74) ~[spring-web-7.0.2.jar:7.0.2]
	at org.springframework.security.config.annotation.web.configuration.WebSecurityConfiguration$CompositeFilterChainProxy.doFilter(WebSecurityConfiguration.java:317) ~[spring-security-config-7.0.2.jar:7.0.2]
	at org.springframework.web.filter.DelegatingFilterProxy.invokeDelegate(DelegatingFilterProxy.java:355) ~[spring-web-7.0.2.jar:7.0.2]
	at org.springframework.web.filter.DelegatingFilterProxy.doFilter(DelegatingFilterProxy.java:272) ~[spring-web-7.0.2.jar:7.0.2]
	at org.apache.catalina.core.ApplicationFilterChain.doFilter(ApplicationFilterChain.java:107) ~[tomcat-embed-core-11.0.15.jar:11.0.15]
	at org.springframework.web.filter.RequestContextFilter.doFilterInternal(RequestContextFilter.java:100) ~[spring-web-7.0.2.jar:7.0.2]
	at org.springframework.web.filter.OncePerRequestFilter.doFilter(OncePerRequestFilter.java:116) ~[spring-web-7.0.2.jar:7.0.2]
	at org.apache.catalina.core.ApplicationFilterChain.doFilter(ApplicationFilterChain.java:107) ~[tomcat-embed-core-11.0.15.jar:11.0.15]
	at org.springframework.web.filter.FormContentFilter.doFilterInternal(FormContentFilter.java:93) ~[spring-web-7.0.2.jar:7.0.2]
	at org.springframework.web.filter.OncePerRequestFilter.doFilter(OncePerRequestFilter.java:116) ~[spring-web-7.0.2.jar:7.0.2]
	at org.apache.catalina.core.ApplicationFilterChain.doFilter(ApplicationFilterChain.java:107) ~[tomcat-embed-core-11.0.15.jar:11.0.15]
	at org.springframework.web.filter.ServerHttpObservationFilter.doFilterInternal(ServerHttpObservationFilter.java:110) ~[spring-web-7.0.2.jar:7.0.2]
	at org.springframework.web.filter.OncePerRequestFilter.doFilter(OncePerRequestFilter.java:116) ~[spring-web-7.0.2.jar:7.0.2]
	at org.apache.catalina.core.ApplicationFilterChain.doFilter(ApplicationFilterChain.java:107) ~[tomcat-embed-core-11.0.15.jar:11.0.15]
	at org.springframework.web.filter.CharacterEncodingFilter.doFilterInternal(CharacterEncodingFilter.java:199) ~[spring-web-7.0.2.jar:7.0.2]
	at org.springframework.web.filter.OncePerRequestFilter.doFilter(OncePerRequestFilter.java:116) ~[spring-web-7.0.2.jar:7.0.2]
	at org.apache.catalina.core.ApplicationFilterChain.doFilter(ApplicationFilterChain.java:107) ~[tomcat-embed-core-11.0.15.jar:11.0.15]
	at org.apache.catalina.core.StandardWrapperValve.invoke(StandardWrapperValve.java:165) ~[tomcat-embed-core-11.0.15.jar:11.0.15]
	at org.apache.catalina.core.StandardContextValve.invoke(StandardContextValve.java:77) ~[tomcat-embed-core-11.0.15.jar:11.0.15]
	at org.apache.catalina.authenticator.AuthenticatorBase.invoke(AuthenticatorBase.java:482) ~[tomcat-embed-core-11.0.15.jar:11.0.15]
	at org.apache.catalina.core.StandardHostValve.invoke(StandardHostValve.java:113) ~[tomcat-embed-core-11.0.15.jar:11.0.15]
	at org.apache.catalina.valves.ErrorReportValve.invoke(ErrorReportValve.java:83) ~[tomcat-embed-core-11.0.15.jar:11.0.15]
	at org.apache.catalina.core.StandardEngineValve.invoke(StandardEngineValve.java:72) ~[tomcat-embed-core-11.0.15.jar:11.0.15]
	at org.apache.catalina.connector.CoyoteAdapter.service(CoyoteAdapter.java:341) ~[tomcat-embed-core-11.0.15.jar:11.0.15]
	at org.apache.coyote.http11.Http11Processor.service(Http11Processor.java:397) ~[tomcat-embed-core-11.0.15.jar:11.0.15]
	at org.apache.coyote.AbstractProcessorLight.process(AbstractProcessorLight.java:63) ~[tomcat-embed-core-11.0.15.jar:11.0.15]
	at org.apache.coyote.AbstractProtocol$ConnectionHandler.process(AbstractProtocol.java:903) ~[tomcat-embed-core-11.0.15.jar:11.0.15]
	at org.apache.tomcat.util.net.NioEndpoint$SocketProcessor.doRun(NioEndpoint.java:1778) ~[tomcat-embed-core-11.0.15.jar:11.0.15]
	at org.apache.tomcat.util.net.SocketProcessorBase.run(SocketProcessorBase.java:52) ~[tomcat-embed-core-11.0.15.jar:11.0.15]
	at org.apache.tomcat.util.threads.ThreadPoolExecutor.runWorker(ThreadPoolExecutor.java:946) ~[tomcat-embed-core-11.0.15.jar:11.0.15]
	at org.apache.tomcat.util.threads.ThreadPoolExecutor$Worker.run(ThreadPoolExecutor.java:480) ~[tomcat-embed-core-11.0.15.jar:11.0.15]
	at org.apache.tomcat.util.threads.TaskThread$WrappingRunnable.run(TaskThread.java:57) ~[tomcat-embed-core-11.0.15.jar:11.0.15]
	at java.base/java.lang.Thread.run(Thread.java:1583) ~[na:na]

2026-02-27T09:24:39.723+01:00 ERROR 23160 --- [readyroad-secure] [nio-8890-exec-8] c.r.r.config.JwtAuthenticationFilter     : Exception details:

io.jsonwebtoken.ExpiredJwtException: JWT expired 23308722 milliseconds ago at 2026-02-27T01:56:11.000Z. Current time: 2026-02-27T08:24:39.722Z. Allowed clock skew: 0 milliseconds.
	at io.jsonwebtoken.impl.DefaultJwtParser.parse(DefaultJwtParser.java:682) ~[jjwt-impl-0.12.5.jar:0.12.5]
	at io.jsonwebtoken.impl.DefaultJwtParser.parse(DefaultJwtParser.java:362) ~[jjwt-impl-0.12.5.jar:0.12.5]
	at io.jsonwebtoken.impl.DefaultJwtParser.parse(DefaultJwtParser.java:94) ~[jjwt-impl-0.12.5.jar:0.12.5]
	at io.jsonwebtoken.impl.io.AbstractParser.parse(AbstractParser.java:36) ~[jjwt-impl-0.12.5.jar:0.12.5]
	at io.jsonwebtoken.impl.io.AbstractParser.parse(AbstractParser.java:29) ~[jjwt-impl-0.12.5.jar:0.12.5]
	at io.jsonwebtoken.impl.DefaultJwtParser.parseSignedClaims(DefaultJwtParser.java:821) ~[jjwt-impl-0.12.5.jar:0.12.5]
	at com.readyroad.readyroadbackend.service.JwtService.extractAllClaims(JwtService.java:118) ~[classes/:na]
	at com.readyroad.readyroadbackend.service.JwtService.extractClaim(JwtService.java:103) ~[classes/:na]
	at com.readyroad.readyroadbackend.service.JwtService.extractUsername(JwtService.java:81) ~[classes/:na]
	at com.readyroad.readyroadbackend.config.JwtAuthenticationFilter.doFilterInternal(JwtAuthenticationFilter.java:113) ~[classes/:na]
	at org.springframework.web.filter.OncePerRequestFilter.doFilter(OncePerRequestFilter.java:116) ~[spring-web-7.0.2.jar:7.0.2]
	at org.springframework.security.web.ObservationFilterChainDecorator$ObservationFilter.wrapFilter(ObservationFilterChainDecorator.java:244) ~[spring-security-web-7.0.2.jar:7.0.2]
	at org.springframework.security.web.ObservationFilterChainDecorator$ObservationFilter.doFilter(ObservationFilterChainDecorator.java:231) ~[spring-security-web-7.0.2.jar:7.0.2]
	at org.springframework.security.web.ObservationFilterChainDecorator$VirtualFilterChain.doFilter(ObservationFilterChainDecorator.java:141) ~[spring-security-web-7.0.2.jar:7.0.2]
	at org.springframework.security.web.authentication.logout.LogoutFilter.doFilter(LogoutFilter.java:110) ~[spring-security-web-7.0.2.jar:7.0.2]
	at org.springframework.security.web.authentication.logout.LogoutFilter.doFilter(LogoutFilter.java:96) ~[spring-security-web-7.0.2.jar:7.0.2]
	at org.springframework.security.web.ObservationFilterChainDecorator$ObservationFilter.wrapFilter(ObservationFilterChainDecorator.java:244) ~[spring-security-web-7.0.2.jar:7.0.2]
	at org.springframework.security.web.ObservationFilterChainDecorator$ObservationFilter.doFilter(ObservationFilterChainDecorator.java:231) ~[spring-security-web-7.0.2.jar:7.0.2]
	at org.springframework.security.web.ObservationFilterChainDecorator$VirtualFilterChain.doFilter(ObservationFilterChainDecorator.java:141) ~[spring-security-web-7.0.2.jar:7.0.2]
	at org.springframework.web.filter.CorsFilter.doFilterInternal(CorsFilter.java:91) ~[spring-web-7.0.2.jar:7.0.2]
	at org.springframework.web.filter.OncePerRequestFilter.doFilter(OncePerRequestFilter.java:116) ~[spring-web-7.0.2.jar:7.0.2]
	at org.springframework.security.web.ObservationFilterChainDecorator$ObservationFilter.wrapFilter(ObservationFilterChainDecorator.java:244) ~[spring-security-web-7.0.2.jar:7.0.2]
	at org.springframework.security.web.ObservationFilterChainDecorator$ObservationFilter.doFilter(ObservationFilterChainDecorator.java:231) ~[spring-security-web-7.0.2.jar:7.0.2]
	at org.springframework.security.web.ObservationFilterChainDecorator$VirtualFilterChain.doFilter(ObservationFilterChainDecorator.java:141) ~[spring-security-web-7.0.2.jar:7.0.2]
	at org.springframework.security.web.header.HeaderWriterFilter.doHeadersAfter(HeaderWriterFilter.java:90) ~[spring-security-web-7.0.2.jar:7.0.2]
	at org.springframework.security.web.header.HeaderWriterFilter.doFilterInternal(HeaderWriterFilter.java:75) ~[spring-security-web-7.0.2.jar:7.0.2]
	at org.springframework.web.filter.OncePerRequestFilter.doFilter(OncePerRequestFilter.java:116) ~[spring-web-7.0.2.jar:7.0.2]
	at org.springframework.security.web.ObservationFilterChainDecorator$ObservationFilter.wrapFilter(ObservationFilterChainDecorator.java:244) ~[spring-security-web-7.0.2.jar:7.0.2]
	at org.springframework.security.web.ObservationFilterChainDecorator$ObservationFilter.doFilter(ObservationFilterChainDecorator.java:231) ~[spring-security-web-7.0.2.jar:7.0.2]
	at org.springframework.security.web.ObservationFilterChainDecorator$VirtualFilterChain.doFilter(ObservationFilterChainDecorator.java:141) ~[spring-security-web-7.0.2.jar:7.0.2]
	at org.springframework.security.web.context.SecurityContextHolderFilter.doFilter(SecurityContextHolderFilter.java:82) ~[spring-security-web-7.0.2.jar:7.0.2]
	at org.springframework.security.web.context.SecurityContextHolderFilter.doFilter(SecurityContextHolderFilter.java:69) ~[spring-security-web-7.0.2.jar:7.0.2]
	at org.springframework.security.web.ObservationFilterChainDecorator$ObservationFilter.wrapFilter(ObservationFilterChainDecorator.java:244) ~[spring-security-web-7.0.2.jar:7.0.2]
	at org.springframework.security.web.ObservationFilterChainDecorator$ObservationFilter.doFilter(ObservationFilterChainDecorator.java:231) ~[spring-security-web-7.0.2.jar:7.0.2]
	at org.springframework.security.web.ObservationFilterChainDecorator$VirtualFilterChain.doFilter(ObservationFilterChainDecorator.java:141) ~[spring-security-web-7.0.2.jar:7.0.2]
	at org.springframework.security.web.context.request.async.WebAsyncManagerIntegrationFilter.doFilterInternal(WebAsyncManagerIntegrationFilter.java:62) ~[spring-security-web-7.0.2.jar:7.0.2]
	at org.springframework.web.filter.OncePerRequestFilter.doFilter(OncePerRequestFilter.java:116) ~[spring-web-7.0.2.jar:7.0.2]
	at org.springframework.security.web.ObservationFilterChainDecorator$ObservationFilter.wrapFilter(ObservationFilterChainDecorator.java:244) ~[spring-security-web-7.0.2.jar:7.0.2]
	at org.springframework.security.web.ObservationFilterChainDecorator$ObservationFilter.doFilter(ObservationFilterChainDecorator.java:231) ~[spring-security-web-7.0.2.jar:7.0.2]
	at org.springframework.security.web.ObservationFilterChainDecorator$VirtualFilterChain.doFilter(ObservationFilterChainDecorator.java:141) ~[spring-security-web-7.0.2.jar:7.0.2]
	at org.springframework.security.web.session.DisableEncodeUrlFilter.doFilterInternal(DisableEncodeUrlFilter.java:42) ~[spring-security-web-7.0.2.jar:7.0.2]
	at org.springframework.web.filter.OncePerRequestFilter.doFilter(OncePerRequestFilter.java:116) ~[spring-web-7.0.2.jar:7.0.2]
	at org.springframework.security.web.ObservationFilterChainDecorator$ObservationFilter.wrapFilter(ObservationFilterChainDecorator.java:244) ~[spring-security-web-7.0.2.jar:7.0.2]
	at org.springframework.security.web.ObservationFilterChainDecorator$AroundFilterObservation$SimpleAroundFilterObservation.lambda$wrap$0(ObservationFilterChainDecorator.java:337) ~[spring-security-web-7.0.2.jar:7.0.2]
	at org.springframework.security.web.ObservationFilterChainDecorator$ObservationFilter.doFilter(ObservationFilterChainDecorator.java:228) ~[spring-security-web-7.0.2.jar:7.0.2]
	at org.springframework.security.web.ObservationFilterChainDecorator$VirtualFilterChain.doFilter(ObservationFilterChainDecorator.java:141) ~[spring-security-web-7.0.2.jar:7.0.2]
	at org.springframework.security.web.FilterChainProxy.doFilterInternal(FilterChainProxy.java:237) ~[spring-security-web-7.0.2.jar:7.0.2]
	at org.springframework.security.web.FilterChainProxy.doFilter(FilterChainProxy.java:195) ~[spring-security-web-7.0.2.jar:7.0.2]
	at org.springframework.web.filter.CompositeFilter$VirtualFilterChain.doFilter(CompositeFilter.java:113) ~[spring-web-7.0.2.jar:7.0.2]
	at org.springframework.web.filter.ServletRequestPathFilter.doFilter(ServletRequestPathFilter.java:52) ~[spring-web-7.0.2.jar:7.0.2]
	at org.springframework.web.filter.CompositeFilter$VirtualFilterChain.doFilter(CompositeFilter.java:113) ~[spring-web-7.0.2.jar:7.0.2]
	at org.springframework.web.filter.CompositeFilter.doFilter(CompositeFilter.java:74) ~[spring-web-7.0.2.jar:7.0.2]
	at org.springframework.security.config.annotation.web.configuration.WebSecurityConfiguration$CompositeFilterChainProxy.doFilter(WebSecurityConfiguration.java:317) ~[spring-security-config-7.0.2.jar:7.0.2]
	at org.springframework.web.filter.DelegatingFilterProxy.invokeDelegate(DelegatingFilterProxy.java:355) ~[spring-web-7.0.2.jar:7.0.2]
	at org.springframework.web.filter.DelegatingFilterProxy.doFilter(DelegatingFilterProxy.java:272) ~[spring-web-7.0.2.jar:7.0.2]
	at org.apache.catalina.core.ApplicationFilterChain.doFilter(ApplicationFilterChain.java:107) ~[tomcat-embed-core-11.0.15.jar:11.0.15]
	at org.springframework.web.filter.RequestContextFilter.doFilterInternal(RequestContextFilter.java:100) ~[spring-web-7.0.2.jar:7.0.2]
	at org.springframework.web.filter.OncePerRequestFilter.doFilter(OncePerRequestFilter.java:116) ~[spring-web-7.0.2.jar:7.0.2]
	at org.apache.catalina.core.ApplicationFilterChain.doFilter(ApplicationFilterChain.java:107) ~[tomcat-embed-core-11.0.15.jar:11.0.15]
	at org.springframework.web.filter.FormContentFilter.doFilterInternal(FormContentFilter.java:93) ~[spring-web-7.0.2.jar:7.0.2]
	at org.springframework.web.filter.OncePerRequestFilter.doFilter(OncePerRequestFilter.java:116) ~[spring-web-7.0.2.jar:7.0.2]
	at org.apache.catalina.core.ApplicationFilterChain.doFilter(ApplicationFilterChain.java:107) ~[tomcat-embed-core-11.0.15.jar:11.0.15]
	at org.springframework.web.filter.ServerHttpObservationFilter.doFilterInternal(ServerHttpObservationFilter.java:110) ~[spring-web-7.0.2.jar:7.0.2]
	at org.springframework.web.filter.OncePerRequestFilter.doFilter(OncePerRequestFilter.java:116) ~[spring-web-7.0.2.jar:7.0.2]
	at org.apache.catalina.core.ApplicationFilterChain.doFilter(ApplicationFilterChain.java:107) ~[tomcat-embed-core-11.0.15.jar:11.0.15]
	at org.springframework.web.filter.CharacterEncodingFilter.doFilterInternal(CharacterEncodingFilter.java:199) ~[spring-web-7.0.2.jar:7.0.2]
	at org.springframework.web.filter.OncePerRequestFilter.doFilter(OncePerRequestFilter.java:116) ~[spring-web-7.0.2.jar:7.0.2]
	at org.apache.catalina.core.ApplicationFilterChain.doFilter(ApplicationFilterChain.java:107) ~[tomcat-embed-core-11.0.15.jar:11.0.15]
	at org.apache.catalina.core.StandardWrapperValve.invoke(StandardWrapperValve.java:165) ~[tomcat-embed-core-11.0.15.jar:11.0.15]
	at org.apache.catalina.core.StandardContextValve.invoke(StandardContextValve.java:77) ~[tomcat-embed-core-11.0.15.jar:11.0.15]
	at org.apache.catalina.authenticator.AuthenticatorBase.invoke(AuthenticatorBase.java:482) ~[tomcat-embed-core-11.0.15.jar:11.0.15]
	at org.apache.catalina.core.StandardHostValve.invoke(StandardHostValve.java:113) ~[tomcat-embed-core-11.0.15.jar:11.0.15]
	at org.apache.catalina.valves.ErrorReportValve.invoke(ErrorReportValve.java:83) ~[tomcat-embed-core-11.0.15.jar:11.0.15]
	at org.apache.catalina.core.StandardEngineValve.invoke(StandardEngineValve.java:72) ~[tomcat-embed-core-11.0.15.jar:11.0.15]
	at org.apache.catalina.connector.CoyoteAdapter.service(CoyoteAdapter.java:341) ~[tomcat-embed-core-11.0.15.jar:11.0.15]
	at org.apache.coyote.http11.Http11Processor.service(Http11Processor.java:397) ~[tomcat-embed-core-11.0.15.jar:11.0.15]
	at org.apache.coyote.AbstractProcessorLight.process(AbstractProcessorLight.java:63) ~[tomcat-embed-core-11.0.15.jar:11.0.15]
	at org.apache.coyote.AbstractProtocol$ConnectionHandler.process(AbstractProtocol.java:903) ~[tomcat-embed-core-11.0.15.jar:11.0.15]
	at org.apache.tomcat.util.net.NioEndpoint$SocketProcessor.doRun(NioEndpoint.java:1778) ~[tomcat-embed-core-11.0.15.jar:11.0.15]
	at org.apache.tomcat.util.net.SocketProcessorBase.run(SocketProcessorBase.java:52) ~[tomcat-embed-core-11.0.15.jar:11.0.15]
	at org.apache.tomcat.util.threads.ThreadPoolExecutor.runWorker(ThreadPoolExecutor.java:946) ~[tomcat-embed-core-11.0.15.jar:11.0.15]
	at org.apache.tomcat.util.threads.ThreadPoolExecutor$Worker.run(ThreadPoolExecutor.java:480) ~[tomcat-embed-core-11.0.15.jar:11.0.15]
	at org.apache.tomcat.util.threads.TaskThread$WrappingRunnable.run(TaskThread.java:57) ~[tomcat-embed-core-11.0.15.jar:11.0.15]
	at java.base/java.lang.Thread.run(Thread.java:1583) ~[na:na]

2026-02-27T09:24:48.811+01:00  INFO 23160 --- [readyroad-secure] [nio-8890-exec-9] c.r.r.config.RequestLoggingFilter        : ════════════════════════════════════════
2026-02-27T09:24:48.813+01:00  INFO 23160 --- [readyroad-secure] [nio-8890-exec-9] c.r.r.config.RequestLoggingFilter        : 🌐 INCOMING REQUEST
2026-02-27T09:24:48.814+01:00  INFO 23160 --- [readyroad-secure] [nio-8890-exec-9] c.r.r.config.RequestLoggingFilter        : ════════════════════════════════════════
2026-02-27T09:24:48.815+01:00  INFO 23160 --- [readyroad-secure] [nio-8890-exec-9] c.r.r.config.RequestLoggingFilter        : Method: POST
2026-02-27T09:24:48.815+01:00  INFO 23160 --- [readyroad-secure] [nio-8890-exec-9] c.r.r.config.RequestLoggingFilter        : URI: /api/auth/login
2026-02-27T09:24:48.816+01:00  INFO 23160 --- [readyroad-secure] [nio-8890-exec-9] c.r.r.config.RequestLoggingFilter        : Remote Address: 0:0:0:0:0:0:0:1
2026-02-27T09:24:48.817+01:00  INFO 23160 --- [readyroad-secure] [nio-8890-exec-9] c.r.r.config.RequestLoggingFilter        : ----------------------------------------
2026-02-27T09:24:48.817+01:00  INFO 23160 --- [readyroad-secure] [nio-8890-exec-9] c.r.r.config.RequestLoggingFilter        : 📋 Request Headers:
2026-02-27T09:24:48.817+01:00  INFO 23160 --- [readyroad-secure] [nio-8890-exec-9] c.r.r.config.RequestLoggingFilter        :   host: localhost:8890
2026-02-27T09:24:48.818+01:00  INFO 23160 --- [readyroad-secure] [nio-8890-exec-9] c.r.r.config.RequestLoggingFilter        :   connection: keep-alive
2026-02-27T09:24:48.818+01:00  INFO 23160 --- [readyroad-secure] [nio-8890-exec-9] c.r.r.config.RequestLoggingFilter        :   Content-Type: application/json
2026-02-27T09:24:48.819+01:00  INFO 23160 --- [readyroad-secure] [nio-8890-exec-9] c.r.r.config.RequestLoggingFilter        :   accept: */*
2026-02-27T09:24:48.820+01:00  INFO 23160 --- [readyroad-secure] [nio-8890-exec-9] c.r.r.config.RequestLoggingFilter        :   accept-language: *
2026-02-27T09:24:48.820+01:00  INFO 23160 --- [readyroad-secure] [nio-8890-exec-9] c.r.r.config.RequestLoggingFilter        :   sec-fetch-mode: cors
2026-02-27T09:24:48.821+01:00  INFO 23160 --- [readyroad-secure] [nio-8890-exec-9] c.r.r.config.RequestLoggingFilter        :   user-agent: node
2026-02-27T09:24:48.821+01:00  INFO 23160 --- [readyroad-secure] [nio-8890-exec-9] c.r.r.config.RequestLoggingFilter        :   accept-encoding: gzip, deflate
2026-02-27T09:24:48.821+01:00  INFO 23160 --- [readyroad-secure] [nio-8890-exec-9] c.r.r.config.RequestLoggingFilter        :   content-length: 50
2026-02-27T09:24:48.822+01:00  INFO 23160 --- [readyroad-secure] [nio-8890-exec-9] c.r.r.config.RequestLoggingFilter        : ════════════════════════════════════════
2026-02-27T09:24:49.624+01:00  INFO 23160 --- [readyroad-secure] [nio-8890-exec-9] c.r.r.controller.AuthController          : ========================================
2026-02-27T09:24:49.626+01:00  INFO 23160 --- [readyroad-secure] [nio-8890-exec-9] c.r.r.controller.AuthController          : 🔐 LOGIN REQUEST RECEIVED
2026-02-27T09:24:49.626+01:00  INFO 23160 --- [readyroad-secure] [nio-8890-exec-9] c.r.r.controller.AuthController          : ========================================
2026-02-27T09:24:49.627+01:00  INFO 23160 --- [readyroad-secure] [nio-8890-exec-9] c.r.r.controller.AuthController          : Username: admin
2026-02-27T09:24:49.627+01:00  INFO 23160 --- [readyroad-secure] [nio-8890-exec-9] c.r.r.controller.AuthController          : ========================================
2026-02-27T09:24:49.627+01:00  INFO 23160 --- [readyroad-secure] [nio-8890-exec-9] c.r.r.controller.AuthController          : 🔄 Calling AuthService.login()...
2026-02-27T09:24:49.631+01:00  INFO 23160 --- [readyroad-secure] [nio-8890-exec-9] c.r.r.service.AuthService                : 🔐 Login attempt for username: admin
2026-02-27T09:24:49.633+01:00 DEBUG 23160 --- [readyroad-secure] [nio-8890-exec-9] org.hibernate.SQL                        : select u1_0.id,u1_0.created_at,u1_0.email,u1_0.full_name,u1_0.is_active,u1_0.is_locked,u1_0.password_hash,u1_0.role,u1_0.updated_at,u1_0.username from users u1_0 where u1_0.username=?
2026-02-27T09:24:49.649+01:00  INFO 23160 --- [readyroad-secure] [nio-8890-exec-9] c.r.r.service.AuthService                : ✅ User found in database: admin
2026-02-27T09:24:49.651+01:00  INFO 23160 --- [readyroad-secure] [nio-8890-exec-9] c.r.r.service.AuthService                : 🔍 Testing password match...
2026-02-27T09:24:50.168+01:00  INFO 23160 --- [readyroad-secure] [nio-8890-exec-9] c.r.r.service.AuthService                : 🎯 Password match result: true
2026-02-27T09:24:50.175+01:00  INFO 23160 --- [readyroad-secure] [nio-8890-exec-9] c.r.r.service.AuthService                : 🔐 Calling AuthenticationManager.authenticate()...
2026-02-27T09:24:50.883+01:00 DEBUG 23160 --- [readyroad-secure] [nio-8890-exec-9] org.hibernate.SQL                        : select u1_0.id,u1_0.created_at,u1_0.email,u1_0.full_name,u1_0.is_active,u1_0.is_locked,u1_0.password_hash,u1_0.role,u1_0.updated_at,u1_0.username from users u1_0 where u1_0.username=?
2026-02-27T09:24:51.401+01:00  INFO 23160 --- [readyroad-secure] [nio-8890-exec-9] c.r.r.service.AuthService                : ✅ Authentication successful!
2026-02-27T09:24:51.404+01:00 DEBUG 23160 --- [readyroad-secure] [nio-8890-exec-9] org.hibernate.SQL                        : select u1_0.id,u1_0.created_at,u1_0.email,u1_0.full_name,u1_0.is_active,u1_0.is_locked,u1_0.password_hash,u1_0.role,u1_0.updated_at,u1_0.username from users u1_0 where u1_0.username=?
2026-02-27T09:24:51.410+01:00  INFO 23160 --- [readyroad-secure] [nio-8890-exec-9] c.r.r.service.AuthService                : 🎫 Generating JWT token for user: admin
2026-02-27T09:24:51.533+01:00  INFO 23160 --- [readyroad-secure] [nio-8890-exec-9] c.r.r.service.AuthService                : ✅ JWT token generated successfully
2026-02-27T09:24:51.534+01:00  INFO 23160 --- [readyroad-secure] [nio-8890-exec-9] c.r.r.controller.AuthController          : ✅ Login successful!
2026-02-27T09:24:51.535+01:00  INFO 23160 --- [readyroad-secure] [nio-8890-exec-9] c.r.r.controller.AuthController          : User ID: 2
2026-02-27T09:24:51.535+01:00  INFO 23160 --- [readyroad-secure] [nio-8890-exec-9] c.r.r.controller.AuthController          : ========================================
2026-02-27T09:24:52.988+01:00 DEBUG 23160 --- [readyroad-secure] [nio-8890-exec-3] org.hibernate.SQL                        : select u1_0.id,u1_0.created_at,u1_0.email,u1_0.full_name,u1_0.is_active,u1_0.is_locked,u1_0.password_hash,u1_0.role,u1_0.updated_at,u1_0.username from users u1_0 where u1_0.username=?
2026-02-27T09:24:53.009+01:00  INFO 23160 --- [readyroad-secure] [nio-8890-exec-3] c.r.r.config.RequestLoggingFilter        : ════════════════════════════════════════
2026-02-27T09:24:53.010+01:00  INFO 23160 --- [readyroad-secure] [nio-8890-exec-3] c.r.r.config.RequestLoggingFilter        : 🌐 INCOMING REQUEST
2026-02-27T09:24:53.010+01:00  INFO 23160 --- [readyroad-secure] [nio-8890-exec-3] c.r.r.config.RequestLoggingFilter        : ════════════════════════════════════════
2026-02-27T09:24:53.011+01:00  INFO 23160 --- [readyroad-secure] [nio-8890-exec-3] c.r.r.config.RequestLoggingFilter        : Method: GET
2026-02-27T09:24:53.012+01:00  INFO 23160 --- [readyroad-secure] [nio-8890-exec-3] c.r.r.config.RequestLoggingFilter        : URI: /api/users/me/notifications/unread-count
2026-02-27T09:24:53.012+01:00  INFO 23160 --- [readyroad-secure] [nio-8890-exec-3] c.r.r.config.RequestLoggingFilter        : Remote Address: 0:0:0:0:0:0:0:1
2026-02-27T09:24:53.012+01:00  INFO 23160 --- [readyroad-secure] [nio-8890-exec-3] c.r.r.config.RequestLoggingFilter        : ----------------------------------------
2026-02-27T09:24:53.012+01:00  INFO 23160 --- [readyroad-secure] [nio-8890-exec-3] c.r.r.config.RequestLoggingFilter        : 📋 Request Headers:
2026-02-27T09:24:53.013+01:00  INFO 23160 --- [readyroad-secure] [nio-8890-exec-3] c.r.r.config.RequestLoggingFilter        :   host: localhost:8890
2026-02-27T09:24:53.014+01:00  INFO 23160 --- [readyroad-secure] [nio-8890-exec-3] c.r.r.config.RequestLoggingFilter        :   connection: keep-alive
2026-02-27T09:24:53.014+01:00  INFO 23160 --- [readyroad-secure] [nio-8890-exec-3] c.r.r.config.RequestLoggingFilter        :   Accept: application/json
2026-02-27T09:24:53.014+01:00  INFO 23160 --- [readyroad-secure] [nio-8890-exec-3] c.r.r.config.RequestLoggingFilter        :   Authorization: Bearer [TOKEN_HIDDEN]
2026-02-27T09:24:53.014+01:00  INFO 23160 --- [readyroad-secure] [nio-8890-exec-3] c.r.r.config.RequestLoggingFilter        :   accept-language: *
2026-02-27T09:24:53.015+01:00  INFO 23160 --- [readyroad-secure] [nio-8890-exec-3] c.r.r.config.RequestLoggingFilter        :   sec-fetch-mode: cors
2026-02-27T09:24:53.015+01:00  INFO 23160 --- [readyroad-secure] [nio-8890-exec-3] c.r.r.config.RequestLoggingFilter        :   user-agent: node
2026-02-27T09:24:53.016+01:00  INFO 23160 --- [readyroad-secure] [nio-8890-exec-3] c.r.r.config.RequestLoggingFilter        :   pragma: no-cache
2026-02-27T09:24:53.016+01:00  INFO 23160 --- [readyroad-secure] [nio-8890-exec-3] c.r.r.config.RequestLoggingFilter        :   cache-control: no-cache
2026-02-27T09:24:53.018+01:00  INFO 23160 --- [readyroad-secure] [nio-8890-exec-3] c.r.r.config.RequestLoggingFilter        :   accept-encoding: gzip, deflate
2026-02-27T09:24:53.018+01:00  INFO 23160 --- [readyroad-secure] [nio-8890-exec-3] c.r.r.config.RequestLoggingFilter        : ════════════════════════════════════════
2026-02-27T09:24:53.053+01:00  INFO 23160 --- [readyroad-secure] [nio-8890-exec-3] c.r.r.service.NotificationService        : Getting unread notification count for user: admin
2026-02-27T09:24:55.958+01:00 DEBUG 23160 --- [readyroad-secure] [nio-8890-exec-7] org.hibernate.SQL                        : select u1_0.id,u1_0.created_at,u1_0.email,u1_0.full_name,u1_0.is_active,u1_0.is_locked,u1_0.password_hash,u1_0.role,u1_0.updated_at,u1_0.username from users u1_0 where u1_0.username=?
2026-02-27T09:24:55.967+01:00  INFO 23160 --- [readyroad-secure] [nio-8890-exec-7] c.r.r.config.RequestLoggingFilter        : ════════════════════════════════════════
2026-02-27T09:24:55.968+01:00  INFO 23160 --- [readyroad-secure] [nio-8890-exec-7] c.r.r.config.RequestLoggingFilter        : 🌐 INCOMING REQUEST
2026-02-27T09:24:55.968+01:00  INFO 23160 --- [readyroad-secure] [nio-8890-exec-7] c.r.r.config.RequestLoggingFilter        : ════════════════════════════════════════
2026-02-27T09:24:55.968+01:00  INFO 23160 --- [readyroad-secure] [nio-8890-exec-7] c.r.r.config.RequestLoggingFilter        : Method: GET
2026-02-27T09:24:55.969+01:00  INFO 23160 --- [readyroad-secure] [nio-8890-exec-7] c.r.r.config.RequestLoggingFilter        : URI: /api/auth/me
2026-02-27T09:24:55.969+01:00  INFO 23160 --- [readyroad-secure] [nio-8890-exec-7] c.r.r.config.RequestLoggingFilter        : Remote Address: 0:0:0:0:0:0:0:1
2026-02-27T09:24:55.969+01:00  INFO 23160 --- [readyroad-secure] [nio-8890-exec-7] c.r.r.config.RequestLoggingFilter        : ----------------------------------------
2026-02-27T09:24:55.969+01:00  INFO 23160 --- [readyroad-secure] [nio-8890-exec-7] c.r.r.config.RequestLoggingFilter        : 📋 Request Headers:
2026-02-27T09:24:55.970+01:00  INFO 23160 --- [readyroad-secure] [nio-8890-exec-7] c.r.r.config.RequestLoggingFilter        :   host: localhost:8890
2026-02-27T09:24:55.970+01:00  INFO 23160 --- [readyroad-secure] [nio-8890-exec-7] c.r.r.config.RequestLoggingFilter        :   connection: keep-alive
2026-02-27T09:24:55.970+01:00  INFO 23160 --- [readyroad-secure] [nio-8890-exec-7] c.r.r.config.RequestLoggingFilter        :   Authorization: Bearer [TOKEN_HIDDEN]
2026-02-27T09:24:55.971+01:00  INFO 23160 --- [readyroad-secure] [nio-8890-exec-7] c.r.r.config.RequestLoggingFilter        :   Accept: application/json
2026-02-27T09:24:55.972+01:00  INFO 23160 --- [readyroad-secure] [nio-8890-exec-7] c.r.r.config.RequestLoggingFilter        :   accept-language: *
2026-02-27T09:24:55.972+01:00  INFO 23160 --- [readyroad-secure] [nio-8890-exec-7] c.r.r.config.RequestLoggingFilter        :   sec-fetch-mode: cors
2026-02-27T09:24:55.974+01:00  INFO 23160 --- [readyroad-secure] [nio-8890-exec-7] c.r.r.config.RequestLoggingFilter        :   user-agent: node
2026-02-27T09:24:55.974+01:00  INFO 23160 --- [readyroad-secure] [nio-8890-exec-7] c.r.r.config.RequestLoggingFilter        :   pragma: no-cache
2026-02-27T09:24:55.974+01:00  INFO 23160 --- [readyroad-secure] [nio-8890-exec-7] c.r.r.config.RequestLoggingFilter        :   cache-control: no-cache
2026-02-27T09:24:55.975+01:00  INFO 23160 --- [readyroad-secure] [nio-8890-exec-7] c.r.r.config.RequestLoggingFilter        :   accept-encoding: gzip, deflate
2026-02-27T09:24:55.975+01:00  INFO 23160 --- [readyroad-secure] [nio-8890-exec-7] c.r.r.config.RequestLoggingFilter        : ════════════════════════════════════════
2026-02-27T09:24:56.345+01:00 DEBUG 23160 --- [readyroad-secure] [nio-8890-exec-6] org.hibernate.SQL                        : select u1_0.id,u1_0.created_at,u1_0.email,u1_0.full_name,u1_0.is_active,u1_0.is_locked,u1_0.password_hash,u1_0.role,u1_0.updated_at,u1_0.username from users u1_0 where u1_0.username=?
2026-02-27T09:24:56.357+01:00  INFO 23160 --- [readyroad-secure] [nio-8890-exec-6] c.r.r.config.RequestLoggingFilter        : ════════════════════════════════════════
2026-02-27T09:24:56.358+01:00  INFO 23160 --- [readyroad-secure] [nio-8890-exec-6] c.r.r.config.RequestLoggingFilter        : 🌐 INCOMING REQUEST
2026-02-27T09:24:56.358+01:00  INFO 23160 --- [readyroad-secure] [nio-8890-exec-6] c.r.r.config.RequestLoggingFilter        : ════════════════════════════════════════
2026-02-27T09:24:56.359+01:00  INFO 23160 --- [readyroad-secure] [nio-8890-exec-6] c.r.r.config.RequestLoggingFilter        : Method: GET
2026-02-27T09:24:56.359+01:00  INFO 23160 --- [readyroad-secure] [nio-8890-exec-6] c.r.r.config.RequestLoggingFilter        : URI: /api/users/me/progress/overall
2026-02-27T09:24:56.361+01:00  INFO 23160 --- [readyroad-secure] [nio-8890-exec-6] c.r.r.config.RequestLoggingFilter        : Remote Address: 0:0:0:0:0:0:0:1
2026-02-27T09:24:56.362+01:00  INFO 23160 --- [readyroad-secure] [nio-8890-exec-6] c.r.r.config.RequestLoggingFilter        : ----------------------------------------
2026-02-27T09:24:56.362+01:00  INFO 23160 --- [readyroad-secure] [nio-8890-exec-6] c.r.r.config.RequestLoggingFilter        : 📋 Request Headers:
2026-02-27T09:24:56.362+01:00  INFO 23160 --- [readyroad-secure] [nio-8890-exec-6] c.r.r.config.RequestLoggingFilter        :   host: localhost:8890
2026-02-27T09:24:56.363+01:00  INFO 23160 --- [readyroad-secure] [nio-8890-exec-6] c.r.r.config.RequestLoggingFilter        :   connection: keep-alive
2026-02-27T09:24:56.363+01:00  INFO 23160 --- [readyroad-secure] [nio-8890-exec-6] c.r.r.config.RequestLoggingFilter        :   Accept: application/json
2026-02-27T09:24:56.364+01:00  INFO 23160 --- [readyroad-secure] [nio-8890-exec-6] c.r.r.config.RequestLoggingFilter        :   Authorization: Bearer [TOKEN_HIDDEN]
2026-02-27T09:24:56.364+01:00  INFO 23160 --- [readyroad-secure] [nio-8890-exec-6] c.r.r.config.RequestLoggingFilter        :   accept-language: *
2026-02-27T09:24:56.364+01:00  INFO 23160 --- [readyroad-secure] [nio-8890-exec-6] c.r.r.config.RequestLoggingFilter        :   sec-fetch-mode: cors
2026-02-27T09:24:56.365+01:00  INFO 23160 --- [readyroad-secure] [nio-8890-exec-6] c.r.r.config.RequestLoggingFilter        :   user-agent: node
2026-02-27T09:24:56.365+01:00  INFO 23160 --- [readyroad-secure] [nio-8890-exec-6] c.r.r.config.RequestLoggingFilter        :   pragma: no-cache
2026-02-27T09:24:56.366+01:00  INFO 23160 --- [readyroad-secure] [nio-8890-exec-6] c.r.r.config.RequestLoggingFilter        :   cache-control: no-cache
2026-02-27T09:24:56.366+01:00  INFO 23160 --- [readyroad-secure] [nio-8890-exec-6] c.r.r.config.RequestLoggingFilter        :   accept-encoding: gzip, deflate
2026-02-27T09:24:56.367+01:00  INFO 23160 --- [readyroad-secure] [nio-8890-exec-6] c.r.r.config.RequestLoggingFilter        : ════════════════════════════════════════
2026-02-27T09:24:56.370+01:00  INFO 23160 --- [readyroad-secure] [nio-8890-exec-6] c.r.r.controller.ProgressController      : GET /api/users/me/progress/overall - Overall progress requested
2026-02-27T09:24:56.373+01:00  INFO 23160 --- [readyroad-secure] [nio-8890-exec-6] c.r.r.service.ProgressService            : Getting overall progress for user 2
2026-02-27T09:24:56.447+01:00 DEBUG 23160 --- [readyroad-secure] [nio-8890-exec-6] org.hibernate.SQL                        : select ucp1_0.id,ucp1_0.accuracy_rate,c1_0.id,c1_0.code,c1_0.created_at,c1_0.description_ar,c1_0.description_en,c1_0.description_fr,c1_0.description_nl,c1_0.display_order,c1_0.is_active,c1_0.name_ar,c1_0.name_en,c1_0.name_fr,c1_0.name_nl,c1_0.updated_at,ucp1_0.category_id,ucp1_0.correct_answers,ucp1_0.created_at,ucp1_0.last_practiced,ucp1_0.mastery_level,ucp1_0.questions_attempted,ucp1_0.updated_at,ucp1_0.user_id from user_category_progress ucp1_0 left join categories c1_0 on c1_0.id=ucp1_0.category_id where ucp1_0.user_id=?
2026-02-27T09:24:56.471+01:00 DEBUG 23160 --- [readyroad-secure] [io-8890-exec-10] org.hibernate.SQL                        : select u1_0.id,u1_0.created_at,u1_0.email,u1_0.full_name,u1_0.is_active,u1_0.is_locked,u1_0.password_hash,u1_0.role,u1_0.updated_at,u1_0.username from users u1_0 where u1_0.username=?
2026-02-27T09:24:56.481+01:00  INFO 23160 --- [readyroad-secure] [io-8890-exec-10] c.r.r.config.RequestLoggingFilter        : ════════════════════════════════════════
2026-02-27T09:24:56.481+01:00  INFO 23160 --- [readyroad-secure] [io-8890-exec-10] c.r.r.config.RequestLoggingFilter        : 🌐 INCOMING REQUEST
2026-02-27T09:24:56.482+01:00  INFO 23160 --- [readyroad-secure] [io-8890-exec-10] c.r.r.config.RequestLoggingFilter        : ════════════════════════════════════════
2026-02-27T09:24:56.482+01:00  INFO 23160 --- [readyroad-secure] [io-8890-exec-10] c.r.r.config.RequestLoggingFilter        : Method: GET
2026-02-27T09:24:56.483+01:00  INFO 23160 --- [readyroad-secure] [io-8890-exec-10] c.r.r.config.RequestLoggingFilter        : URI: /api/users/me/notifications/unread-count
2026-02-27T09:24:56.483+01:00  INFO 23160 --- [readyroad-secure] [io-8890-exec-10] c.r.r.config.RequestLoggingFilter        : Remote Address: 0:0:0:0:0:0:0:1
2026-02-27T09:24:56.483+01:00  INFO 23160 --- [readyroad-secure] [io-8890-exec-10] c.r.r.config.RequestLoggingFilter        : ----------------------------------------
2026-02-27T09:24:56.484+01:00  INFO 23160 --- [readyroad-secure] [io-8890-exec-10] c.r.r.config.RequestLoggingFilter        : 📋 Request Headers:
2026-02-27T09:24:56.485+01:00  INFO 23160 --- [readyroad-secure] [io-8890-exec-10] c.r.r.config.RequestLoggingFilter        :   host: localhost:8890
2026-02-27T09:24:56.485+01:00  INFO 23160 --- [readyroad-secure] [io-8890-exec-10] c.r.r.config.RequestLoggingFilter        :   connection: keep-alive
2026-02-27T09:24:56.486+01:00  INFO 23160 --- [readyroad-secure] [io-8890-exec-10] c.r.r.config.RequestLoggingFilter        :   Accept: application/json
2026-02-27T09:24:56.486+01:00  INFO 23160 --- [readyroad-secure] [io-8890-exec-10] c.r.r.config.RequestLoggingFilter        :   Authorization: Bearer [TOKEN_HIDDEN]
2026-02-27T09:24:56.486+01:00  INFO 23160 --- [readyroad-secure] [io-8890-exec-10] c.r.r.config.RequestLoggingFilter        :   accept-language: *
2026-02-27T09:24:56.487+01:00  INFO 23160 --- [readyroad-secure] [io-8890-exec-10] c.r.r.config.RequestLoggingFilter        :   sec-fetch-mode: cors
2026-02-27T09:24:56.487+01:00  INFO 23160 --- [readyroad-secure] [io-8890-exec-10] c.r.r.config.RequestLoggingFilter        :   user-agent: node
2026-02-27T09:24:56.488+01:00  INFO 23160 --- [readyroad-secure] [io-8890-exec-10] c.r.r.config.RequestLoggingFilter        :   pragma: no-cache
2026-02-27T09:24:56.488+01:00  INFO 23160 --- [readyroad-secure] [io-8890-exec-10] c.r.r.config.RequestLoggingFilter        :   cache-control: no-cache
2026-02-27T09:24:56.488+01:00  INFO 23160 --- [readyroad-secure] [io-8890-exec-10] c.r.r.config.RequestLoggingFilter        :   accept-encoding: gzip, deflate
2026-02-27T09:24:56.489+01:00  INFO 23160 --- [readyroad-secure] [io-8890-exec-10] c.r.r.config.RequestLoggingFilter        : ════════════════════════════════════════
2026-02-27T09:24:56.491+01:00  INFO 23160 --- [readyroad-secure] [io-8890-exec-10] c.r.r.service.NotificationService        : Getting unread notification count for user: admin
2026-02-27T09:24:56.583+01:00  INFO 23160 --- [readyroad-secure] [nio-8890-exec-6] c.r.r.service.ProgressService            : User 2 has no progress yet, returning zero progress
2026-02-27T09:24:56.590+01:00  INFO 23160 --- [readyroad-secure] [nio-8890-exec-6] c.r.r.controller.ProgressController      : Overall progress retrieved for user 2: 0 attempts, 0.00% accuracy, difficulty: EASY
2026-02-27T09:24:57.044+01:00 DEBUG 23160 --- [readyroad-secure] [nio-8890-exec-1] org.hibernate.SQL                        : select u1_0.id,u1_0.created_at,u1_0.email,u1_0.full_name,u1_0.is_active,u1_0.is_locked,u1_0.password_hash,u1_0.role,u1_0.updated_at,u1_0.username from users u1_0 where u1_0.username=?
2026-02-27T09:24:57.052+01:00  INFO 23160 --- [readyroad-secure] [nio-8890-exec-1] c.r.r.config.RequestLoggingFilter        : ════════════════════════════════════════
2026-02-27T09:24:57.052+01:00  INFO 23160 --- [readyroad-secure] [nio-8890-exec-1] c.r.r.config.RequestLoggingFilter        : 🌐 INCOMING REQUEST
2026-02-27T09:24:57.054+01:00  INFO 23160 --- [readyroad-secure] [nio-8890-exec-1] c.r.r.config.RequestLoggingFilter        : ════════════════════════════════════════
2026-02-27T09:24:57.054+01:00  INFO 23160 --- [readyroad-secure] [nio-8890-exec-1] c.r.r.config.RequestLoggingFilter        : Method: GET
2026-02-27T09:24:57.054+01:00  INFO 23160 --- [readyroad-secure] [nio-8890-exec-1] c.r.r.config.RequestLoggingFilter        : URI: /api/users/me/analytics/weak-areas
2026-02-27T09:24:57.054+01:00  INFO 23160 --- [readyroad-secure] [nio-8890-exec-1] c.r.r.config.RequestLoggingFilter        : Remote Address: 0:0:0:0:0:0:0:1
2026-02-27T09:24:57.054+01:00  INFO 23160 --- [readyroad-secure] [nio-8890-exec-1] c.r.r.config.RequestLoggingFilter        : ----------------------------------------
2026-02-27T09:24:57.054+01:00  INFO 23160 --- [readyroad-secure] [nio-8890-exec-1] c.r.r.config.RequestLoggingFilter        : 📋 Request Headers:
2026-02-27T09:24:57.055+01:00  INFO 23160 --- [readyroad-secure] [nio-8890-exec-1] c.r.r.config.RequestLoggingFilter        :   host: localhost:8890
2026-02-27T09:24:57.056+01:00  INFO 23160 --- [readyroad-secure] [nio-8890-exec-1] c.r.r.config.RequestLoggingFilter        :   connection: keep-alive
2026-02-27T09:24:57.056+01:00  INFO 23160 --- [readyroad-secure] [nio-8890-exec-1] c.r.r.config.RequestLoggingFilter        :   Accept: application/json
2026-02-27T09:24:57.056+01:00  INFO 23160 --- [readyroad-secure] [nio-8890-exec-1] c.r.r.config.RequestLoggingFilter        :   Authorization: Bearer [TOKEN_HIDDEN]
2026-02-27T09:24:57.057+01:00  INFO 23160 --- [readyroad-secure] [nio-8890-exec-1] c.r.r.config.RequestLoggingFilter        :   accept-language: *
2026-02-27T09:24:57.057+01:00  INFO 23160 --- [readyroad-secure] [nio-8890-exec-1] c.r.r.config.RequestLoggingFilter        :   sec-fetch-mode: cors
2026-02-27T09:24:57.057+01:00  INFO 23160 --- [readyroad-secure] [nio-8890-exec-1] c.r.r.config.RequestLoggingFilter        :   user-agent: node
2026-02-27T09:24:57.058+01:00  INFO 23160 --- [readyroad-secure] [nio-8890-exec-1] c.r.r.config.RequestLoggingFilter        :   pragma: no-cache
2026-02-27T09:24:57.058+01:00  INFO 23160 --- [readyroad-secure] [nio-8890-exec-1] c.r.r.config.RequestLoggingFilter        :   cache-control: no-cache
2026-02-27T09:24:57.061+01:00  INFO 23160 --- [readyroad-secure] [nio-8890-exec-1] c.r.r.config.RequestLoggingFilter        :   accept-encoding: gzip, deflate
2026-02-27T09:24:57.062+01:00  INFO 23160 --- [readyroad-secure] [nio-8890-exec-1] c.r.r.config.RequestLoggingFilter        : ════════════════════════════════════════
2026-02-27T09:24:57.066+01:00  INFO 23160 --- [readyroad-secure] [nio-8890-exec-1] c.r.r.controller.AnalyticsController     : [C2] GET /api/users/me/analytics/weak-areas - userId: 2
2026-02-27T09:24:57.068+01:00  INFO 23160 --- [readyroad-secure] [nio-8890-exec-1] c.r.r.service.AnalyticsService           : Getting weak area recommendations for user 2
2026-02-27T09:24:57.069+01:00 DEBUG 23160 --- [readyroad-secure] [nio-8890-exec-1] org.hibernate.SQL                        : select ucp1_0.id,ucp1_0.accuracy_rate,c1_0.id,c1_0.code,c1_0.created_at,c1_0.description_ar,c1_0.description_en,c1_0.description_fr,c1_0.description_nl,c1_0.display_order,c1_0.is_active,c1_0.name_ar,c1_0.name_en,c1_0.name_fr,c1_0.name_nl,c1_0.updated_at,ucp1_0.category_id,ucp1_0.correct_answers,ucp1_0.created_at,ucp1_0.last_practiced,ucp1_0.mastery_level,ucp1_0.questions_attempted,ucp1_0.updated_at,ucp1_0.user_id from user_category_progress ucp1_0 left join categories c1_0 on c1_0.id=ucp1_0.category_id where ucp1_0.user_id=?
2026-02-27T09:24:57.078+01:00  INFO 23160 --- [readyroad-secure] [nio-8890-exec-1] c.r.r.service.AnalyticsService           : User 2 has no progress yet, returning empty recommendations
2026-02-27T09:24:57.080+01:00  INFO 23160 --- [readyroad-secure] [nio-8890-exec-1] c.r.r.controller.AnalyticsController     : [C2] Returning 0 weak area recommendations for user 2
2026-02-27T09:26:05.385+01:00 DEBUG 23160 --- [readyroad-secure] [nio-8890-exec-5] org.hibernate.SQL                        : select u1_0.id,u1_0.created_at,u1_0.email,u1_0.full_name,u1_0.is_active,u1_0.is_locked,u1_0.password_hash,u1_0.role,u1_0.updated_at,u1_0.username from users u1_0 where u1_0.username=?
2026-02-27T09:26:05.394+01:00  INFO 23160 --- [readyroad-secure] [nio-8890-exec-5] c.r.r.config.RequestLoggingFilter        : ════════════════════════════════════════
2026-02-27T09:26:05.395+01:00  INFO 23160 --- [readyroad-secure] [nio-8890-exec-5] c.r.r.config.RequestLoggingFilter        : 🌐 INCOMING REQUEST
2026-02-27T09:26:05.395+01:00  INFO 23160 --- [readyroad-secure] [nio-8890-exec-5] c.r.r.config.RequestLoggingFilter        : ════════════════════════════════════════
2026-02-27T09:26:05.396+01:00  INFO 23160 --- [readyroad-secure] [nio-8890-exec-5] c.r.r.config.RequestLoggingFilter        : Method: GET
2026-02-27T09:26:05.397+01:00  INFO 23160 --- [readyroad-secure] [nio-8890-exec-5] c.r.r.config.RequestLoggingFilter        : URI: /api/categories
2026-02-27T09:26:05.398+01:00  INFO 23160 --- [readyroad-secure] [nio-8890-exec-5] c.r.r.config.RequestLoggingFilter        : Remote Address: 0:0:0:0:0:0:0:1
2026-02-27T09:26:05.398+01:00  INFO 23160 --- [readyroad-secure] [nio-8890-exec-5] c.r.r.config.RequestLoggingFilter        : ----------------------------------------
2026-02-27T09:26:05.399+01:00  INFO 23160 --- [readyroad-secure] [nio-8890-exec-5] c.r.r.config.RequestLoggingFilter        : 📋 Request Headers:
2026-02-27T09:26:05.399+01:00  INFO 23160 --- [readyroad-secure] [nio-8890-exec-5] c.r.r.config.RequestLoggingFilter        :   host: localhost:8890
2026-02-27T09:26:05.399+01:00  INFO 23160 --- [readyroad-secure] [nio-8890-exec-5] c.r.r.config.RequestLoggingFilter        :   connection: keep-alive
2026-02-27T09:26:05.400+01:00  INFO 23160 --- [readyroad-secure] [nio-8890-exec-5] c.r.r.config.RequestLoggingFilter        :   Accept: application/json
2026-02-27T09:26:05.400+01:00  INFO 23160 --- [readyroad-secure] [nio-8890-exec-5] c.r.r.config.RequestLoggingFilter        :   Authorization: Bearer [TOKEN_HIDDEN]
2026-02-27T09:26:05.400+01:00  INFO 23160 --- [readyroad-secure] [nio-8890-exec-5] c.r.r.config.RequestLoggingFilter        :   accept-language: *
2026-02-27T09:26:05.401+01:00  INFO 23160 --- [readyroad-secure] [nio-8890-exec-5] c.r.r.config.RequestLoggingFilter        :   sec-fetch-mode: cors
2026-02-27T09:26:05.401+01:00  INFO 23160 --- [readyroad-secure] [nio-8890-exec-5] c.r.r.config.RequestLoggingFilter        :   user-agent: node
2026-02-27T09:26:05.402+01:00  INFO 23160 --- [readyroad-secure] [nio-8890-exec-5] c.r.r.config.RequestLoggingFilter        :   pragma: no-cache
2026-02-27T09:26:05.402+01:00  INFO 23160 --- [readyroad-secure] [nio-8890-exec-5] c.r.r.config.RequestLoggingFilter        :   cache-control: no-cache
2026-02-27T09:26:05.402+01:00  INFO 23160 --- [readyroad-secure] [nio-8890-exec-5] c.r.r.config.RequestLoggingFilter        :   accept-encoding: gzip, deflate
2026-02-27T09:26:05.403+01:00  INFO 23160 --- [readyroad-secure] [nio-8890-exec-5] c.r.r.config.RequestLoggingFilter        : ════════════════════════════════════════
2026-02-27T09:26:05.407+01:00 DEBUG 23160 --- [readyroad-secure] [nio-8890-exec-5] org.hibernate.SQL                        : select c1_0.id,c1_0.code,c1_0.created_at,c1_0.description_ar,c1_0.description_en,c1_0.description_fr,c1_0.description_nl,c1_0.display_order,c1_0.is_active,c1_0.name_ar,c1_0.name_en,c1_0.name_fr,c1_0.name_nl,c1_0.updated_at from categories c1_0 where c1_0.is_active=true order by c1_0.display_order
2026-02-27T09:26:05.687+01:00 DEBUG 23160 --- [readyroad-secure] [nio-8890-exec-2] org.hibernate.SQL                        : select u1_0.id,u1_0.created_at,u1_0.email,u1_0.full_name,u1_0.is_active,u1_0.is_locked,u1_0.password_hash,u1_0.role,u1_0.updated_at,u1_0.username from users u1_0 where u1_0.username=?
2026-02-27T09:26:05.695+01:00  INFO 23160 --- [readyroad-secure] [nio-8890-exec-2] c.r.r.config.RequestLoggingFilter        : ════════════════════════════════════════
2026-02-27T09:26:05.695+01:00  INFO 23160 --- [readyroad-secure] [nio-8890-exec-2] c.r.r.config.RequestLoggingFilter        : 🌐 INCOMING REQUEST
2026-02-27T09:26:05.696+01:00  INFO 23160 --- [readyroad-secure] [nio-8890-exec-2] c.r.r.config.RequestLoggingFilter        : ════════════════════════════════════════
2026-02-27T09:26:05.697+01:00  INFO 23160 --- [readyroad-secure] [nio-8890-exec-2] c.r.r.config.RequestLoggingFilter        : Method: GET
2026-02-27T09:26:05.697+01:00  INFO 23160 --- [readyroad-secure] [nio-8890-exec-2] c.r.r.config.RequestLoggingFilter        : URI: /api/categories
2026-02-27T09:26:05.697+01:00 DEBUG 23160 --- [readyroad-secure] [nio-8890-exec-9] org.hibernate.SQL                        : select u1_0.id,u1_0.created_at,u1_0.email,u1_0.full_name,u1_0.is_active,u1_0.is_locked,u1_0.password_hash,u1_0.role,u1_0.updated_at,u1_0.username from users u1_0 where u1_0.username=?
2026-02-27T09:26:05.697+01:00  INFO 23160 --- [readyroad-secure] [nio-8890-exec-2] c.r.r.config.RequestLoggingFilter        : Remote Address: 0:0:0:0:0:0:0:1
2026-02-27T09:26:05.698+01:00  INFO 23160 --- [readyroad-secure] [nio-8890-exec-2] c.r.r.config.RequestLoggingFilter        : ----------------------------------------
2026-02-27T09:26:05.698+01:00  INFO 23160 --- [readyroad-secure] [nio-8890-exec-2] c.r.r.config.RequestLoggingFilter        : 📋 Request Headers:
2026-02-27T09:26:05.699+01:00  INFO 23160 --- [readyroad-secure] [nio-8890-exec-2] c.r.r.config.RequestLoggingFilter        :   host: localhost:8890
2026-02-27T09:26:05.700+01:00  INFO 23160 --- [readyroad-secure] [nio-8890-exec-2] c.r.r.config.RequestLoggingFilter        :   connection: keep-alive
2026-02-27T09:26:05.700+01:00  INFO 23160 --- [readyroad-secure] [nio-8890-exec-2] c.r.r.config.RequestLoggingFilter        :   Accept: application/json
2026-02-27T09:26:05.700+01:00  INFO 23160 --- [readyroad-secure] [nio-8890-exec-2] c.r.r.config.RequestLoggingFilter        :   Authorization: Bearer [TOKEN_HIDDEN]
2026-02-27T09:26:05.700+01:00  INFO 23160 --- [readyroad-secure] [nio-8890-exec-2] c.r.r.config.RequestLoggingFilter        :   accept-language: *
2026-02-27T09:26:05.701+01:00  INFO 23160 --- [readyroad-secure] [nio-8890-exec-2] c.r.r.config.RequestLoggingFilter        :   sec-fetch-mode: cors
2026-02-27T09:26:05.701+01:00  INFO 23160 --- [readyroad-secure] [nio-8890-exec-2] c.r.r.config.RequestLoggingFilter        :   user-agent: node
2026-02-27T09:26:05.702+01:00  INFO 23160 --- [readyroad-secure] [nio-8890-exec-2] c.r.r.config.RequestLoggingFilter        :   pragma: no-cache
2026-02-27T09:26:05.702+01:00  INFO 23160 --- [readyroad-secure] [nio-8890-exec-2] c.r.r.config.RequestLoggingFilter        :   cache-control: no-cache
2026-02-27T09:26:05.702+01:00  INFO 23160 --- [readyroad-secure] [nio-8890-exec-2] c.r.r.config.RequestLoggingFilter        :   accept-encoding: gzip, deflate
2026-02-27T09:26:05.703+01:00  INFO 23160 --- [readyroad-secure] [nio-8890-exec-2] c.r.r.config.RequestLoggingFilter        : ════════════════════════════════════════
2026-02-27T09:26:05.705+01:00  INFO 23160 --- [readyroad-secure] [nio-8890-exec-9] c.r.r.config.RequestLoggingFilter        : ════════════════════════════════════════
2026-02-27T09:26:05.706+01:00  INFO 23160 --- [readyroad-secure] [nio-8890-exec-9] c.r.r.config.RequestLoggingFilter        : 🌐 INCOMING REQUEST
2026-02-27T09:26:05.706+01:00  INFO 23160 --- [readyroad-secure] [nio-8890-exec-9] c.r.r.config.RequestLoggingFilter        : ════════════════════════════════════════
2026-02-27T09:26:05.706+01:00 DEBUG 23160 --- [readyroad-secure] [nio-8890-exec-2] org.hibernate.SQL                        : select c1_0.id,c1_0.code,c1_0.created_at,c1_0.description_ar,c1_0.description_en,c1_0.description_fr,c1_0.description_nl,c1_0.display_order,c1_0.is_active,c1_0.name_ar,c1_0.name_en,c1_0.name_fr,c1_0.name_nl,c1_0.updated_at from categories c1_0 where c1_0.is_active=true order by c1_0.display_order
2026-02-27T09:26:05.706+01:00  INFO 23160 --- [readyroad-secure] [nio-8890-exec-9] c.r.r.config.RequestLoggingFilter        : Method: GET
2026-02-27T09:26:05.707+01:00  INFO 23160 --- [readyroad-secure] [nio-8890-exec-9] c.r.r.config.RequestLoggingFilter        : URI: /api/quiz/stats
2026-02-27T09:26:05.707+01:00  INFO 23160 --- [readyroad-secure] [nio-8890-exec-9] c.r.r.config.RequestLoggingFilter        : Remote Address: 0:0:0:0:0:0:0:1
2026-02-27T09:26:05.707+01:00  INFO 23160 --- [readyroad-secure] [nio-8890-exec-9] c.r.r.config.RequestLoggingFilter        : ----------------------------------------
2026-02-27T09:26:05.708+01:00  INFO 23160 --- [readyroad-secure] [nio-8890-exec-9] c.r.r.config.RequestLoggingFilter        : 📋 Request Headers:
2026-02-27T09:26:05.708+01:00  INFO 23160 --- [readyroad-secure] [nio-8890-exec-9] c.r.r.config.RequestLoggingFilter        :   host: localhost:8890
2026-02-27T09:26:05.708+01:00  INFO 23160 --- [readyroad-secure] [nio-8890-exec-9] c.r.r.config.RequestLoggingFilter        :   connection: keep-alive
2026-02-27T09:26:05.709+01:00  INFO 23160 --- [readyroad-secure] [nio-8890-exec-9] c.r.r.config.RequestLoggingFilter        :   Accept: application/json
2026-02-27T09:26:05.709+01:00  INFO 23160 --- [readyroad-secure] [nio-8890-exec-9] c.r.r.config.RequestLoggingFilter        :   Authorization: Bearer [TOKEN_HIDDEN]
2026-02-27T09:26:05.710+01:00  INFO 23160 --- [readyroad-secure] [nio-8890-exec-9] c.r.r.config.RequestLoggingFilter        :   accept-language: *
2026-02-27T09:26:05.711+01:00  INFO 23160 --- [readyroad-secure] [nio-8890-exec-9] c.r.r.config.RequestLoggingFilter        :   sec-fetch-mode: cors
2026-02-27T09:26:05.711+01:00  INFO 23160 --- [readyroad-secure] [nio-8890-exec-9] c.r.r.config.RequestLoggingFilter        :   user-agent: node
2026-02-27T09:26:05.711+01:00  INFO 23160 --- [readyroad-secure] [nio-8890-exec-9] c.r.r.config.RequestLoggingFilter        :   pragma: no-cache
2026-02-27T09:26:05.711+01:00  INFO 23160 --- [readyroad-secure] [nio-8890-exec-9] c.r.r.config.RequestLoggingFilter        :   cache-control: no-cache
2026-02-27T09:26:05.712+01:00  INFO 23160 --- [readyroad-secure] [nio-8890-exec-9] c.r.r.config.RequestLoggingFilter        :   accept-encoding: gzip, deflate
2026-02-27T09:26:05.712+01:00  INFO 23160 --- [readyroad-secure] [nio-8890-exec-9] c.r.r.config.RequestLoggingFilter        : ════════════════════════════════════════
2026-02-27T09:26:05.716+01:00 DEBUG 23160 --- [readyroad-secure] [nio-8890-exec-9] org.hibernate.SQL                        : select count(qq1_0.id) from quiz_questions qq1_0 where qq1_0.is_active=true and qq1_0.status=?
2026-02-27T09:26:05.720+01:00 DEBUG 23160 --- [readyroad-secure] [nio-8890-exec-9] org.hibernate.SQL                        : select c1_0.id,c1_0.code,c1_0.created_at,c1_0.description_ar,c1_0.description_en,c1_0.description_fr,c1_0.description_nl,c1_0.display_order,c1_0.is_active,c1_0.name_ar,c1_0.name_en,c1_0.name_fr,c1_0.name_nl,c1_0.updated_at from categories c1_0 where c1_0.is_active=true order by c1_0.display_order
2026-02-27T09:26:06.177+01:00 DEBUG 23160 --- [readyroad-secure] [nio-8890-exec-7] org.hibernate.SQL                        : select u1_0.id,u1_0.created_at,u1_0.email,u1_0.full_name,u1_0.is_active,u1_0.is_locked,u1_0.password_hash,u1_0.role,u1_0.updated_at,u1_0.username from users u1_0 where u1_0.username=?
2026-02-27T09:26:06.200+01:00  INFO 23160 --- [readyroad-secure] [nio-8890-exec-7] c.r.r.config.RequestLoggingFilter        : ════════════════════════════════════════
2026-02-27T09:26:06.201+01:00  INFO 23160 --- [readyroad-secure] [nio-8890-exec-7] c.r.r.config.RequestLoggingFilter        : 🌐 INCOMING REQUEST
2026-02-27T09:26:06.201+01:00  INFO 23160 --- [readyroad-secure] [nio-8890-exec-7] c.r.r.config.RequestLoggingFilter        : ════════════════════════════════════════
2026-02-27T09:26:06.201+01:00  INFO 23160 --- [readyroad-secure] [nio-8890-exec-7] c.r.r.config.RequestLoggingFilter        : Method: GET
2026-02-27T09:26:06.202+01:00  INFO 23160 --- [readyroad-secure] [nio-8890-exec-7] c.r.r.config.RequestLoggingFilter        : URI: /api/quiz/stats/category/1
2026-02-27T09:26:06.203+01:00  INFO 23160 --- [readyroad-secure] [nio-8890-exec-7] c.r.r.config.RequestLoggingFilter        : Remote Address: 0:0:0:0:0:0:0:1
2026-02-27T09:26:06.204+01:00  INFO 23160 --- [readyroad-secure] [nio-8890-exec-7] c.r.r.config.RequestLoggingFilter        : ----------------------------------------
2026-02-27T09:26:06.204+01:00  INFO 23160 --- [readyroad-secure] [nio-8890-exec-7] c.r.r.config.RequestLoggingFilter        : 📋 Request Headers:
2026-02-27T09:26:06.205+01:00  INFO 23160 --- [readyroad-secure] [nio-8890-exec-7] c.r.r.config.RequestLoggingFilter        :   host: localhost:8890
2026-02-27T09:26:06.205+01:00  INFO 23160 --- [readyroad-secure] [nio-8890-exec-7] c.r.r.config.RequestLoggingFilter        :   connection: keep-alive
2026-02-27T09:26:06.206+01:00  INFO 23160 --- [readyroad-secure] [nio-8890-exec-7] c.r.r.config.RequestLoggingFilter        :   Accept: application/json
2026-02-27T09:26:06.206+01:00  INFO 23160 --- [readyroad-secure] [nio-8890-exec-7] c.r.r.config.RequestLoggingFilter        :   Authorization: Bearer [TOKEN_HIDDEN]
2026-02-27T09:26:06.206+01:00  INFO 23160 --- [readyroad-secure] [nio-8890-exec-7] c.r.r.config.RequestLoggingFilter        :   accept-language: *
2026-02-27T09:26:06.207+01:00  INFO 23160 --- [readyroad-secure] [nio-8890-exec-7] c.r.r.config.RequestLoggingFilter        :   sec-fetch-mode: cors
2026-02-27T09:26:06.207+01:00  INFO 23160 --- [readyroad-secure] [nio-8890-exec-7] c.r.r.config.RequestLoggingFilter        :   user-agent: node
2026-02-27T09:26:06.208+01:00  INFO 23160 --- [readyroad-secure] [nio-8890-exec-7] c.r.r.config.RequestLoggingFilter        :   pragma: no-cache
2026-02-27T09:26:06.208+01:00  INFO 23160 --- [readyroad-secure] [nio-8890-exec-7] c.r.r.config.RequestLoggingFilter        :   cache-control: no-cache
2026-02-27T09:26:06.209+01:00  INFO 23160 --- [readyroad-secure] [nio-8890-exec-7] c.r.r.config.RequestLoggingFilter        :   accept-encoding: gzip, deflate
2026-02-27T09:26:06.209+01:00  INFO 23160 --- [readyroad-secure] [nio-8890-exec-7] c.r.r.config.RequestLoggingFilter        : ════════════════════════════════════════
2026-02-27T09:26:06.219+01:00 DEBUG 23160 --- [readyroad-secure] [nio-8890-exec-7] org.hibernate.SQL                        : select count(qq1_0.id) from quiz_questions qq1_0 where qq1_0.category_id=? and qq1_0.is_active=true and qq1_0.status=?
2026-02-27T09:26:06.339+01:00 DEBUG 23160 --- [readyroad-secure] [nio-8890-exec-3] org.hibernate.SQL                        : select u1_0.id,u1_0.created_at,u1_0.email,u1_0.full_name,u1_0.is_active,u1_0.is_locked,u1_0.password_hash,u1_0.role,u1_0.updated_at,u1_0.username from users u1_0 where u1_0.username=?
2026-02-27T09:26:06.348+01:00  INFO 23160 --- [readyroad-secure] [nio-8890-exec-3] c.r.r.config.RequestLoggingFilter        : ════════════════════════════════════════
2026-02-27T09:26:06.350+01:00  INFO 23160 --- [readyroad-secure] [nio-8890-exec-3] c.r.r.config.RequestLoggingFilter        : 🌐 INCOMING REQUEST
2026-02-27T09:26:06.350+01:00  INFO 23160 --- [readyroad-secure] [nio-8890-exec-3] c.r.r.config.RequestLoggingFilter        : ════════════════════════════════════════
2026-02-27T09:26:06.351+01:00  INFO 23160 --- [readyroad-secure] [nio-8890-exec-3] c.r.r.config.RequestLoggingFilter        : Method: GET
2026-02-27T09:26:06.351+01:00  INFO 23160 --- [readyroad-secure] [nio-8890-exec-3] c.r.r.config.RequestLoggingFilter        : URI: /api/quiz/stats
2026-02-27T09:26:06.352+01:00  INFO 23160 --- [readyroad-secure] [nio-8890-exec-3] c.r.r.config.RequestLoggingFilter        : Remote Address: 0:0:0:0:0:0:0:1
2026-02-27T09:26:06.352+01:00  INFO 23160 --- [readyroad-secure] [nio-8890-exec-3] c.r.r.config.RequestLoggingFilter        : ----------------------------------------
2026-02-27T09:26:06.353+01:00  INFO 23160 --- [readyroad-secure] [nio-8890-exec-3] c.r.r.config.RequestLoggingFilter        : 📋 Request Headers:
2026-02-27T09:26:06.355+01:00  INFO 23160 --- [readyroad-secure] [nio-8890-exec-3] c.r.r.config.RequestLoggingFilter        :   host: localhost:8890
2026-02-27T09:26:06.355+01:00  INFO 23160 --- [readyroad-secure] [nio-8890-exec-3] c.r.r.config.RequestLoggingFilter        :   connection: keep-alive
2026-02-27T09:26:06.356+01:00  INFO 23160 --- [readyroad-secure] [nio-8890-exec-3] c.r.r.config.RequestLoggingFilter        :   Accept: application/json
2026-02-27T09:26:06.356+01:00  INFO 23160 --- [readyroad-secure] [nio-8890-exec-3] c.r.r.config.RequestLoggingFilter        :   Authorization: Bearer [TOKEN_HIDDEN]
2026-02-27T09:26:06.357+01:00  INFO 23160 --- [readyroad-secure] [nio-8890-exec-3] c.r.r.config.RequestLoggingFilter        :   accept-language: *
2026-02-27T09:26:06.357+01:00  INFO 23160 --- [readyroad-secure] [nio-8890-exec-3] c.r.r.config.RequestLoggingFilter        :   sec-fetch-mode: cors
2026-02-27T09:26:06.358+01:00  INFO 23160 --- [readyroad-secure] [nio-8890-exec-3] c.r.r.config.RequestLoggingFilter        :   user-agent: node
2026-02-27T09:26:06.359+01:00  INFO 23160 --- [readyroad-secure] [nio-8890-exec-3] c.r.r.config.RequestLoggingFilter        :   pragma: no-cache
2026-02-27T09:26:06.359+01:00  INFO 23160 --- [readyroad-secure] [nio-8890-exec-3] c.r.r.config.RequestLoggingFilter        :   cache-control: no-cache
2026-02-27T09:26:06.359+01:00  INFO 23160 --- [readyroad-secure] [nio-8890-exec-3] c.r.r.config.RequestLoggingFilter        :   accept-encoding: gzip, deflate
2026-02-27T09:26:06.360+01:00  INFO 23160 --- [readyroad-secure] [nio-8890-exec-3] c.r.r.config.RequestLoggingFilter        : ════════════════════════════════════════
2026-02-27T09:26:06.365+01:00 DEBUG 23160 --- [readyroad-secure] [nio-8890-exec-3] org.hibernate.SQL                        : select count(qq1_0.id) from quiz_questions qq1_0 where qq1_0.is_active=true and qq1_0.status=?
2026-02-27T09:26:06.372+01:00 DEBUG 23160 --- [readyroad-secure] [nio-8890-exec-3] org.hibernate.SQL                        : select c1_0.id,c1_0.code,c1_0.created_at,c1_0.description_ar,c1_0.description_en,c1_0.description_fr,c1_0.description_nl,c1_0.display_order,c1_0.is_active,c1_0.name_ar,c1_0.name_en,c1_0.name_fr,c1_0.name_nl,c1_0.updated_at from categories c1_0 where c1_0.is_active=true order by c1_0.display_order
2026-02-27T09:26:06.452+01:00 DEBUG 23160 --- [readyroad-secure] [io-8890-exec-10] org.hibernate.SQL                        : select u1_0.id,u1_0.created_at,u1_0.email,u1_0.full_name,u1_0.is_active,u1_0.is_locked,u1_0.password_hash,u1_0.role,u1_0.updated_at,u1_0.username from users u1_0 where u1_0.username=?
2026-02-27T09:26:06.454+01:00 DEBUG 23160 --- [readyroad-secure] [nio-8890-exec-6] org.hibernate.SQL                        : select u1_0.id,u1_0.created_at,u1_0.email,u1_0.full_name,u1_0.is_active,u1_0.is_locked,u1_0.password_hash,u1_0.role,u1_0.updated_at,u1_0.username from users u1_0 where u1_0.username=?
2026-02-27T09:26:07.206+01:00  INFO 23160 --- [readyroad-secure] [nio-8890-exec-6] c.r.r.config.RequestLoggingFilter        : ════════════════════════════════════════
2026-02-27T09:26:07.206+01:00  INFO 23160 --- [readyroad-secure] [io-8890-exec-10] c.r.r.config.RequestLoggingFilter        : ════════════════════════════════════════
2026-02-27T09:26:07.207+01:00  INFO 23160 --- [readyroad-secure] [nio-8890-exec-6] c.r.r.config.RequestLoggingFilter        : 🌐 INCOMING REQUEST
2026-02-27T09:26:07.207+01:00 DEBUG 23160 --- [readyroad-secure] [nio-8890-exec-4] org.hibernate.SQL                        : select u1_0.id,u1_0.created_at,u1_0.email,u1_0.full_name,u1_0.is_active,u1_0.is_locked,u1_0.password_hash,u1_0.role,u1_0.updated_at,u1_0.username from users u1_0 where u1_0.username=?
2026-02-27T09:26:07.207+01:00  INFO 23160 --- [readyroad-secure] [io-8890-exec-10] c.r.r.config.RequestLoggingFilter        : 🌐 INCOMING REQUEST
2026-02-27T09:26:07.207+01:00  INFO 23160 --- [readyroad-secure] [nio-8890-exec-6] c.r.r.config.RequestLoggingFilter        : ════════════════════════════════════════
2026-02-27T09:26:07.209+01:00 DEBUG 23160 --- [readyroad-secure] [nio-8890-exec-1] org.hibernate.SQL                        : select u1_0.id,u1_0.created_at,u1_0.email,u1_0.full_name,u1_0.is_active,u1_0.is_locked,u1_0.password_hash,u1_0.role,u1_0.updated_at,u1_0.username from users u1_0 where u1_0.username=?
2026-02-27T09:26:07.209+01:00  INFO 23160 --- [readyroad-secure] [nio-8890-exec-6] c.r.r.config.RequestLoggingFilter        : Method: GET
2026-02-27T09:26:07.208+01:00  INFO 23160 --- [readyroad-secure] [io-8890-exec-10] c.r.r.config.RequestLoggingFilter        : ════════════════════════════════════════
2026-02-27T09:26:07.211+01:00  INFO 23160 --- [readyroad-secure] [io-8890-exec-10] c.r.r.config.RequestLoggingFilter        : Method: GET
2026-02-27T09:26:07.213+01:00  INFO 23160 --- [readyroad-secure] [io-8890-exec-10] c.r.r.config.RequestLoggingFilter        : URI: /api/quiz/stats/category/2
2026-02-27T09:26:07.213+01:00  INFO 23160 --- [readyroad-secure] [io-8890-exec-10] c.r.r.config.RequestLoggingFilter        : Remote Address: 0:0:0:0:0:0:0:1
2026-02-27T09:26:07.214+01:00  INFO 23160 --- [readyroad-secure] [io-8890-exec-10] c.r.r.config.RequestLoggingFilter        : ----------------------------------------
2026-02-27T09:26:07.214+01:00  INFO 23160 --- [readyroad-secure] [io-8890-exec-10] c.r.r.config.RequestLoggingFilter        : 📋 Request Headers:
2026-02-27T09:26:07.210+01:00 DEBUG 23160 --- [readyroad-secure] [nio-8890-exec-8] org.hibernate.SQL                        : select u1_0.id,u1_0.created_at,u1_0.email,u1_0.full_name,u1_0.is_active,u1_0.is_locked,u1_0.password_hash,u1_0.role,u1_0.updated_at,u1_0.username from users u1_0 where u1_0.username=?
2026-02-27T09:26:07.211+01:00  INFO 23160 --- [readyroad-secure] [nio-8890-exec-6] c.r.r.config.RequestLoggingFilter        : URI: /api/quiz/stats/category/3
2026-02-27T09:26:07.215+01:00  INFO 23160 --- [readyroad-secure] [io-8890-exec-10] c.r.r.config.RequestLoggingFilter        :   host: localhost:8890
2026-02-27T09:26:07.216+01:00  INFO 23160 --- [readyroad-secure] [nio-8890-exec-6] c.r.r.config.RequestLoggingFilter        : Remote Address: 0:0:0:0:0:0:0:1
2026-02-27T09:26:07.217+01:00  INFO 23160 --- [readyroad-secure] [nio-8890-exec-6] c.r.r.config.RequestLoggingFilter        : ----------------------------------------
2026-02-27T09:26:07.218+01:00  INFO 23160 --- [readyroad-secure] [nio-8890-exec-4] c.r.r.config.RequestLoggingFilter        : ════════════════════════════════════════
2026-02-27T09:26:07.218+01:00  INFO 23160 --- [readyroad-secure] [nio-8890-exec-6] c.r.r.config.RequestLoggingFilter        : 📋 Request Headers:
2026-02-27T09:26:07.217+01:00  INFO 23160 --- [readyroad-secure] [io-8890-exec-10] c.r.r.config.RequestLoggingFilter        :   connection: keep-alive
2026-02-27T09:26:07.218+01:00  INFO 23160 --- [readyroad-secure] [nio-8890-exec-4] c.r.r.config.RequestLoggingFilter        : 🌐 INCOMING REQUEST
2026-02-27T09:26:07.219+01:00  INFO 23160 --- [readyroad-secure] [nio-8890-exec-6] c.r.r.config.RequestLoggingFilter        :   host: localhost:8890
2026-02-27T09:26:07.219+01:00  INFO 23160 --- [readyroad-secure] [io-8890-exec-10] c.r.r.config.RequestLoggingFilter        :   Accept: application/json
2026-02-27T09:26:07.219+01:00  INFO 23160 --- [readyroad-secure] [nio-8890-exec-4] c.r.r.config.RequestLoggingFilter        : ════════════════════════════════════════
2026-02-27T09:26:07.220+01:00  INFO 23160 --- [readyroad-secure] [nio-8890-exec-6] c.r.r.config.RequestLoggingFilter        :   connection: keep-alive
2026-02-27T09:26:07.220+01:00  INFO 23160 --- [readyroad-secure] [nio-8890-exec-6] c.r.r.config.RequestLoggingFilter        :   Accept: application/json
2026-02-27T09:26:07.220+01:00  INFO 23160 --- [readyroad-secure] [io-8890-exec-10] c.r.r.config.RequestLoggingFilter        :   Authorization: Bearer [TOKEN_HIDDEN]
2026-02-27T09:26:07.222+01:00  INFO 23160 --- [readyroad-secure] [io-8890-exec-10] c.r.r.config.RequestLoggingFilter        :   accept-language: *
2026-02-27T09:26:07.222+01:00  INFO 23160 --- [readyroad-secure] [io-8890-exec-10] c.r.r.config.RequestLoggingFilter        :   sec-fetch-mode: cors
2026-02-27T09:26:07.223+01:00  INFO 23160 --- [readyroad-secure] [io-8890-exec-10] c.r.r.config.RequestLoggingFilter        :   user-agent: node
2026-02-27T09:26:07.223+01:00  INFO 23160 --- [readyroad-secure] [io-8890-exec-10] c.r.r.config.RequestLoggingFilter        :   pragma: no-cache
2026-02-27T09:26:07.220+01:00  INFO 23160 --- [readyroad-secure] [nio-8890-exec-4] c.r.r.config.RequestLoggingFilter        : Method: GET
2026-02-27T09:26:07.222+01:00  INFO 23160 --- [readyroad-secure] [nio-8890-exec-6] c.r.r.config.RequestLoggingFilter        :   Authorization: Bearer [TOKEN_HIDDEN]
2026-02-27T09:26:07.224+01:00  INFO 23160 --- [readyroad-secure] [io-8890-exec-10] c.r.r.config.RequestLoggingFilter        :   cache-control: no-cache
2026-02-27T09:26:07.223+01:00  INFO 23160 --- [readyroad-secure] [nio-8890-exec-8] c.r.r.config.RequestLoggingFilter        : ════════════════════════════════════════
2026-02-27T09:26:07.224+01:00  INFO 23160 --- [readyroad-secure] [nio-8890-exec-4] c.r.r.config.RequestLoggingFilter        : URI: /api/quiz/stats/category/5
2026-02-27T09:26:07.224+01:00  INFO 23160 --- [readyroad-secure] [nio-8890-exec-6] c.r.r.config.RequestLoggingFilter        :   accept-language: *
2026-02-27T09:26:07.224+01:00  INFO 23160 --- [readyroad-secure] [io-8890-exec-10] c.r.r.config.RequestLoggingFilter        :   accept-encoding: gzip, deflate
2026-02-27T09:26:07.225+01:00  INFO 23160 --- [readyroad-secure] [nio-8890-exec-8] c.r.r.config.RequestLoggingFilter        : 🌐 INCOMING REQUEST
2026-02-27T09:26:07.225+01:00  INFO 23160 --- [readyroad-secure] [nio-8890-exec-4] c.r.r.config.RequestLoggingFilter        : Remote Address: 0:0:0:0:0:0:0:1
2026-02-27T09:26:07.225+01:00  INFO 23160 --- [readyroad-secure] [nio-8890-exec-6] c.r.r.config.RequestLoggingFilter        :   sec-fetch-mode: cors
2026-02-27T09:26:07.225+01:00  INFO 23160 --- [readyroad-secure] [io-8890-exec-10] c.r.r.config.RequestLoggingFilter        : ════════════════════════════════════════
2026-02-27T09:26:07.225+01:00  INFO 23160 --- [readyroad-secure] [nio-8890-exec-8] c.r.r.config.RequestLoggingFilter        : ════════════════════════════════════════
2026-02-27T09:26:07.226+01:00  INFO 23160 --- [readyroad-secure] [nio-8890-exec-4] c.r.r.config.RequestLoggingFilter        : ----------------------------------------
2026-02-27T09:26:07.226+01:00  INFO 23160 --- [readyroad-secure] [nio-8890-exec-6] c.r.r.config.RequestLoggingFilter        :   user-agent: node
2026-02-27T09:26:07.226+01:00  INFO 23160 --- [readyroad-secure] [nio-8890-exec-1] c.r.r.config.RequestLoggingFilter        : ════════════════════════════════════════
2026-02-27T09:26:07.227+01:00  INFO 23160 --- [readyroad-secure] [nio-8890-exec-8] c.r.r.config.RequestLoggingFilter        : Method: GET
2026-02-27T09:26:07.227+01:00  INFO 23160 --- [readyroad-secure] [nio-8890-exec-4] c.r.r.config.RequestLoggingFilter        : 📋 Request Headers:
2026-02-27T09:26:07.227+01:00  INFO 23160 --- [readyroad-secure] [nio-8890-exec-6] c.r.r.config.RequestLoggingFilter        :   pragma: no-cache
2026-02-27T09:26:07.227+01:00  INFO 23160 --- [readyroad-secure] [nio-8890-exec-1] c.r.r.config.RequestLoggingFilter        : 🌐 INCOMING REQUEST
2026-02-27T09:26:07.228+01:00  INFO 23160 --- [readyroad-secure] [nio-8890-exec-8] c.r.r.config.RequestLoggingFilter        : URI: /api/quiz/stats/category/6
2026-02-27T09:26:07.228+01:00  INFO 23160 --- [readyroad-secure] [nio-8890-exec-4] c.r.r.config.RequestLoggingFilter        :   host: localhost:8890
2026-02-27T09:26:07.228+01:00  INFO 23160 --- [readyroad-secure] [nio-8890-exec-6] c.r.r.config.RequestLoggingFilter        :   cache-control: no-cache
2026-02-27T09:26:07.229+01:00  INFO 23160 --- [readyroad-secure] [nio-8890-exec-6] c.r.r.config.RequestLoggingFilter        :   accept-encoding: gzip, deflate
2026-02-27T09:26:07.228+01:00  INFO 23160 --- [readyroad-secure] [nio-8890-exec-1] c.r.r.config.RequestLoggingFilter        : ════════════════════════════════════════
2026-02-27T09:26:07.229+01:00  INFO 23160 --- [readyroad-secure] [nio-8890-exec-8] c.r.r.config.RequestLoggingFilter        : Remote Address: 0:0:0:0:0:0:0:1
2026-02-27T09:26:07.229+01:00  INFO 23160 --- [readyroad-secure] [nio-8890-exec-4] c.r.r.config.RequestLoggingFilter        :   connection: keep-alive
2026-02-27T09:26:07.231+01:00  INFO 23160 --- [readyroad-secure] [nio-8890-exec-6] c.r.r.config.RequestLoggingFilter        : ════════════════════════════════════════
2026-02-27T09:26:07.232+01:00  INFO 23160 --- [readyroad-secure] [nio-8890-exec-1] c.r.r.config.RequestLoggingFilter        : Method: GET
2026-02-27T09:26:07.232+01:00  INFO 23160 --- [readyroad-secure] [nio-8890-exec-8] c.r.r.config.RequestLoggingFilter        : ----------------------------------------
2026-02-27T09:26:07.232+01:00  INFO 23160 --- [readyroad-secure] [nio-8890-exec-4] c.r.r.config.RequestLoggingFilter        :   Accept: application/json
2026-02-27T09:26:07.233+01:00  INFO 23160 --- [readyroad-secure] [nio-8890-exec-1] c.r.r.config.RequestLoggingFilter        : URI: /api/quiz/stats/category/4
2026-02-27T09:26:07.233+01:00  INFO 23160 --- [readyroad-secure] [nio-8890-exec-8] c.r.r.config.RequestLoggingFilter        : 📋 Request Headers:
2026-02-27T09:26:07.234+01:00  INFO 23160 --- [readyroad-secure] [nio-8890-exec-4] c.r.r.config.RequestLoggingFilter        :   Authorization: Bearer [TOKEN_HIDDEN]
2026-02-27T09:26:07.234+01:00 DEBUG 23160 --- [readyroad-secure] [io-8890-exec-10] org.hibernate.SQL                        : select count(qq1_0.id) from quiz_questions qq1_0 where qq1_0.category_id=? and qq1_0.is_active=true and qq1_0.status=?
2026-02-27T09:26:07.234+01:00  INFO 23160 --- [readyroad-secure] [nio-8890-exec-1] c.r.r.config.RequestLoggingFilter        : Remote Address: 0:0:0:0:0:0:0:1
2026-02-27T09:26:07.235+01:00  INFO 23160 --- [readyroad-secure] [nio-8890-exec-1] c.r.r.config.RequestLoggingFilter        : ----------------------------------------
2026-02-27T09:26:07.234+01:00  INFO 23160 --- [readyroad-secure] [nio-8890-exec-8] c.r.r.config.RequestLoggingFilter        :   host: localhost:8890
2026-02-27T09:26:07.234+01:00  INFO 23160 --- [readyroad-secure] [nio-8890-exec-4] c.r.r.config.RequestLoggingFilter        :   accept-language: *
2026-02-27T09:26:07.236+01:00  INFO 23160 --- [readyroad-secure] [nio-8890-exec-1] c.r.r.config.RequestLoggingFilter        : 📋 Request Headers:
2026-02-27T09:26:07.236+01:00  INFO 23160 --- [readyroad-secure] [nio-8890-exec-8] c.r.r.config.RequestLoggingFilter        :   connection: keep-alive
2026-02-27T09:26:07.237+01:00 DEBUG 23160 --- [readyroad-secure] [nio-8890-exec-6] org.hibernate.SQL                        : select count(qq1_0.id) from quiz_questions qq1_0 where qq1_0.category_id=? and qq1_0.is_active=true and qq1_0.status=?
2026-02-27T09:26:07.237+01:00  INFO 23160 --- [readyroad-secure] [nio-8890-exec-4] c.r.r.config.RequestLoggingFilter        :   sec-fetch-mode: cors
2026-02-27T09:26:07.237+01:00  INFO 23160 --- [readyroad-secure] [nio-8890-exec-1] c.r.r.config.RequestLoggingFilter        :   host: localhost:8890
2026-02-27T09:26:07.237+01:00  INFO 23160 --- [readyroad-secure] [nio-8890-exec-8] c.r.r.config.RequestLoggingFilter        :   Accept: application/json
2026-02-27T09:26:07.238+01:00  INFO 23160 --- [readyroad-secure] [nio-8890-exec-4] c.r.r.config.RequestLoggingFilter        :   user-agent: node
2026-02-27T09:26:07.238+01:00  INFO 23160 --- [readyroad-secure] [nio-8890-exec-1] c.r.r.config.RequestLoggingFilter        :   connection: keep-alive
2026-02-27T09:26:07.239+01:00  INFO 23160 --- [readyroad-secure] [nio-8890-exec-8] c.r.r.config.RequestLoggingFilter        :   Authorization: Bearer [TOKEN_HIDDEN]
2026-02-27T09:26:07.241+01:00  INFO 23160 --- [readyroad-secure] [nio-8890-exec-8] c.r.r.config.RequestLoggingFilter        :   accept-language: *
2026-02-27T09:26:07.239+01:00  INFO 23160 --- [readyroad-secure] [nio-8890-exec-4] c.r.r.config.RequestLoggingFilter        :   pragma: no-cache
2026-02-27T09:26:07.243+01:00  INFO 23160 --- [readyroad-secure] [nio-8890-exec-4] c.r.r.config.RequestLoggingFilter        :   cache-control: no-cache
2026-02-27T09:26:07.244+01:00  INFO 23160 --- [readyroad-secure] [nio-8890-exec-4] c.r.r.config.RequestLoggingFilter        :   accept-encoding: gzip, deflate
2026-02-27T09:26:07.244+01:00  INFO 23160 --- [readyroad-secure] [nio-8890-exec-4] c.r.r.config.RequestLoggingFilter        : ════════════════════════════════════════
2026-02-27T09:26:07.240+01:00  INFO 23160 --- [readyroad-secure] [nio-8890-exec-1] c.r.r.config.RequestLoggingFilter        :   Accept: application/json
2026-02-27T09:26:07.246+01:00  INFO 23160 --- [readyroad-secure] [nio-8890-exec-1] c.r.r.config.RequestLoggingFilter        :   Authorization: Bearer [TOKEN_HIDDEN]
2026-02-27T09:26:07.243+01:00  INFO 23160 --- [readyroad-secure] [nio-8890-exec-8] c.r.r.config.RequestLoggingFilter        :   sec-fetch-mode: cors
2026-02-27T09:26:07.247+01:00  INFO 23160 --- [readyroad-secure] [nio-8890-exec-8] c.r.r.config.RequestLoggingFilter        :   user-agent: node
2026-02-27T09:26:07.246+01:00  INFO 23160 --- [readyroad-secure] [nio-8890-exec-1] c.r.r.config.RequestLoggingFilter        :   accept-language: *
2026-02-27T09:26:07.249+01:00  INFO 23160 --- [readyroad-secure] [nio-8890-exec-1] c.r.r.config.RequestLoggingFilter        :   sec-fetch-mode: cors
2026-02-27T09:26:07.249+01:00  INFO 23160 --- [readyroad-secure] [nio-8890-exec-1] c.r.r.config.RequestLoggingFilter        :   user-agent: node
2026-02-27T09:26:07.249+01:00  INFO 23160 --- [readyroad-secure] [nio-8890-exec-1] c.r.r.config.RequestLoggingFilter        :   pragma: no-cache
2026-02-27T09:26:07.250+01:00  INFO 23160 --- [readyroad-secure] [nio-8890-exec-1] c.r.r.config.RequestLoggingFilter        :   cache-control: no-cache
2026-02-27T09:26:07.248+01:00  INFO 23160 --- [readyroad-secure] [nio-8890-exec-8] c.r.r.config.RequestLoggingFilter        :   pragma: no-cache
2026-02-27T09:26:07.251+01:00  INFO 23160 --- [readyroad-secure] [nio-8890-exec-8] c.r.r.config.RequestLoggingFilter        :   cache-control: no-cache
2026-02-27T09:26:07.250+01:00  INFO 23160 --- [readyroad-secure] [nio-8890-exec-1] c.r.r.config.RequestLoggingFilter        :   accept-encoding: gzip, deflate
2026-02-27T09:26:07.251+01:00  INFO 23160 --- [readyroad-secure] [nio-8890-exec-1] c.r.r.config.RequestLoggingFilter        : ════════════════════════════════════════
2026-02-27T09:26:07.252+01:00 DEBUG 23160 --- [readyroad-secure] [nio-8890-exec-4] org.hibernate.SQL                        : select count(qq1_0.id) from quiz_questions qq1_0 where qq1_0.category_id=? and qq1_0.is_active=true and qq1_0.status=?
2026-02-27T09:26:07.251+01:00  INFO 23160 --- [readyroad-secure] [nio-8890-exec-8] c.r.r.config.RequestLoggingFilter        :   accept-encoding: gzip, deflate
2026-02-27T09:26:07.253+01:00  INFO 23160 --- [readyroad-secure] [nio-8890-exec-8] c.r.r.config.RequestLoggingFilter        : ════════════════════════════════════════
2026-02-27T09:26:07.259+01:00 DEBUG 23160 --- [readyroad-secure] [nio-8890-exec-1] org.hibernate.SQL                        : select count(qq1_0.id) from quiz_questions qq1_0 where qq1_0.category_id=? and qq1_0.is_active=true and qq1_0.status=?
2026-02-27T09:26:07.262+01:00 DEBUG 23160 --- [readyroad-secure] [nio-8890-exec-8] org.hibernate.SQL                        : select count(qq1_0.id) from quiz_questions qq1_0 where qq1_0.category_id=? and qq1_0.is_active=true and qq1_0.status=?
2026-02-27T09:26:07.806+01:00 DEBUG 23160 --- [readyroad-secure] [nio-8890-exec-5] org.hibernate.SQL                        : select u1_0.id,u1_0.created_at,u1_0.email,u1_0.full_name,u1_0.is_active,u1_0.is_locked,u1_0.password_hash,u1_0.role,u1_0.updated_at,u1_0.username from users u1_0 where u1_0.username=?
2026-02-27T09:26:07.814+01:00  INFO 23160 --- [readyroad-secure] [nio-8890-exec-5] c.r.r.config.RequestLoggingFilter        : ════════════════════════════════════════
2026-02-27T09:26:07.816+01:00  INFO 23160 --- [readyroad-secure] [nio-8890-exec-5] c.r.r.config.RequestLoggingFilter        : 🌐 INCOMING REQUEST
2026-02-27T09:26:07.817+01:00  INFO 23160 --- [readyroad-secure] [nio-8890-exec-5] c.r.r.config.RequestLoggingFilter        : ════════════════════════════════════════
2026-02-27T09:26:07.817+01:00  INFO 23160 --- [readyroad-secure] [nio-8890-exec-5] c.r.r.config.RequestLoggingFilter        : Method: GET
2026-02-27T09:26:07.818+01:00  INFO 23160 --- [readyroad-secure] [nio-8890-exec-5] c.r.r.config.RequestLoggingFilter        : URI: /api/quiz/stats/category/7
2026-02-27T09:26:07.818+01:00  INFO 23160 --- [readyroad-secure] [nio-8890-exec-5] c.r.r.config.RequestLoggingFilter        : Remote Address: 0:0:0:0:0:0:0:1
2026-02-27T09:26:07.818+01:00  INFO 23160 --- [readyroad-secure] [nio-8890-exec-5] c.r.r.config.RequestLoggingFilter        : ----------------------------------------
2026-02-27T09:26:07.819+01:00  INFO 23160 --- [readyroad-secure] [nio-8890-exec-5] c.r.r.config.RequestLoggingFilter        : 📋 Request Headers:
2026-02-27T09:26:07.820+01:00  INFO 23160 --- [readyroad-secure] [nio-8890-exec-5] c.r.r.config.RequestLoggingFilter        :   host: localhost:8890
2026-02-27T09:26:07.820+01:00  INFO 23160 --- [readyroad-secure] [nio-8890-exec-5] c.r.r.config.RequestLoggingFilter        :   connection: keep-alive
2026-02-27T09:26:07.820+01:00  INFO 23160 --- [readyroad-secure] [nio-8890-exec-5] c.r.r.config.RequestLoggingFilter        :   Accept: application/json
2026-02-27T09:26:07.821+01:00  INFO 23160 --- [readyroad-secure] [nio-8890-exec-5] c.r.r.config.RequestLoggingFilter        :   Authorization: Bearer [TOKEN_HIDDEN]
2026-02-27T09:26:07.821+01:00  INFO 23160 --- [readyroad-secure] [nio-8890-exec-5] c.r.r.config.RequestLoggingFilter        :   accept-language: *
2026-02-27T09:26:07.822+01:00  INFO 23160 --- [readyroad-secure] [nio-8890-exec-5] c.r.r.config.RequestLoggingFilter        :   sec-fetch-mode: cors
2026-02-27T09:26:07.822+01:00  INFO 23160 --- [readyroad-secure] [nio-8890-exec-5] c.r.r.config.RequestLoggingFilter        :   user-agent: node
2026-02-27T09:26:07.823+01:00  INFO 23160 --- [readyroad-secure] [nio-8890-exec-5] c.r.r.config.RequestLoggingFilter        :   pragma: no-cache
2026-02-27T09:26:07.823+01:00  INFO 23160 --- [readyroad-secure] [nio-8890-exec-5] c.r.r.config.RequestLoggingFilter        :   cache-control: no-cache
2026-02-27T09:26:07.823+01:00  INFO 23160 --- [readyroad-secure] [nio-8890-exec-5] c.r.r.config.RequestLoggingFilter        :   accept-encoding: gzip, deflate
2026-02-27T09:26:07.824+01:00  INFO 23160 --- [readyroad-secure] [nio-8890-exec-5] c.r.r.config.RequestLoggingFilter        : ════════════════════════════════════════
2026-02-27T09:26:07.827+01:00 DEBUG 23160 --- [readyroad-secure] [nio-8890-exec-5] org.hibernate.SQL                        : select count(qq1_0.id) from quiz_questions qq1_0 where qq1_0.category_id=? and qq1_0.is_active=true and qq1_0.status=?
2026-02-27T09:26:07.976+01:00 DEBUG 23160 --- [readyroad-secure] [nio-8890-exec-2] org.hibernate.SQL                        : select u1_0.id,u1_0.created_at,u1_0.email,u1_0.full_name,u1_0.is_active,u1_0.is_locked,u1_0.password_hash,u1_0.role,u1_0.updated_at,u1_0.username from users u1_0 where u1_0.username=?
2026-02-27T09:26:07.985+01:00 DEBUG 23160 --- [readyroad-secure] [nio-8890-exec-9] org.hibernate.SQL                        : select u1_0.id,u1_0.created_at,u1_0.email,u1_0.full_name,u1_0.is_active,u1_0.is_locked,u1_0.password_hash,u1_0.role,u1_0.updated_at,u1_0.username from users u1_0 where u1_0.username=?
2026-02-27T09:26:07.987+01:00  INFO 23160 --- [readyroad-secure] [nio-8890-exec-2] c.r.r.config.RequestLoggingFilter        : ════════════════════════════════════════
2026-02-27T09:26:07.987+01:00  INFO 23160 --- [readyroad-secure] [nio-8890-exec-2] c.r.r.config.RequestLoggingFilter        : 🌐 INCOMING REQUEST
2026-02-27T09:26:07.988+01:00  INFO 23160 --- [readyroad-secure] [nio-8890-exec-2] c.r.r.config.RequestLoggingFilter        : ════════════════════════════════════════
2026-02-27T09:26:07.988+01:00  INFO 23160 --- [readyroad-secure] [nio-8890-exec-2] c.r.r.config.RequestLoggingFilter        : Method: GET
2026-02-27T09:26:07.988+01:00  INFO 23160 --- [readyroad-secure] [nio-8890-exec-2] c.r.r.config.RequestLoggingFilter        : URI: /api/quiz/stats/category/8
2026-02-27T09:26:07.989+01:00  INFO 23160 --- [readyroad-secure] [nio-8890-exec-2] c.r.r.config.RequestLoggingFilter        : Remote Address: 0:0:0:0:0:0:0:1
2026-02-27T09:26:07.989+01:00  INFO 23160 --- [readyroad-secure] [nio-8890-exec-2] c.r.r.config.RequestLoggingFilter        : ----------------------------------------
2026-02-27T09:26:07.989+01:00  INFO 23160 --- [readyroad-secure] [nio-8890-exec-2] c.r.r.config.RequestLoggingFilter        : 📋 Request Headers:
2026-02-27T09:26:07.990+01:00  INFO 23160 --- [readyroad-secure] [nio-8890-exec-2] c.r.r.config.RequestLoggingFilter        :   host: localhost:8890
2026-02-27T09:26:07.990+01:00  INFO 23160 --- [readyroad-secure] [nio-8890-exec-2] c.r.r.config.RequestLoggingFilter        :   connection: keep-alive
2026-02-27T09:26:07.990+01:00  INFO 23160 --- [readyroad-secure] [nio-8890-exec-2] c.r.r.config.RequestLoggingFilter        :   Accept: application/json
2026-02-27T09:26:07.991+01:00  INFO 23160 --- [readyroad-secure] [nio-8890-exec-2] c.r.r.config.RequestLoggingFilter        :   Authorization: Bearer [TOKEN_HIDDEN]
2026-02-27T09:26:07.991+01:00  INFO 23160 --- [readyroad-secure] [nio-8890-exec-2] c.r.r.config.RequestLoggingFilter        :   accept-language: *
2026-02-27T09:26:07.992+01:00  INFO 23160 --- [readyroad-secure] [nio-8890-exec-2] c.r.r.config.RequestLoggingFilter        :   sec-fetch-mode: cors
2026-02-27T09:26:07.987+01:00 DEBUG 23160 --- [readyroad-secure] [nio-8890-exec-3] org.hibernate.SQL                        : select u1_0.id,u1_0.created_at,u1_0.email,u1_0.full_name,u1_0.is_active,u1_0.is_locked,u1_0.password_hash,u1_0.role,u1_0.updated_at,u1_0.username from users u1_0 where u1_0.username=?
2026-02-27T09:26:07.991+01:00 DEBUG 23160 --- [readyroad-secure] [nio-8890-exec-7] org.hibernate.SQL                        : select u1_0.id,u1_0.created_at,u1_0.email,u1_0.full_name,u1_0.is_active,u1_0.is_locked,u1_0.password_hash,u1_0.role,u1_0.updated_at,u1_0.username from users u1_0 where u1_0.username=?
2026-02-27T09:26:07.992+01:00  INFO 23160 --- [readyroad-secure] [nio-8890-exec-2] c.r.r.config.RequestLoggingFilter        :   user-agent: node
2026-02-27T09:26:07.992+01:00  INFO 23160 --- [readyroad-secure] [nio-8890-exec-9] c.r.r.config.RequestLoggingFilter        : ════════════════════════════════════════
2026-02-27T09:26:07.993+01:00  INFO 23160 --- [readyroad-secure] [nio-8890-exec-2] c.r.r.config.RequestLoggingFilter        :   pragma: no-cache
2026-02-27T09:26:07.993+01:00  INFO 23160 --- [readyroad-secure] [nio-8890-exec-9] c.r.r.config.RequestLoggingFilter        : 🌐 INCOMING REQUEST
2026-02-27T09:26:07.994+01:00  INFO 23160 --- [readyroad-secure] [nio-8890-exec-2] c.r.r.config.RequestLoggingFilter        :   cache-control: no-cache
2026-02-27T09:26:07.994+01:00  INFO 23160 --- [readyroad-secure] [nio-8890-exec-9] c.r.r.config.RequestLoggingFilter        : ════════════════════════════════════════
2026-02-27T09:26:07.994+01:00  INFO 23160 --- [readyroad-secure] [nio-8890-exec-2] c.r.r.config.RequestLoggingFilter        :   accept-encoding: gzip, deflate
2026-02-27T09:26:07.995+01:00  INFO 23160 --- [readyroad-secure] [nio-8890-exec-9] c.r.r.config.RequestLoggingFilter        : Method: GET
2026-02-27T09:26:07.995+01:00  INFO 23160 --- [readyroad-secure] [nio-8890-exec-2] c.r.r.config.RequestLoggingFilter        : ════════════════════════════════════════
2026-02-27T09:26:07.996+01:00  INFO 23160 --- [readyroad-secure] [nio-8890-exec-9] c.r.r.config.RequestLoggingFilter        : URI: /api/quiz/stats/category/9
2026-02-27T09:26:07.996+01:00  INFO 23160 --- [readyroad-secure] [nio-8890-exec-9] c.r.r.config.RequestLoggingFilter        : Remote Address: 0:0:0:0:0:0:0:1
2026-02-27T09:26:07.998+01:00  INFO 23160 --- [readyroad-secure] [nio-8890-exec-9] c.r.r.config.RequestLoggingFilter        : ----------------------------------------
2026-02-27T09:26:08.001+01:00  INFO 23160 --- [readyroad-secure] [nio-8890-exec-9] c.r.r.config.RequestLoggingFilter        : 📋 Request Headers:
2026-02-27T09:26:08.000+01:00  INFO 23160 --- [readyroad-secure] [nio-8890-exec-7] c.r.r.config.RequestLoggingFilter        : ════════════════════════════════════════
2026-02-27T09:26:08.001+01:00  INFO 23160 --- [readyroad-secure] [nio-8890-exec-3] c.r.r.config.RequestLoggingFilter        : ════════════════════════════════════════
2026-02-27T09:26:08.001+01:00  INFO 23160 --- [readyroad-secure] [nio-8890-exec-9] c.r.r.config.RequestLoggingFilter        :   host: localhost:8890
2026-02-27T09:26:08.002+01:00  INFO 23160 --- [readyroad-secure] [nio-8890-exec-7] c.r.r.config.RequestLoggingFilter        : 🌐 INCOMING REQUEST
2026-02-27T09:26:08.002+01:00  INFO 23160 --- [readyroad-secure] [nio-8890-exec-3] c.r.r.config.RequestLoggingFilter        : 🌐 INCOMING REQUEST
2026-02-27T09:26:08.003+01:00  INFO 23160 --- [readyroad-secure] [nio-8890-exec-9] c.r.r.config.RequestLoggingFilter        :   connection: keep-alive
2026-02-27T09:26:08.003+01:00 DEBUG 23160 --- [readyroad-secure] [nio-8890-exec-2] org.hibernate.SQL                        : select count(qq1_0.id) from quiz_questions qq1_0 where qq1_0.category_id=? and qq1_0.is_active=true and qq1_0.status=?
2026-02-27T09:26:08.003+01:00  INFO 23160 --- [readyroad-secure] [nio-8890-exec-3] c.r.r.config.RequestLoggingFilter        : ════════════════════════════════════════
2026-02-27T09:26:08.003+01:00  INFO 23160 --- [readyroad-secure] [nio-8890-exec-7] c.r.r.config.RequestLoggingFilter        : ════════════════════════════════════════
2026-02-27T09:26:08.005+01:00  INFO 23160 --- [readyroad-secure] [nio-8890-exec-9] c.r.r.config.RequestLoggingFilter        :   Accept: application/json
2026-02-27T09:26:08.006+01:00  INFO 23160 --- [readyroad-secure] [nio-8890-exec-3] c.r.r.config.RequestLoggingFilter        : Method: GET
2026-02-27T09:26:08.006+01:00  INFO 23160 --- [readyroad-secure] [nio-8890-exec-7] c.r.r.config.RequestLoggingFilter        : Method: GET
2026-02-27T09:26:08.007+01:00  INFO 23160 --- [readyroad-secure] [nio-8890-exec-9] c.r.r.config.RequestLoggingFilter        :   Authorization: Bearer [TOKEN_HIDDEN]
2026-02-27T09:26:08.007+01:00  INFO 23160 --- [readyroad-secure] [nio-8890-exec-3] c.r.r.config.RequestLoggingFilter        : URI: /api/quiz/stats/category/1
2026-02-27T09:26:08.007+01:00  INFO 23160 --- [readyroad-secure] [nio-8890-exec-7] c.r.r.config.RequestLoggingFilter        : URI: /api/quiz/stats/category/17
2026-02-27T09:26:08.008+01:00  INFO 23160 --- [readyroad-secure] [nio-8890-exec-9] c.r.r.config.RequestLoggingFilter        :   accept-language: *
2026-02-27T09:26:08.008+01:00  INFO 23160 --- [readyroad-secure] [nio-8890-exec-3] c.r.r.config.RequestLoggingFilter        : Remote Address: 0:0:0:0:0:0:0:1
2026-02-27T09:26:08.008+01:00  INFO 23160 --- [readyroad-secure] [nio-8890-exec-7] c.r.r.config.RequestLoggingFilter        : Remote Address: 0:0:0:0:0:0:0:1
2026-02-27T09:26:08.010+01:00  INFO 23160 --- [readyroad-secure] [nio-8890-exec-9] c.r.r.config.RequestLoggingFilter        :   sec-fetch-mode: cors
2026-02-27T09:26:08.010+01:00  INFO 23160 --- [readyroad-secure] [nio-8890-exec-3] c.r.r.config.RequestLoggingFilter        : ----------------------------------------
2026-02-27T09:26:08.010+01:00  INFO 23160 --- [readyroad-secure] [nio-8890-exec-7] c.r.r.config.RequestLoggingFilter        : ----------------------------------------
2026-02-27T09:26:08.010+01:00  INFO 23160 --- [readyroad-secure] [nio-8890-exec-9] c.r.r.config.RequestLoggingFilter        :   user-agent: node
2026-02-27T09:26:08.010+01:00  INFO 23160 --- [readyroad-secure] [nio-8890-exec-3] c.r.r.config.RequestLoggingFilter        : 📋 Request Headers:
2026-02-27T09:26:08.010+01:00  INFO 23160 --- [readyroad-secure] [nio-8890-exec-7] c.r.r.config.RequestLoggingFilter        : 📋 Request Headers:
2026-02-27T09:26:08.011+01:00  INFO 23160 --- [readyroad-secure] [nio-8890-exec-9] c.r.r.config.RequestLoggingFilter        :   pragma: no-cache
2026-02-27T09:26:08.011+01:00  INFO 23160 --- [readyroad-secure] [nio-8890-exec-3] c.r.r.config.RequestLoggingFilter        :   host: localhost:8890
2026-02-27T09:26:08.011+01:00  INFO 23160 --- [readyroad-secure] [nio-8890-exec-7] c.r.r.config.RequestLoggingFilter        :   host: localhost:8890
2026-02-27T09:26:08.012+01:00  INFO 23160 --- [readyroad-secure] [nio-8890-exec-9] c.r.r.config.RequestLoggingFilter        :   cache-control: no-cache
2026-02-27T09:26:08.012+01:00  INFO 23160 --- [readyroad-secure] [nio-8890-exec-3] c.r.r.config.RequestLoggingFilter        :   connection: keep-alive
2026-02-27T09:26:08.014+01:00  INFO 23160 --- [readyroad-secure] [nio-8890-exec-3] c.r.r.config.RequestLoggingFilter        :   Accept: application/json
2026-02-27T09:26:08.014+01:00  INFO 23160 --- [readyroad-secure] [nio-8890-exec-3] c.r.r.config.RequestLoggingFilter        :   Authorization: Bearer [TOKEN_HIDDEN]
2026-02-27T09:26:08.013+01:00  INFO 23160 --- [readyroad-secure] [nio-8890-exec-7] c.r.r.config.RequestLoggingFilter        :   connection: keep-alive
2026-02-27T09:26:08.014+01:00  INFO 23160 --- [readyroad-secure] [nio-8890-exec-9] c.r.r.config.RequestLoggingFilter        :   accept-encoding: gzip, deflate
2026-02-27T09:26:08.014+01:00  INFO 23160 --- [readyroad-secure] [nio-8890-exec-3] c.r.r.config.RequestLoggingFilter        :   accept-language: *
2026-02-27T09:26:08.015+01:00  INFO 23160 --- [readyroad-secure] [nio-8890-exec-7] c.r.r.config.RequestLoggingFilter        :   Accept: application/json
2026-02-27T09:26:08.015+01:00  INFO 23160 --- [readyroad-secure] [nio-8890-exec-9] c.r.r.config.RequestLoggingFilter        : ════════════════════════════════════════
2026-02-27T09:26:08.015+01:00  INFO 23160 --- [readyroad-secure] [nio-8890-exec-3] c.r.r.config.RequestLoggingFilter        :   sec-fetch-mode: cors
2026-02-27T09:26:08.016+01:00  INFO 23160 --- [readyroad-secure] [nio-8890-exec-7] c.r.r.config.RequestLoggingFilter        :   Authorization: Bearer [TOKEN_HIDDEN]
2026-02-27T09:26:08.016+01:00  INFO 23160 --- [readyroad-secure] [nio-8890-exec-3] c.r.r.config.RequestLoggingFilter        :   user-agent: node
2026-02-27T09:26:08.017+01:00  INFO 23160 --- [readyroad-secure] [nio-8890-exec-7] c.r.r.config.RequestLoggingFilter        :   accept-language: *
2026-02-27T09:26:08.017+01:00  INFO 23160 --- [readyroad-secure] [nio-8890-exec-3] c.r.r.config.RequestLoggingFilter        :   pragma: no-cache
2026-02-27T09:26:08.017+01:00  INFO 23160 --- [readyroad-secure] [nio-8890-exec-7] c.r.r.config.RequestLoggingFilter        :   sec-fetch-mode: cors
2026-02-27T09:26:08.017+01:00  INFO 23160 --- [readyroad-secure] [nio-8890-exec-3] c.r.r.config.RequestLoggingFilter        :   cache-control: no-cache
2026-02-27T09:26:08.018+01:00  INFO 23160 --- [readyroad-secure] [nio-8890-exec-7] c.r.r.config.RequestLoggingFilter        :   user-agent: node
2026-02-27T09:26:08.019+01:00  INFO 23160 --- [readyroad-secure] [nio-8890-exec-3] c.r.r.config.RequestLoggingFilter        :   accept-encoding: gzip, deflate
2026-02-27T09:26:08.019+01:00  INFO 23160 --- [readyroad-secure] [nio-8890-exec-3] c.r.r.config.RequestLoggingFilter        : ════════════════════════════════════════
2026-02-27T09:26:08.019+01:00  INFO 23160 --- [readyroad-secure] [nio-8890-exec-7] c.r.r.config.RequestLoggingFilter        :   pragma: no-cache
2026-02-27T09:26:08.020+01:00  INFO 23160 --- [readyroad-secure] [nio-8890-exec-7] c.r.r.config.RequestLoggingFilter        :   cache-control: no-cache
2026-02-27T09:26:08.020+01:00 DEBUG 23160 --- [readyroad-secure] [nio-8890-exec-9] org.hibernate.SQL                        : select count(qq1_0.id) from quiz_questions qq1_0 where qq1_0.category_id=? and qq1_0.is_active=true and qq1_0.status=?
2026-02-27T09:26:08.020+01:00  INFO 23160 --- [readyroad-secure] [nio-8890-exec-7] c.r.r.config.RequestLoggingFilter        :   accept-encoding: gzip, deflate
2026-02-27T09:26:08.021+01:00  INFO 23160 --- [readyroad-secure] [nio-8890-exec-7] c.r.r.config.RequestLoggingFilter        : ════════════════════════════════════════
2026-02-27T09:26:08.023+01:00 DEBUG 23160 --- [readyroad-secure] [nio-8890-exec-3] org.hibernate.SQL                        : select count(qq1_0.id) from quiz_questions qq1_0 where qq1_0.category_id=? and qq1_0.is_active=true and qq1_0.status=?
2026-02-27T09:26:08.024+01:00 DEBUG 23160 --- [readyroad-secure] [nio-8890-exec-7] org.hibernate.SQL                        : select count(qq1_0.id) from quiz_questions qq1_0 where qq1_0.category_id=? and qq1_0.is_active=true and qq1_0.status=?
2026-02-27T09:26:08.561+01:00 DEBUG 23160 --- [readyroad-secure] [io-8890-exec-10] org.hibernate.SQL                        : select u1_0.id,u1_0.created_at,u1_0.email,u1_0.full_name,u1_0.is_active,u1_0.is_locked,u1_0.password_hash,u1_0.role,u1_0.updated_at,u1_0.username from users u1_0 where u1_0.username=?
2026-02-27T09:26:08.565+01:00 DEBUG 23160 --- [readyroad-secure] [nio-8890-exec-6] org.hibernate.SQL                        : select u1_0.id,u1_0.created_at,u1_0.email,u1_0.full_name,u1_0.is_active,u1_0.is_locked,u1_0.password_hash,u1_0.role,u1_0.updated_at,u1_0.username from users u1_0 where u1_0.username=?
2026-02-27T09:26:08.567+01:00 DEBUG 23160 --- [readyroad-secure] [nio-8890-exec-4] org.hibernate.SQL                        : select u1_0.id,u1_0.created_at,u1_0.email,u1_0.full_name,u1_0.is_active,u1_0.is_locked,u1_0.password_hash,u1_0.role,u1_0.updated_at,u1_0.username from users u1_0 where u1_0.username=?
2026-02-27T09:26:08.569+01:00  INFO 23160 --- [readyroad-secure] [io-8890-exec-10] c.r.r.config.RequestLoggingFilter        : ════════════════════════════════════════
2026-02-27T09:26:08.570+01:00  INFO 23160 --- [readyroad-secure] [io-8890-exec-10] c.r.r.config.RequestLoggingFilter        : 🌐 INCOMING REQUEST
2026-02-27T09:26:08.570+01:00  INFO 23160 --- [readyroad-secure] [io-8890-exec-10] c.r.r.config.RequestLoggingFilter        : ════════════════════════════════════════
2026-02-27T09:26:08.570+01:00  INFO 23160 --- [readyroad-secure] [nio-8890-exec-6] c.r.r.config.RequestLoggingFilter        : ════════════════════════════════════════
2026-02-27T09:26:08.571+01:00  INFO 23160 --- [readyroad-secure] [io-8890-exec-10] c.r.r.config.RequestLoggingFilter        : Method: GET
2026-02-27T09:26:08.571+01:00  INFO 23160 --- [readyroad-secure] [nio-8890-exec-6] c.r.r.config.RequestLoggingFilter        : 🌐 INCOMING REQUEST
2026-02-27T09:26:08.571+01:00  INFO 23160 --- [readyroad-secure] [io-8890-exec-10] c.r.r.config.RequestLoggingFilter        : URI: /api/quiz/stats/category/2
2026-02-27T09:26:08.571+01:00  INFO 23160 --- [readyroad-secure] [nio-8890-exec-6] c.r.r.config.RequestLoggingFilter        : ════════════════════════════════════════
2026-02-27T09:26:08.572+01:00  INFO 23160 --- [readyroad-secure] [io-8890-exec-10] c.r.r.config.RequestLoggingFilter        : Remote Address: 0:0:0:0:0:0:0:1
2026-02-27T09:26:08.572+01:00  INFO 23160 --- [readyroad-secure] [nio-8890-exec-6] c.r.r.config.RequestLoggingFilter        : Method: GET
2026-02-27T09:26:08.572+01:00  INFO 23160 --- [readyroad-secure] [io-8890-exec-10] c.r.r.config.RequestLoggingFilter        : ----------------------------------------
2026-02-27T09:26:08.572+01:00  INFO 23160 --- [readyroad-secure] [nio-8890-exec-6] c.r.r.config.RequestLoggingFilter        : URI: /api/quiz/stats/category/3
2026-02-27T09:26:08.573+01:00  INFO 23160 --- [readyroad-secure] [io-8890-exec-10] c.r.r.config.RequestLoggingFilter        : 📋 Request Headers:
2026-02-27T09:26:08.572+01:00  INFO 23160 --- [readyroad-secure] [nio-8890-exec-4] c.r.r.config.RequestLoggingFilter        : ════════════════════════════════════════
2026-02-27T09:26:08.573+01:00  INFO 23160 --- [readyroad-secure] [nio-8890-exec-6] c.r.r.config.RequestLoggingFilter        : Remote Address: 0:0:0:0:0:0:0:1
2026-02-27T09:26:08.573+01:00  INFO 23160 --- [readyroad-secure] [io-8890-exec-10] c.r.r.config.RequestLoggingFilter        :   host: localhost:8890
2026-02-27T09:26:08.574+01:00  INFO 23160 --- [readyroad-secure] [nio-8890-exec-4] c.r.r.config.RequestLoggingFilter        : 🌐 INCOMING REQUEST
2026-02-27T09:26:08.574+01:00  INFO 23160 --- [readyroad-secure] [nio-8890-exec-6] c.r.r.config.RequestLoggingFilter        : ----------------------------------------
2026-02-27T09:26:08.574+01:00  INFO 23160 --- [readyroad-secure] [io-8890-exec-10] c.r.r.config.RequestLoggingFilter        :   connection: keep-alive
2026-02-27T09:26:08.574+01:00  INFO 23160 --- [readyroad-secure] [nio-8890-exec-4] c.r.r.config.RequestLoggingFilter        : ════════════════════════════════════════
2026-02-27T09:26:08.575+01:00  INFO 23160 --- [readyroad-secure] [nio-8890-exec-6] c.r.r.config.RequestLoggingFilter        : 📋 Request Headers:
2026-02-27T09:26:08.575+01:00  INFO 23160 --- [readyroad-secure] [io-8890-exec-10] c.r.r.config.RequestLoggingFilter        :   Accept: application/json
2026-02-27T09:26:08.575+01:00  INFO 23160 --- [readyroad-secure] [nio-8890-exec-4] c.r.r.config.RequestLoggingFilter        : Method: GET
2026-02-27T09:26:08.576+01:00  INFO 23160 --- [readyroad-secure] [nio-8890-exec-6] c.r.r.config.RequestLoggingFilter        :   host: localhost:8890
2026-02-27T09:26:08.576+01:00  INFO 23160 --- [readyroad-secure] [io-8890-exec-10] c.r.r.config.RequestLoggingFilter        :   Authorization: Bearer [TOKEN_HIDDEN]
2026-02-27T09:26:08.576+01:00  INFO 23160 --- [readyroad-secure] [nio-8890-exec-4] c.r.r.config.RequestLoggingFilter        : URI: /api/quiz/stats/category/5
2026-02-27T09:26:08.576+01:00  INFO 23160 --- [readyroad-secure] [nio-8890-exec-6] c.r.r.config.RequestLoggingFilter        :   connection: keep-alive
2026-02-27T09:26:08.577+01:00  INFO 23160 --- [readyroad-secure] [io-8890-exec-10] c.r.r.config.RequestLoggingFilter        :   accept-language: *
2026-02-27T09:26:08.577+01:00  INFO 23160 --- [readyroad-secure] [nio-8890-exec-4] c.r.r.config.RequestLoggingFilter        : Remote Address: 0:0:0:0:0:0:0:1
2026-02-27T09:26:08.578+01:00  INFO 23160 --- [readyroad-secure] [nio-8890-exec-6] c.r.r.config.RequestLoggingFilter        :   Accept: application/json
2026-02-27T09:26:08.578+01:00  INFO 23160 --- [readyroad-secure] [io-8890-exec-10] c.r.r.config.RequestLoggingFilter        :   sec-fetch-mode: cors
2026-02-27T09:26:08.578+01:00  INFO 23160 --- [readyroad-secure] [nio-8890-exec-4] c.r.r.config.RequestLoggingFilter        : ----------------------------------------
2026-02-27T09:26:08.579+01:00  INFO 23160 --- [readyroad-secure] [nio-8890-exec-6] c.r.r.config.RequestLoggingFilter        :   Authorization: Bearer [TOKEN_HIDDEN]
2026-02-27T09:26:08.579+01:00  INFO 23160 --- [readyroad-secure] [io-8890-exec-10] c.r.r.config.RequestLoggingFilter        :   user-agent: node
2026-02-27T09:26:08.579+01:00  INFO 23160 --- [readyroad-secure] [nio-8890-exec-4] c.r.r.config.RequestLoggingFilter        : 📋 Request Headers:
2026-02-27T09:26:08.580+01:00  INFO 23160 --- [readyroad-secure] [nio-8890-exec-6] c.r.r.config.RequestLoggingFilter        :   accept-language: *
2026-02-27T09:26:08.582+01:00  INFO 23160 --- [readyroad-secure] [nio-8890-exec-6] c.r.r.config.RequestLoggingFilter        :   sec-fetch-mode: cors
2026-02-27T09:26:08.582+01:00  INFO 23160 --- [readyroad-secure] [nio-8890-exec-6] c.r.r.config.RequestLoggingFilter        :   user-agent: node
2026-02-27T09:26:08.581+01:00  INFO 23160 --- [readyroad-secure] [io-8890-exec-10] c.r.r.config.RequestLoggingFilter        :   pragma: no-cache
2026-02-27T09:26:08.581+01:00  INFO 23160 --- [readyroad-secure] [nio-8890-exec-4] c.r.r.config.RequestLoggingFilter        :   host: localhost:8890
2026-02-27T09:26:08.583+01:00  INFO 23160 --- [readyroad-secure] [nio-8890-exec-6] c.r.r.config.RequestLoggingFilter        :   pragma: no-cache
2026-02-27T09:26:08.583+01:00  INFO 23160 --- [readyroad-secure] [io-8890-exec-10] c.r.r.config.RequestLoggingFilter        :   cache-control: no-cache
2026-02-27T09:26:08.583+01:00  INFO 23160 --- [readyroad-secure] [nio-8890-exec-4] c.r.r.config.RequestLoggingFilter        :   connection: keep-alive
2026-02-27T09:26:08.584+01:00  INFO 23160 --- [readyroad-secure] [nio-8890-exec-6] c.r.r.config.RequestLoggingFilter        :   cache-control: no-cache
2026-02-27T09:26:08.584+01:00  INFO 23160 --- [readyroad-secure] [io-8890-exec-10] c.r.r.config.RequestLoggingFilter        :   accept-encoding: gzip, deflate
2026-02-27T09:26:08.584+01:00  INFO 23160 --- [readyroad-secure] [nio-8890-exec-4] c.r.r.config.RequestLoggingFilter        :   Accept: application/json
2026-02-27T09:26:08.584+01:00  INFO 23160 --- [readyroad-secure] [nio-8890-exec-6] c.r.r.config.RequestLoggingFilter        :   accept-encoding: gzip, deflate
2026-02-27T09:26:08.585+01:00  INFO 23160 --- [readyroad-secure] [io-8890-exec-10] c.r.r.config.RequestLoggingFilter        : ════════════════════════════════════════
2026-02-27T09:26:08.585+01:00  INFO 23160 --- [readyroad-secure] [nio-8890-exec-4] c.r.r.config.RequestLoggingFilter        :   Authorization: Bearer [TOKEN_HIDDEN]
2026-02-27T09:26:08.585+01:00  INFO 23160 --- [readyroad-secure] [nio-8890-exec-6] c.r.r.config.RequestLoggingFilter        : ════════════════════════════════════════
2026-02-27T09:26:08.586+01:00  INFO 23160 --- [readyroad-secure] [nio-8890-exec-4] c.r.r.config.RequestLoggingFilter        :   accept-language: *
2026-02-27T09:26:08.587+01:00  INFO 23160 --- [readyroad-secure] [nio-8890-exec-4] c.r.r.config.RequestLoggingFilter        :   sec-fetch-mode: cors
2026-02-27T09:26:08.587+01:00  INFO 23160 --- [readyroad-secure] [nio-8890-exec-4] c.r.r.config.RequestLoggingFilter        :   user-agent: node
2026-02-27T09:26:08.587+01:00  INFO 23160 --- [readyroad-secure] [nio-8890-exec-4] c.r.r.config.RequestLoggingFilter        :   pragma: no-cache
2026-02-27T09:26:08.587+01:00  INFO 23160 --- [readyroad-secure] [nio-8890-exec-4] c.r.r.config.RequestLoggingFilter        :   cache-control: no-cache
2026-02-27T09:26:08.588+01:00  INFO 23160 --- [readyroad-secure] [nio-8890-exec-4] c.r.r.config.RequestLoggingFilter        :   accept-encoding: gzip, deflate
2026-02-27T09:26:08.588+01:00  INFO 23160 --- [readyroad-secure] [nio-8890-exec-4] c.r.r.config.RequestLoggingFilter        : ════════════════════════════════════════
2026-02-27T09:26:08.588+01:00 DEBUG 23160 --- [readyroad-secure] [io-8890-exec-10] org.hibernate.SQL                        : select count(qq1_0.id) from quiz_questions qq1_0 where qq1_0.category_id=? and qq1_0.is_active=true and qq1_0.status=?
2026-02-27T09:26:08.589+01:00 DEBUG 23160 --- [readyroad-secure] [nio-8890-exec-6] org.hibernate.SQL                        : select count(qq1_0.id) from quiz_questions qq1_0 where qq1_0.category_id=? and qq1_0.is_active=true and qq1_0.status=?
2026-02-27T09:26:08.592+01:00 DEBUG 23160 --- [readyroad-secure] [nio-8890-exec-4] org.hibernate.SQL                        : select count(qq1_0.id) from quiz_questions qq1_0 where qq1_0.category_id=? and qq1_0.is_active=true and qq1_0.status=?
2026-02-27T09:26:08.709+01:00 DEBUG 23160 --- [readyroad-secure] [nio-8890-exec-8] org.hibernate.SQL                        : select u1_0.id,u1_0.created_at,u1_0.email,u1_0.full_name,u1_0.is_active,u1_0.is_locked,u1_0.password_hash,u1_0.role,u1_0.updated_at,u1_0.username from users u1_0 where u1_0.username=?
2026-02-27T09:26:08.716+01:00  INFO 23160 --- [readyroad-secure] [nio-8890-exec-8] c.r.r.config.RequestLoggingFilter        : ════════════════════════════════════════
2026-02-27T09:26:08.717+01:00  INFO 23160 --- [readyroad-secure] [nio-8890-exec-8] c.r.r.config.RequestLoggingFilter        : 🌐 INCOMING REQUEST
2026-02-27T09:26:08.717+01:00  INFO 23160 --- [readyroad-secure] [nio-8890-exec-8] c.r.r.config.RequestLoggingFilter        : ════════════════════════════════════════
2026-02-27T09:26:08.717+01:00  INFO 23160 --- [readyroad-secure] [nio-8890-exec-8] c.r.r.config.RequestLoggingFilter        : Method: GET
2026-02-27T09:26:08.718+01:00  INFO 23160 --- [readyroad-secure] [nio-8890-exec-8] c.r.r.config.RequestLoggingFilter        : URI: /api/quiz/stats/category/6
2026-02-27T09:26:08.718+01:00  INFO 23160 --- [readyroad-secure] [nio-8890-exec-8] c.r.r.config.RequestLoggingFilter        : Remote Address: 0:0:0:0:0:0:0:1
2026-02-27T09:26:08.718+01:00  INFO 23160 --- [readyroad-secure] [nio-8890-exec-8] c.r.r.config.RequestLoggingFilter        : ----------------------------------------
2026-02-27T09:26:08.718+01:00  INFO 23160 --- [readyroad-secure] [nio-8890-exec-8] c.r.r.config.RequestLoggingFilter        : 📋 Request Headers:
2026-02-27T09:26:08.719+01:00  INFO 23160 --- [readyroad-secure] [nio-8890-exec-8] c.r.r.config.RequestLoggingFilter        :   host: localhost:8890
2026-02-27T09:26:08.719+01:00  INFO 23160 --- [readyroad-secure] [nio-8890-exec-8] c.r.r.config.RequestLoggingFilter        :   connection: keep-alive
2026-02-27T09:26:08.719+01:00  INFO 23160 --- [readyroad-secure] [nio-8890-exec-8] c.r.r.config.RequestLoggingFilter        :   Accept: application/json
2026-02-27T09:26:08.720+01:00  INFO 23160 --- [readyroad-secure] [nio-8890-exec-8] c.r.r.config.RequestLoggingFilter        :   Authorization: Bearer [TOKEN_HIDDEN]
2026-02-27T09:26:08.720+01:00  INFO 23160 --- [readyroad-secure] [nio-8890-exec-8] c.r.r.config.RequestLoggingFilter        :   accept-language: *
2026-02-27T09:26:08.720+01:00  INFO 23160 --- [readyroad-secure] [nio-8890-exec-8] c.r.r.config.RequestLoggingFilter        :   sec-fetch-mode: cors
2026-02-27T09:26:08.721+01:00  INFO 23160 --- [readyroad-secure] [nio-8890-exec-8] c.r.r.config.RequestLoggingFilter        :   user-agent: node
2026-02-27T09:26:08.721+01:00  INFO 23160 --- [readyroad-secure] [nio-8890-exec-8] c.r.r.config.RequestLoggingFilter        :   pragma: no-cache
2026-02-27T09:26:08.722+01:00  INFO 23160 --- [readyroad-secure] [nio-8890-exec-8] c.r.r.config.RequestLoggingFilter        :   cache-control: no-cache
2026-02-27T09:26:08.722+01:00  INFO 23160 --- [readyroad-secure] [nio-8890-exec-8] c.r.r.config.RequestLoggingFilter        :   accept-encoding: gzip, deflate
2026-02-27T09:26:08.722+01:00  INFO 23160 --- [readyroad-secure] [nio-8890-exec-8] c.r.r.config.RequestLoggingFilter        : ════════════════════════════════════════
2026-02-27T09:26:08.726+01:00 DEBUG 23160 --- [readyroad-secure] [nio-8890-exec-8] org.hibernate.SQL                        : select count(qq1_0.id) from quiz_questions qq1_0 where qq1_0.category_id=? and qq1_0.is_active=true and qq1_0.status=?
2026-02-27T09:26:08.746+01:00 DEBUG 23160 --- [readyroad-secure] [nio-8890-exec-1] org.hibernate.SQL                        : select u1_0.id,u1_0.created_at,u1_0.email,u1_0.full_name,u1_0.is_active,u1_0.is_locked,u1_0.password_hash,u1_0.role,u1_0.updated_at,u1_0.username from users u1_0 where u1_0.username=?
2026-02-27T09:26:08.754+01:00  INFO 23160 --- [readyroad-secure] [nio-8890-exec-1] c.r.r.config.RequestLoggingFilter        : ════════════════════════════════════════
2026-02-27T09:26:08.756+01:00  INFO 23160 --- [readyroad-secure] [nio-8890-exec-1] c.r.r.config.RequestLoggingFilter        : 🌐 INCOMING REQUEST
2026-02-27T09:26:08.757+01:00  INFO 23160 --- [readyroad-secure] [nio-8890-exec-1] c.r.r.config.RequestLoggingFilter        : ════════════════════════════════════════
2026-02-27T09:26:08.757+01:00  INFO 23160 --- [readyroad-secure] [nio-8890-exec-1] c.r.r.config.RequestLoggingFilter        : Method: GET
2026-02-27T09:26:08.757+01:00  INFO 23160 --- [readyroad-secure] [nio-8890-exec-1] c.r.r.config.RequestLoggingFilter        : URI: /api/quiz/stats/category/4
2026-02-27T09:26:08.758+01:00  INFO 23160 --- [readyroad-secure] [nio-8890-exec-1] c.r.r.config.RequestLoggingFilter        : Remote Address: 0:0:0:0:0:0:0:1
2026-02-27T09:26:08.759+01:00  INFO 23160 --- [readyroad-secure] [nio-8890-exec-1] c.r.r.config.RequestLoggingFilter        : ----------------------------------------
2026-02-27T09:26:08.759+01:00  INFO 23160 --- [readyroad-secure] [nio-8890-exec-1] c.r.r.config.RequestLoggingFilter        : 📋 Request Headers:
2026-02-27T09:26:08.759+01:00  INFO 23160 --- [readyroad-secure] [nio-8890-exec-1] c.r.r.config.RequestLoggingFilter        :   host: localhost:8890
2026-02-27T09:26:08.759+01:00  INFO 23160 --- [readyroad-secure] [nio-8890-exec-1] c.r.r.config.RequestLoggingFilter        :   connection: keep-alive
2026-02-27T09:26:08.760+01:00  INFO 23160 --- [readyroad-secure] [nio-8890-exec-1] c.r.r.config.RequestLoggingFilter        :   Accept: application/json
2026-02-27T09:26:08.760+01:00  INFO 23160 --- [readyroad-secure] [nio-8890-exec-1] c.r.r.config.RequestLoggingFilter        :   Authorization: Bearer [TOKEN_HIDDEN]
2026-02-27T09:26:08.761+01:00  INFO 23160 --- [readyroad-secure] [nio-8890-exec-1] c.r.r.config.RequestLoggingFilter        :   accept-language: *
2026-02-27T09:26:08.761+01:00  INFO 23160 --- [readyroad-secure] [nio-8890-exec-1] c.r.r.config.RequestLoggingFilter        :   sec-fetch-mode: cors
2026-02-27T09:26:08.761+01:00  INFO 23160 --- [readyroad-secure] [nio-8890-exec-1] c.r.r.config.RequestLoggingFilter        :   user-agent: node
2026-02-27T09:26:08.762+01:00  INFO 23160 --- [readyroad-secure] [nio-8890-exec-1] c.r.r.config.RequestLoggingFilter        :   pragma: no-cache
2026-02-27T09:26:08.762+01:00  INFO 23160 --- [readyroad-secure] [nio-8890-exec-1] c.r.r.config.RequestLoggingFilter        :   cache-control: no-cache
2026-02-27T09:26:08.763+01:00  INFO 23160 --- [readyroad-secure] [nio-8890-exec-1] c.r.r.config.RequestLoggingFilter        :   accept-encoding: gzip, deflate
2026-02-27T09:26:08.764+01:00  INFO 23160 --- [readyroad-secure] [nio-8890-exec-1] c.r.r.config.RequestLoggingFilter        : ════════════════════════════════════════
2026-02-27T09:26:08.767+01:00 DEBUG 23160 --- [readyroad-secure] [nio-8890-exec-1] org.hibernate.SQL                        : select count(qq1_0.id) from quiz_questions qq1_0 where qq1_0.category_id=? and qq1_0.is_active=true and qq1_0.status=?
2026-02-27T09:26:08.971+01:00 DEBUG 23160 --- [readyroad-secure] [nio-8890-exec-5] org.hibernate.SQL                        : select u1_0.id,u1_0.created_at,u1_0.email,u1_0.full_name,u1_0.is_active,u1_0.is_locked,u1_0.password_hash,u1_0.role,u1_0.updated_at,u1_0.username from users u1_0 where u1_0.username=?
2026-02-27T09:26:08.971+01:00 DEBUG 23160 --- [readyroad-secure] [nio-8890-exec-2] org.hibernate.SQL                        : select u1_0.id,u1_0.created_at,u1_0.email,u1_0.full_name,u1_0.is_active,u1_0.is_locked,u1_0.password_hash,u1_0.role,u1_0.updated_at,u1_0.username from users u1_0 where u1_0.username=?
2026-02-27T09:26:08.980+01:00  INFO 23160 --- [readyroad-secure] [nio-8890-exec-5] c.r.r.config.RequestLoggingFilter        : ════════════════════════════════════════
2026-02-27T09:26:08.980+01:00  INFO 23160 --- [readyroad-secure] [nio-8890-exec-2] c.r.r.config.RequestLoggingFilter        : ════════════════════════════════════════
2026-02-27T09:26:08.981+01:00  INFO 23160 --- [readyroad-secure] [nio-8890-exec-2] c.r.r.config.RequestLoggingFilter        : 🌐 INCOMING REQUEST
2026-02-27T09:26:08.980+01:00 DEBUG 23160 --- [readyroad-secure] [nio-8890-exec-9] org.hibernate.SQL                        : select u1_0.id,u1_0.created_at,u1_0.email,u1_0.full_name,u1_0.is_active,u1_0.is_locked,u1_0.password_hash,u1_0.role,u1_0.updated_at,u1_0.username from users u1_0 where u1_0.username=?
2026-02-27T09:26:08.980+01:00  INFO 23160 --- [readyroad-secure] [nio-8890-exec-5] c.r.r.config.RequestLoggingFilter        : 🌐 INCOMING REQUEST
2026-02-27T09:26:08.981+01:00  INFO 23160 --- [readyroad-secure] [nio-8890-exec-2] c.r.r.config.RequestLoggingFilter        : ════════════════════════════════════════
2026-02-27T09:26:08.981+01:00  INFO 23160 --- [readyroad-secure] [nio-8890-exec-5] c.r.r.config.RequestLoggingFilter        : ════════════════════════════════════════
2026-02-27T09:26:08.982+01:00  INFO 23160 --- [readyroad-secure] [nio-8890-exec-2] c.r.r.config.RequestLoggingFilter        : Method: GET
2026-02-27T09:26:08.982+01:00  INFO 23160 --- [readyroad-secure] [nio-8890-exec-5] c.r.r.config.RequestLoggingFilter        : Method: GET
2026-02-27T09:26:08.983+01:00  INFO 23160 --- [readyroad-secure] [nio-8890-exec-2] c.r.r.config.RequestLoggingFilter        : URI: /api/quiz/stats/category/8
2026-02-27T09:26:08.983+01:00  INFO 23160 --- [readyroad-secure] [nio-8890-exec-5] c.r.r.config.RequestLoggingFilter        : URI: /api/quiz/stats/category/7
2026-02-27T09:26:08.983+01:00  INFO 23160 --- [readyroad-secure] [nio-8890-exec-2] c.r.r.config.RequestLoggingFilter        : Remote Address: 0:0:0:0:0:0:0:1
2026-02-27T09:26:08.984+01:00  INFO 23160 --- [readyroad-secure] [nio-8890-exec-5] c.r.r.config.RequestLoggingFilter        : Remote Address: 0:0:0:0:0:0:0:1
2026-02-27T09:26:08.984+01:00  INFO 23160 --- [readyroad-secure] [nio-8890-exec-2] c.r.r.config.RequestLoggingFilter        : ----------------------------------------
2026-02-27T09:26:08.984+01:00  INFO 23160 --- [readyroad-secure] [nio-8890-exec-5] c.r.r.config.RequestLoggingFilter        : ----------------------------------------
2026-02-27T09:26:08.985+01:00  INFO 23160 --- [readyroad-secure] [nio-8890-exec-2] c.r.r.config.RequestLoggingFilter        : 📋 Request Headers:
2026-02-27T09:26:08.985+01:00  INFO 23160 --- [readyroad-secure] [nio-8890-exec-5] c.r.r.config.RequestLoggingFilter        : 📋 Request Headers:
2026-02-27T09:26:08.985+01:00  INFO 23160 --- [readyroad-secure] [nio-8890-exec-2] c.r.r.config.RequestLoggingFilter        :   host: localhost:8890
2026-02-27T09:26:08.986+01:00  INFO 23160 --- [readyroad-secure] [nio-8890-exec-5] c.r.r.config.RequestLoggingFilter        :   host: localhost:8890
2026-02-27T09:26:08.986+01:00  INFO 23160 --- [readyroad-secure] [nio-8890-exec-2] c.r.r.config.RequestLoggingFilter        :   connection: keep-alive
2026-02-27T09:26:08.986+01:00  INFO 23160 --- [readyroad-secure] [nio-8890-exec-5] c.r.r.config.RequestLoggingFilter        :   connection: keep-alive
2026-02-27T09:26:08.987+01:00  INFO 23160 --- [readyroad-secure] [nio-8890-exec-2] c.r.r.config.RequestLoggingFilter        :   Accept: application/json
2026-02-27T09:26:08.987+01:00  INFO 23160 --- [readyroad-secure] [nio-8890-exec-5] c.r.r.config.RequestLoggingFilter        :   Accept: application/json
2026-02-27T09:26:08.987+01:00  INFO 23160 --- [readyroad-secure] [nio-8890-exec-2] c.r.r.config.RequestLoggingFilter        :   Authorization: Bearer [TOKEN_HIDDEN]
2026-02-27T09:26:08.988+01:00  INFO 23160 --- [readyroad-secure] [nio-8890-exec-5] c.r.r.config.RequestLoggingFilter        :   Authorization: Bearer [TOKEN_HIDDEN]
2026-02-27T09:26:08.988+01:00  INFO 23160 --- [readyroad-secure] [nio-8890-exec-2] c.r.r.config.RequestLoggingFilter        :   accept-language: *
2026-02-27T09:26:08.988+01:00  INFO 23160 --- [readyroad-secure] [nio-8890-exec-5] c.r.r.config.RequestLoggingFilter        :   accept-language: *
2026-02-27T09:26:08.989+01:00  INFO 23160 --- [readyroad-secure] [nio-8890-exec-9] c.r.r.config.RequestLoggingFilter        : ════════════════════════════════════════
2026-02-27T09:26:08.989+01:00  INFO 23160 --- [readyroad-secure] [nio-8890-exec-2] c.r.r.config.RequestLoggingFilter        :   sec-fetch-mode: cors
2026-02-27T09:26:08.989+01:00  INFO 23160 --- [readyroad-secure] [nio-8890-exec-5] c.r.r.config.RequestLoggingFilter        :   sec-fetch-mode: cors
2026-02-27T09:26:08.990+01:00  INFO 23160 --- [readyroad-secure] [nio-8890-exec-9] c.r.r.config.RequestLoggingFilter        : 🌐 INCOMING REQUEST
2026-02-27T09:26:08.990+01:00  INFO 23160 --- [readyroad-secure] [nio-8890-exec-2] c.r.r.config.RequestLoggingFilter        :   user-agent: node
2026-02-27T09:26:08.991+01:00  INFO 23160 --- [readyroad-secure] [nio-8890-exec-5] c.r.r.config.RequestLoggingFilter        :   user-agent: node
2026-02-27T09:26:08.991+01:00  INFO 23160 --- [readyroad-secure] [nio-8890-exec-9] c.r.r.config.RequestLoggingFilter        : ════════════════════════════════════════
2026-02-27T09:26:08.991+01:00  INFO 23160 --- [readyroad-secure] [nio-8890-exec-2] c.r.r.config.RequestLoggingFilter        :   pragma: no-cache
2026-02-27T09:26:08.992+01:00  INFO 23160 --- [readyroad-secure] [nio-8890-exec-5] c.r.r.config.RequestLoggingFilter        :   pragma: no-cache
2026-02-27T09:26:08.992+01:00  INFO 23160 --- [readyroad-secure] [nio-8890-exec-9] c.r.r.config.RequestLoggingFilter        : Method: GET
2026-02-27T09:26:08.992+01:00  INFO 23160 --- [readyroad-secure] [nio-8890-exec-2] c.r.r.config.RequestLoggingFilter        :   cache-control: no-cache
2026-02-27T09:26:08.993+01:00  INFO 23160 --- [readyroad-secure] [nio-8890-exec-5] c.r.r.config.RequestLoggingFilter        :   cache-control: no-cache
2026-02-27T09:26:08.993+01:00  INFO 23160 --- [readyroad-secure] [nio-8890-exec-9] c.r.r.config.RequestLoggingFilter        : URI: /api/quiz/stats/category/9
2026-02-27T09:26:08.993+01:00  INFO 23160 --- [readyroad-secure] [nio-8890-exec-2] c.r.r.config.RequestLoggingFilter        :   accept-encoding: gzip, deflate
2026-02-27T09:26:08.994+01:00  INFO 23160 --- [readyroad-secure] [nio-8890-exec-5] c.r.r.config.RequestLoggingFilter        :   accept-encoding: gzip, deflate
2026-02-27T09:26:08.994+01:00  INFO 23160 --- [readyroad-secure] [nio-8890-exec-9] c.r.r.config.RequestLoggingFilter        : Remote Address: 0:0:0:0:0:0:0:1
2026-02-27T09:26:08.994+01:00  INFO 23160 --- [readyroad-secure] [nio-8890-exec-2] c.r.r.config.RequestLoggingFilter        : ════════════════════════════════════════
2026-02-27T09:26:08.995+01:00  INFO 23160 --- [readyroad-secure] [nio-8890-exec-5] c.r.r.config.RequestLoggingFilter        : ════════════════════════════════════════
2026-02-27T09:26:08.995+01:00  INFO 23160 --- [readyroad-secure] [nio-8890-exec-9] c.r.r.config.RequestLoggingFilter        : ----------------------------------------
2026-02-27T09:26:08.996+01:00  INFO 23160 --- [readyroad-secure] [nio-8890-exec-9] c.r.r.config.RequestLoggingFilter        : 📋 Request Headers:
2026-02-27T09:26:08.997+01:00  INFO 23160 --- [readyroad-secure] [nio-8890-exec-9] c.r.r.config.RequestLoggingFilter        :   host: localhost:8890
2026-02-27T09:26:08.997+01:00  INFO 23160 --- [readyroad-secure] [nio-8890-exec-9] c.r.r.config.RequestLoggingFilter        :   connection: keep-alive
2026-02-27T09:26:08.997+01:00  INFO 23160 --- [readyroad-secure] [nio-8890-exec-9] c.r.r.config.RequestLoggingFilter        :   Accept: application/json
2026-02-27T09:26:08.998+01:00  INFO 23160 --- [readyroad-secure] [nio-8890-exec-9] c.r.r.config.RequestLoggingFilter        :   Authorization: Bearer [TOKEN_HIDDEN]
2026-02-27T09:26:08.998+01:00  INFO 23160 --- [readyroad-secure] [nio-8890-exec-9] c.r.r.config.RequestLoggingFilter        :   accept-language: *
2026-02-27T09:26:08.999+01:00  INFO 23160 --- [readyroad-secure] [nio-8890-exec-9] c.r.r.config.RequestLoggingFilter        :   sec-fetch-mode: cors
2026-02-27T09:26:08.999+01:00  INFO 23160 --- [readyroad-secure] [nio-8890-exec-9] c.r.r.config.RequestLoggingFilter        :   user-agent: node
2026-02-27T09:26:08.999+01:00 DEBUG 23160 --- [readyroad-secure] [nio-8890-exec-2] org.hibernate.SQL                        : select count(qq1_0.id) from quiz_questions qq1_0 where qq1_0.category_id=? and qq1_0.is_active=true and qq1_0.status=?
2026-02-27T09:26:08.999+01:00 DEBUG 23160 --- [readyroad-secure] [nio-8890-exec-5] org.hibernate.SQL                        : select count(qq1_0.id) from quiz_questions qq1_0 where qq1_0.category_id=? and qq1_0.is_active=true and qq1_0.status=?
2026-02-27T09:26:08.999+01:00  INFO 23160 --- [readyroad-secure] [nio-8890-exec-9] c.r.r.config.RequestLoggingFilter        :   pragma: no-cache
2026-02-27T09:26:09.000+01:00  INFO 23160 --- [readyroad-secure] [nio-8890-exec-9] c.r.r.config.RequestLoggingFilter        :   cache-control: no-cache
2026-02-27T09:26:09.001+01:00  INFO 23160 --- [readyroad-secure] [nio-8890-exec-9] c.r.r.config.RequestLoggingFilter        :   accept-encoding: gzip, deflate
2026-02-27T09:26:09.001+01:00  INFO 23160 --- [readyroad-secure] [nio-8890-exec-9] c.r.r.config.RequestLoggingFilter        : ════════════════════════════════════════
2026-02-27T09:26:09.006+01:00 DEBUG 23160 --- [readyroad-secure] [nio-8890-exec-9] org.hibernate.SQL                        : select count(qq1_0.id) from quiz_questions qq1_0 where qq1_0.category_id=? and qq1_0.is_active=true and qq1_0.status=?
2026-02-27T09:26:09.064+01:00 DEBUG 23160 --- [readyroad-secure] [nio-8890-exec-3] org.hibernate.SQL                        : select u1_0.id,u1_0.created_at,u1_0.email,u1_0.full_name,u1_0.is_active,u1_0.is_locked,u1_0.password_hash,u1_0.role,u1_0.updated_at,u1_0.username from users u1_0 where u1_0.username=?
2026-02-27T09:26:09.069+01:00  INFO 23160 --- [readyroad-secure] [nio-8890-exec-3] c.r.r.config.RequestLoggingFilter        : ════════════════════════════════════════
2026-02-27T09:26:09.071+01:00  INFO 23160 --- [readyroad-secure] [nio-8890-exec-3] c.r.r.config.RequestLoggingFilter        : 🌐 INCOMING REQUEST
2026-02-27T09:26:09.072+01:00  INFO 23160 --- [readyroad-secure] [nio-8890-exec-3] c.r.r.config.RequestLoggingFilter        : ════════════════════════════════════════
2026-02-27T09:26:09.072+01:00  INFO 23160 --- [readyroad-secure] [nio-8890-exec-3] c.r.r.config.RequestLoggingFilter        : Method: GET
2026-02-27T09:26:09.072+01:00  INFO 23160 --- [readyroad-secure] [nio-8890-exec-3] c.r.r.config.RequestLoggingFilter        : URI: /api/quiz/stats/category/17
2026-02-27T09:26:09.072+01:00  INFO 23160 --- [readyroad-secure] [nio-8890-exec-3] c.r.r.config.RequestLoggingFilter        : Remote Address: 0:0:0:0:0:0:0:1
2026-02-27T09:26:09.073+01:00  INFO 23160 --- [readyroad-secure] [nio-8890-exec-3] c.r.r.config.RequestLoggingFilter        : ----------------------------------------
2026-02-27T09:26:09.074+01:00  INFO 23160 --- [readyroad-secure] [nio-8890-exec-3] c.r.r.config.RequestLoggingFilter        : 📋 Request Headers:
2026-02-27T09:26:09.074+01:00  INFO 23160 --- [readyroad-secure] [nio-8890-exec-3] c.r.r.config.RequestLoggingFilter        :   host: localhost:8890
2026-02-27T09:26:09.075+01:00  INFO 23160 --- [readyroad-secure] [nio-8890-exec-3] c.r.r.config.RequestLoggingFilter        :   connection: keep-alive
2026-02-27T09:26:09.075+01:00  INFO 23160 --- [readyroad-secure] [nio-8890-exec-3] c.r.r.config.RequestLoggingFilter        :   Accept: application/json
2026-02-27T09:26:09.075+01:00  INFO 23160 --- [readyroad-secure] [nio-8890-exec-3] c.r.r.config.RequestLoggingFilter        :   Authorization: Bearer [TOKEN_HIDDEN]
2026-02-27T09:26:09.076+01:00  INFO 23160 --- [readyroad-secure] [nio-8890-exec-3] c.r.r.config.RequestLoggingFilter        :   accept-language: *
2026-02-27T09:26:09.076+01:00  INFO 23160 --- [readyroad-secure] [nio-8890-exec-3] c.r.r.config.RequestLoggingFilter        :   sec-fetch-mode: cors
2026-02-27T09:26:09.077+01:00  INFO 23160 --- [readyroad-secure] [nio-8890-exec-3] c.r.r.config.RequestLoggingFilter        :   user-agent: node
2026-02-27T09:26:09.077+01:00  INFO 23160 --- [readyroad-secure] [nio-8890-exec-3] c.r.r.config.RequestLoggingFilter        :   pragma: no-cache
2026-02-27T09:26:09.077+01:00  INFO 23160 --- [readyroad-secure] [nio-8890-exec-3] c.r.r.config.RequestLoggingFilter        :   cache-control: no-cache
2026-02-27T09:26:09.078+01:00  INFO 23160 --- [readyroad-secure] [nio-8890-exec-3] c.r.r.config.RequestLoggingFilter        :   accept-encoding: gzip, deflate
2026-02-27T09:26:09.078+01:00  INFO 23160 --- [readyroad-secure] [nio-8890-exec-3] c.r.r.config.RequestLoggingFilter        : ════════════════════════════════════════
2026-02-27T09:26:09.082+01:00 DEBUG 23160 --- [readyroad-secure] [nio-8890-exec-3] org.hibernate.SQL                        : select count(qq1_0.id) from quiz_questions qq1_0 where qq1_0.category_id=? and qq1_0.is_active=true and qq1_0.status=?
2026-02-27T09:26:12.370+01:00 DEBUG 23160 --- [readyroad-secure] [nio-8890-exec-7] org.hibernate.SQL                        : select u1_0.id,u1_0.created_at,u1_0.email,u1_0.full_name,u1_0.is_active,u1_0.is_locked,u1_0.password_hash,u1_0.role,u1_0.updated_at,u1_0.username from users u1_0 where u1_0.username=?
2026-02-27T09:26:12.380+01:00  INFO 23160 --- [readyroad-secure] [nio-8890-exec-7] c.r.r.config.RequestLoggingFilter        : ════════════════════════════════════════
2026-02-27T09:26:12.381+01:00  INFO 23160 --- [readyroad-secure] [nio-8890-exec-7] c.r.r.config.RequestLoggingFilter        : 🌐 INCOMING REQUEST
2026-02-27T09:26:12.381+01:00  INFO 23160 --- [readyroad-secure] [nio-8890-exec-7] c.r.r.config.RequestLoggingFilter        : ════════════════════════════════════════
2026-02-27T09:26:12.382+01:00  INFO 23160 --- [readyroad-secure] [nio-8890-exec-7] c.r.r.config.RequestLoggingFilter        : Method: GET
2026-02-27T09:26:12.382+01:00  INFO 23160 --- [readyroad-secure] [nio-8890-exec-7] c.r.r.config.RequestLoggingFilter        : URI: /api/categories/A
2026-02-27T09:26:12.383+01:00  INFO 23160 --- [readyroad-secure] [nio-8890-exec-7] c.r.r.config.RequestLoggingFilter        : Remote Address: 0:0:0:0:0:0:0:1
2026-02-27T09:26:12.383+01:00  INFO 23160 --- [readyroad-secure] [nio-8890-exec-7] c.r.r.config.RequestLoggingFilter        : ----------------------------------------
2026-02-27T09:26:12.384+01:00  INFO 23160 --- [readyroad-secure] [nio-8890-exec-7] c.r.r.config.RequestLoggingFilter        : 📋 Request Headers:
2026-02-27T09:26:12.384+01:00  INFO 23160 --- [readyroad-secure] [nio-8890-exec-7] c.r.r.config.RequestLoggingFilter        :   host: localhost:8890
2026-02-27T09:26:12.384+01:00  INFO 23160 --- [readyroad-secure] [nio-8890-exec-7] c.r.r.config.RequestLoggingFilter        :   connection: keep-alive
2026-02-27T09:26:12.385+01:00  INFO 23160 --- [readyroad-secure] [nio-8890-exec-7] c.r.r.config.RequestLoggingFilter        :   Accept: application/json
2026-02-27T09:26:12.385+01:00  INFO 23160 --- [readyroad-secure] [nio-8890-exec-7] c.r.r.config.RequestLoggingFilter        :   Authorization: Bearer [TOKEN_HIDDEN]
2026-02-27T09:26:12.385+01:00  INFO 23160 --- [readyroad-secure] [nio-8890-exec-7] c.r.r.config.RequestLoggingFilter        :   accept-language: *
2026-02-27T09:26:12.385+01:00  INFO 23160 --- [readyroad-secure] [nio-8890-exec-7] c.r.r.config.RequestLoggingFilter        :   sec-fetch-mode: cors
2026-02-27T09:26:12.386+01:00  INFO 23160 --- [readyroad-secure] [nio-8890-exec-7] c.r.r.config.RequestLoggingFilter        :   user-agent: node
2026-02-27T09:26:12.386+01:00  INFO 23160 --- [readyroad-secure] [nio-8890-exec-7] c.r.r.config.RequestLoggingFilter        :   pragma: no-cache
2026-02-27T09:26:12.387+01:00  INFO 23160 --- [readyroad-secure] [nio-8890-exec-7] c.r.r.config.RequestLoggingFilter        :   cache-control: no-cache
2026-02-27T09:26:12.387+01:00  INFO 23160 --- [readyroad-secure] [nio-8890-exec-7] c.r.r.config.RequestLoggingFilter        :   accept-encoding: gzip, deflate
2026-02-27T09:26:12.387+01:00  INFO 23160 --- [readyroad-secure] [nio-8890-exec-7] c.r.r.config.RequestLoggingFilter        : ════════════════════════════════════════
2026-02-27T09:26:12.424+01:00 DEBUG 23160 --- [readyroad-secure] [nio-8890-exec-7] org.hibernate.SQL                        : select c1_0.id,c1_0.code,c1_0.created_at,c1_0.description_ar,c1_0.description_en,c1_0.description_fr,c1_0.description_nl,c1_0.display_order,c1_0.is_active,c1_0.name_ar,c1_0.name_en,c1_0.name_fr,c1_0.name_nl,c1_0.updated_at from categories c1_0 where c1_0.code=?
2026-02-27T09:26:12.669+01:00 DEBUG 23160 --- [readyroad-secure] [io-8890-exec-10] org.hibernate.SQL                        : select u1_0.id,u1_0.created_at,u1_0.email,u1_0.full_name,u1_0.is_active,u1_0.is_locked,u1_0.password_hash,u1_0.role,u1_0.updated_at,u1_0.username from users u1_0 where u1_0.username=?
2026-02-27T09:26:12.674+01:00  INFO 23160 --- [readyroad-secure] [io-8890-exec-10] c.r.r.config.RequestLoggingFilter        : ════════════════════════════════════════
2026-02-27T09:26:12.676+01:00  INFO 23160 --- [readyroad-secure] [io-8890-exec-10] c.r.r.config.RequestLoggingFilter        : 🌐 INCOMING REQUEST
2026-02-27T09:26:12.676+01:00  INFO 23160 --- [readyroad-secure] [io-8890-exec-10] c.r.r.config.RequestLoggingFilter        : ════════════════════════════════════════
2026-02-27T09:26:12.676+01:00  INFO 23160 --- [readyroad-secure] [io-8890-exec-10] c.r.r.config.RequestLoggingFilter        : Method: GET
2026-02-27T09:26:12.677+01:00  INFO 23160 --- [readyroad-secure] [io-8890-exec-10] c.r.r.config.RequestLoggingFilter        : URI: /api/categories/A
2026-02-27T09:26:12.677+01:00  INFO 23160 --- [readyroad-secure] [io-8890-exec-10] c.r.r.config.RequestLoggingFilter        : Remote Address: 0:0:0:0:0:0:0:1
2026-02-27T09:26:12.677+01:00  INFO 23160 --- [readyroad-secure] [io-8890-exec-10] c.r.r.config.RequestLoggingFilter        : ----------------------------------------
2026-02-27T09:26:12.678+01:00  INFO 23160 --- [readyroad-secure] [io-8890-exec-10] c.r.r.config.RequestLoggingFilter        : 📋 Request Headers:
2026-02-27T09:26:12.679+01:00  INFO 23160 --- [readyroad-secure] [io-8890-exec-10] c.r.r.config.RequestLoggingFilter        :   host: localhost:8890
2026-02-27T09:26:12.679+01:00  INFO 23160 --- [readyroad-secure] [io-8890-exec-10] c.r.r.config.RequestLoggingFilter        :   connection: keep-alive
2026-02-27T09:26:12.680+01:00  INFO 23160 --- [readyroad-secure] [io-8890-exec-10] c.r.r.config.RequestLoggingFilter        :   Accept: application/json
2026-02-27T09:26:12.680+01:00  INFO 23160 --- [readyroad-secure] [io-8890-exec-10] c.r.r.config.RequestLoggingFilter        :   Authorization: Bearer [TOKEN_HIDDEN]
2026-02-27T09:26:12.681+01:00  INFO 23160 --- [readyroad-secure] [io-8890-exec-10] c.r.r.config.RequestLoggingFilter        :   accept-language: *
2026-02-27T09:26:12.681+01:00  INFO 23160 --- [readyroad-secure] [io-8890-exec-10] c.r.r.config.RequestLoggingFilter        :   sec-fetch-mode: cors
2026-02-27T09:26:12.681+01:00  INFO 23160 --- [readyroad-secure] [io-8890-exec-10] c.r.r.config.RequestLoggingFilter        :   user-agent: node
2026-02-27T09:26:12.682+01:00  INFO 23160 --- [readyroad-secure] [io-8890-exec-10] c.r.r.config.RequestLoggingFilter        :   pragma: no-cache
2026-02-27T09:26:12.682+01:00  INFO 23160 --- [readyroad-secure] [io-8890-exec-10] c.r.r.config.RequestLoggingFilter        :   cache-control: no-cache
2026-02-27T09:26:12.682+01:00  INFO 23160 --- [readyroad-secure] [io-8890-exec-10] c.r.r.config.RequestLoggingFilter        :   accept-encoding: gzip, deflate
2026-02-27T09:26:12.683+01:00  INFO 23160 --- [readyroad-secure] [io-8890-exec-10] c.r.r.config.RequestLoggingFilter        : ════════════════════════════════════════
2026-02-27T09:26:12.686+01:00 DEBUG 23160 --- [readyroad-secure] [io-8890-exec-10] org.hibernate.SQL                        : select c1_0.id,c1_0.code,c1_0.created_at,c1_0.description_ar,c1_0.description_en,c1_0.description_fr,c1_0.description_nl,c1_0.display_order,c1_0.is_active,c1_0.name_ar,c1_0.name_en,c1_0.name_fr,c1_0.name_nl,c1_0.updated_at from categories c1_0 where c1_0.code=?
2026-02-27T09:26:12.749+01:00 DEBUG 23160 --- [readyroad-secure] [nio-8890-exec-6] org.hibernate.SQL                        : select u1_0.id,u1_0.created_at,u1_0.email,u1_0.full_name,u1_0.is_active,u1_0.is_locked,u1_0.password_hash,u1_0.role,u1_0.updated_at,u1_0.username from users u1_0 where u1_0.username=?
2026-02-27T09:26:12.754+01:00  INFO 23160 --- [readyroad-secure] [nio-8890-exec-6] c.r.r.config.RequestLoggingFilter        : ════════════════════════════════════════
2026-02-27T09:26:12.755+01:00  INFO 23160 --- [readyroad-secure] [nio-8890-exec-6] c.r.r.config.RequestLoggingFilter        : 🌐 INCOMING REQUEST
2026-02-27T09:26:12.755+01:00  INFO 23160 --- [readyroad-secure] [nio-8890-exec-6] c.r.r.config.RequestLoggingFilter        : ════════════════════════════════════════
2026-02-27T09:26:12.755+01:00  INFO 23160 --- [readyroad-secure] [nio-8890-exec-6] c.r.r.config.RequestLoggingFilter        : Method: GET
2026-02-27T09:26:12.756+01:00  INFO 23160 --- [readyroad-secure] [nio-8890-exec-6] c.r.r.config.RequestLoggingFilter        : URI: /api/smart-quiz/category/1
2026-02-27T09:26:12.756+01:00  INFO 23160 --- [readyroad-secure] [nio-8890-exec-6] c.r.r.config.RequestLoggingFilter        : Query: count=20
2026-02-27T09:26:12.756+01:00  INFO 23160 --- [readyroad-secure] [nio-8890-exec-6] c.r.r.config.RequestLoggingFilter        : Remote Address: 0:0:0:0:0:0:0:1
2026-02-27T09:26:12.756+01:00  INFO 23160 --- [readyroad-secure] [nio-8890-exec-6] c.r.r.config.RequestLoggingFilter        : ----------------------------------------
2026-02-27T09:26:12.757+01:00  INFO 23160 --- [readyroad-secure] [nio-8890-exec-6] c.r.r.config.RequestLoggingFilter        : 📋 Request Headers:
2026-02-27T09:26:12.757+01:00  INFO 23160 --- [readyroad-secure] [nio-8890-exec-6] c.r.r.config.RequestLoggingFilter        :   host: localhost:8890
2026-02-27T09:26:12.757+01:00  INFO 23160 --- [readyroad-secure] [nio-8890-exec-6] c.r.r.config.RequestLoggingFilter        :   connection: keep-alive
2026-02-27T09:26:12.758+01:00  INFO 23160 --- [readyroad-secure] [nio-8890-exec-6] c.r.r.config.RequestLoggingFilter        :   Accept: application/json
2026-02-27T09:26:12.758+01:00  INFO 23160 --- [readyroad-secure] [nio-8890-exec-6] c.r.r.config.RequestLoggingFilter        :   Authorization: Bearer [TOKEN_HIDDEN]
2026-02-27T09:26:12.758+01:00  INFO 23160 --- [readyroad-secure] [nio-8890-exec-6] c.r.r.config.RequestLoggingFilter        :   accept-language: *
2026-02-27T09:26:12.758+01:00  INFO 23160 --- [readyroad-secure] [nio-8890-exec-6] c.r.r.config.RequestLoggingFilter        :   sec-fetch-mode: cors
2026-02-27T09:26:12.759+01:00  INFO 23160 --- [readyroad-secure] [nio-8890-exec-6] c.r.r.config.RequestLoggingFilter        :   user-agent: node
2026-02-27T09:26:12.759+01:00  INFO 23160 --- [readyroad-secure] [nio-8890-exec-6] c.r.r.config.RequestLoggingFilter        :   pragma: no-cache
2026-02-27T09:26:12.759+01:00  INFO 23160 --- [readyroad-secure] [nio-8890-exec-6] c.r.r.config.RequestLoggingFilter        :   cache-control: no-cache
2026-02-27T09:26:12.760+01:00  INFO 23160 --- [readyroad-secure] [nio-8890-exec-6] c.r.r.config.RequestLoggingFilter        :   accept-encoding: gzip, deflate
2026-02-27T09:26:12.760+01:00  INFO 23160 --- [readyroad-secure] [nio-8890-exec-6] c.r.r.config.RequestLoggingFilter        : ════════════════════════════════════════
2026-02-27T09:26:12.768+01:00  INFO 23160 --- [readyroad-secure] [nio-8890-exec-6] c.r.r.controller.SmartQuizController     : Smart quiz request (authenticated): userId=2, categoryId=1, count=20
2026-02-27T09:26:12.770+01:00  INFO 23160 --- [readyroad-secure] [nio-8890-exec-6] c.r.r.service.SmartQuizService           : Generating smart quiz: userId=2, count=20, categoryId=1
2026-02-27T09:26:12.781+01:00 DEBUG 23160 --- [readyroad-secure] [nio-8890-exec-6] org.hibernate.SQL                        : select distinct uqh1_0.question_id from user_question_history uqh1_0 where uqh1_0.user_id=? and uqh1_0.last_shown_at>=?
2026-02-27T09:26:12.865+01:00  WARN 23160 --- [readyroad-secure] [nio-8890-exec-6] org.hibernate.orm.query                  : HHH90003004: firstResult/maxResults specified with collection fetch; applying in memory
2026-02-27T09:26:12.886+01:00 DEBUG 23160 --- [readyroad-secure] [nio-8890-exec-6] org.hibernate.SQL                        : select distinct qq1_0.id,c1_0.id,c1_0.code,c1_0.created_at,c1_0.description_ar,c1_0.description_en,c1_0.description_fr,c1_0.description_nl,c1_0.display_order,c1_0.is_active,c1_0.name_ar,c1_0.name_en,c1_0.name_fr,c1_0.name_nl,c1_0.updated_at,qq1_0.content_image_url,qq1_0.context_specific,qq1_0.created_at,qq1_0.difficulty_level,qq1_0.error_explanation_ar,qq1_0.error_explanation_en,qq1_0.error_explanation_fr,qq1_0.error_explanation_nl,qq1_0.explanation_ar,qq1_0.explanation_en,qq1_0.explanation_fr,qq1_0.explanation_nl,qq1_0.is_active,o1_0.question_id,o1_0.id,o1_0.created_at,o1_0.display_order,o1_0.is_correct,o1_0.option_text_ar,o1_0.option_text_en,o1_0.option_text_fr,o1_0.option_text_nl,qq1_0.published_at,qq1_0.question_ar,qq1_0.question_en,qq1_0.question_fr,qq1_0.question_nl,qq1_0.question_type,qq1_0.requires_sign_image,qq1_0.status,ts1_0.id,ts1_0.category_id,ts1_0.created_at,ts1_0.description_ar,ts1_0.description_en,ts1_0.description_fr,ts1_0.description_nl,ts1_0.image_url,ts1_0.is_active,ts1_0.long_description_ar,ts1_0.long_description_en,ts1_0.long_description_fr,ts1_0.long_description_nl,ts1_0.name_ar,ts1_0.name_en,ts1_0.name_fr,ts1_0.name_nl,ts1_0.sign_code,ts1_0.updated_at,qq1_0.typical_error_type,qq1_0.updated_at from quiz_questions qq1_0 left join categories c1_0 on c1_0.id=qq1_0.category_id left join quiz_answer_options o1_0 on qq1_0.id=o1_0.question_id left join traffic_signs ts1_0 on ts1_0.id=qq1_0.traffic_sign_id where qq1_0.category_id=? and qq1_0.is_active=true and qq1_0.status='PUBLISHED'
2026-02-27T09:26:13.018+01:00  INFO 23160 --- [readyroad-secure] [nio-8890-exec-6] c.r.r.service.SmartQuizService           : Found 0 fresh questions out of 27 candidates
2026-02-27T09:26:13.338+01:00 DEBUG 23160 --- [readyroad-secure] [nio-8890-exec-4] org.hibernate.SQL                        : select u1_0.id,u1_0.created_at,u1_0.email,u1_0.full_name,u1_0.is_active,u1_0.is_locked,u1_0.password_hash,u1_0.role,u1_0.updated_at,u1_0.username from users u1_0 where u1_0.username=?
2026-02-27T09:26:13.344+01:00  INFO 23160 --- [readyroad-secure] [nio-8890-exec-4] c.r.r.config.RequestLoggingFilter        : ════════════════════════════════════════
2026-02-27T09:26:13.345+01:00  INFO 23160 --- [readyroad-secure] [nio-8890-exec-4] c.r.r.config.RequestLoggingFilter        : 🌐 INCOMING REQUEST
2026-02-27T09:26:13.345+01:00  INFO 23160 --- [readyroad-secure] [nio-8890-exec-4] c.r.r.config.RequestLoggingFilter        : ════════════════════════════════════════
2026-02-27T09:26:13.346+01:00  INFO 23160 --- [readyroad-secure] [nio-8890-exec-4] c.r.r.config.RequestLoggingFilter        : Method: GET
2026-02-27T09:26:13.346+01:00  INFO 23160 --- [readyroad-secure] [nio-8890-exec-4] c.r.r.config.RequestLoggingFilter        : URI: /api/smart-quiz/category/1
2026-02-27T09:26:13.346+01:00  INFO 23160 --- [readyroad-secure] [nio-8890-exec-4] c.r.r.config.RequestLoggingFilter        : Query: count=20
2026-02-27T09:26:13.347+01:00  INFO 23160 --- [readyroad-secure] [nio-8890-exec-4] c.r.r.config.RequestLoggingFilter        : Remote Address: 0:0:0:0:0:0:0:1
2026-02-27T09:26:13.347+01:00  INFO 23160 --- [readyroad-secure] [nio-8890-exec-4] c.r.r.config.RequestLoggingFilter        : ----------------------------------------
2026-02-27T09:26:13.347+01:00  INFO 23160 --- [readyroad-secure] [nio-8890-exec-4] c.r.r.config.RequestLoggingFilter        : 📋 Request Headers:
2026-02-27T09:26:13.348+01:00  INFO 23160 --- [readyroad-secure] [nio-8890-exec-4] c.r.r.config.RequestLoggingFilter        :   host: localhost:8890
2026-02-27T09:26:13.348+01:00  INFO 23160 --- [readyroad-secure] [nio-8890-exec-4] c.r.r.config.RequestLoggingFilter        :   connection: keep-alive
2026-02-27T09:26:13.348+01:00  INFO 23160 --- [readyroad-secure] [nio-8890-exec-4] c.r.r.config.RequestLoggingFilter        :   Accept: application/json
2026-02-27T09:26:13.349+01:00  INFO 23160 --- [readyroad-secure] [nio-8890-exec-4] c.r.r.config.RequestLoggingFilter        :   Authorization: Bearer [TOKEN_HIDDEN]
2026-02-27T09:26:13.349+01:00  INFO 23160 --- [readyroad-secure] [nio-8890-exec-4] c.r.r.config.RequestLoggingFilter        :   accept-language: *
2026-02-27T09:26:13.350+01:00  INFO 23160 --- [readyroad-secure] [nio-8890-exec-4] c.r.r.config.RequestLoggingFilter        :   sec-fetch-mode: cors
2026-02-27T09:26:13.350+01:00  INFO 23160 --- [readyroad-secure] [nio-8890-exec-4] c.r.r.config.RequestLoggingFilter        :   user-agent: node
2026-02-27T09:26:13.350+01:00  INFO 23160 --- [readyroad-secure] [nio-8890-exec-4] c.r.r.config.RequestLoggingFilter        :   pragma: no-cache
2026-02-27T09:26:13.351+01:00  INFO 23160 --- [readyroad-secure] [nio-8890-exec-4] c.r.r.config.RequestLoggingFilter        :   cache-control: no-cache
2026-02-27T09:26:13.351+01:00  INFO 23160 --- [readyroad-secure] [nio-8890-exec-4] c.r.r.config.RequestLoggingFilter        :   accept-encoding: gzip, deflate
2026-02-27T09:26:13.351+01:00  INFO 23160 --- [readyroad-secure] [nio-8890-exec-4] c.r.r.config.RequestLoggingFilter        : ════════════════════════════════════════
2026-02-27T09:26:13.353+01:00  INFO 23160 --- [readyroad-secure] [nio-8890-exec-4] c.r.r.controller.SmartQuizController     : Smart quiz request (authenticated): userId=2, categoryId=1, count=20
2026-02-27T09:26:13.354+01:00  INFO 23160 --- [readyroad-secure] [nio-8890-exec-4] c.r.r.service.SmartQuizService           : Generating smart quiz: userId=2, count=20, categoryId=1
2026-02-27T09:26:13.355+01:00 DEBUG 23160 --- [readyroad-secure] [nio-8890-exec-4] org.hibernate.SQL                        : select distinct uqh1_0.question_id from user_question_history uqh1_0 where uqh1_0.user_id=? and uqh1_0.last_shown_at>=?
2026-02-27T09:26:13.363+01:00  WARN 23160 --- [readyroad-secure] [nio-8890-exec-4] org.hibernate.orm.query                  : HHH90003004: firstResult/maxResults specified with collection fetch; applying in memory
2026-02-27T09:26:13.369+01:00 DEBUG 23160 --- [readyroad-secure] [nio-8890-exec-4] org.hibernate.SQL                        : select distinct qq1_0.id,c1_0.id,c1_0.code,c1_0.created_at,c1_0.description_ar,c1_0.description_en,c1_0.description_fr,c1_0.description_nl,c1_0.display_order,c1_0.is_active,c1_0.name_ar,c1_0.name_en,c1_0.name_fr,c1_0.name_nl,c1_0.updated_at,qq1_0.content_image_url,qq1_0.context_specific,qq1_0.created_at,qq1_0.difficulty_level,qq1_0.error_explanation_ar,qq1_0.error_explanation_en,qq1_0.error_explanation_fr,qq1_0.error_explanation_nl,qq1_0.explanation_ar,qq1_0.explanation_en,qq1_0.explanation_fr,qq1_0.explanation_nl,qq1_0.is_active,o1_0.question_id,o1_0.id,o1_0.created_at,o1_0.display_order,o1_0.is_correct,o1_0.option_text_ar,o1_0.option_text_en,o1_0.option_text_fr,o1_0.option_text_nl,qq1_0.published_at,qq1_0.question_ar,qq1_0.question_en,qq1_0.question_fr,qq1_0.question_nl,qq1_0.question_type,qq1_0.requires_sign_image,qq1_0.status,ts1_0.id,ts1_0.category_id,ts1_0.created_at,ts1_0.description_ar,ts1_0.description_en,ts1_0.description_fr,ts1_0.description_nl,ts1_0.image_url,ts1_0.is_active,ts1_0.long_description_ar,ts1_0.long_description_en,ts1_0.long_description_fr,ts1_0.long_description_nl,ts1_0.name_ar,ts1_0.name_en,ts1_0.name_fr,ts1_0.name_nl,ts1_0.sign_code,ts1_0.updated_at,qq1_0.typical_error_type,qq1_0.updated_at from quiz_questions qq1_0 left join categories c1_0 on c1_0.id=qq1_0.category_id left join quiz_answer_options o1_0 on qq1_0.id=o1_0.question_id left join traffic_signs ts1_0 on ts1_0.id=qq1_0.traffic_sign_id where qq1_0.category_id=? and qq1_0.is_active=true and qq1_0.status='PUBLISHED'
2026-02-27T09:26:13.411+01:00  INFO 23160 --- [readyroad-secure] [nio-8890-exec-4] c.r.r.service.SmartQuizService           : Found 0 fresh questions out of 27 candidates
2026-02-27T09:26:17.941+01:00 DEBUG 23160 --- [readyroad-secure] [nio-8890-exec-8] org.hibernate.SQL                        : select u1_0.id,u1_0.created_at,u1_0.email,u1_0.full_name,u1_0.is_active,u1_0.is_locked,u1_0.password_hash,u1_0.role,u1_0.updated_at,u1_0.username from users u1_0 where u1_0.username=?
2026-02-27T09:26:17.953+01:00  INFO 23160 --- [readyroad-secure] [nio-8890-exec-8] c.r.r.config.RequestLoggingFilter        : ════════════════════════════════════════
2026-02-27T09:26:17.954+01:00  INFO 23160 --- [readyroad-secure] [nio-8890-exec-8] c.r.r.config.RequestLoggingFilter        : 🌐 INCOMING REQUEST
2026-02-27T09:26:17.954+01:00  INFO 23160 --- [readyroad-secure] [nio-8890-exec-8] c.r.r.config.RequestLoggingFilter        : ════════════════════════════════════════
2026-02-27T09:26:17.954+01:00  INFO 23160 --- [readyroad-secure] [nio-8890-exec-8] c.r.r.config.RequestLoggingFilter        : Method: GET
2026-02-27T09:26:17.955+01:00  INFO 23160 --- [readyroad-secure] [nio-8890-exec-8] c.r.r.config.RequestLoggingFilter        : URI: /api/categories
2026-02-27T09:26:17.956+01:00  INFO 23160 --- [readyroad-secure] [nio-8890-exec-8] c.r.r.config.RequestLoggingFilter        : Remote Address: 0:0:0:0:0:0:0:1
2026-02-27T09:26:17.956+01:00  INFO 23160 --- [readyroad-secure] [nio-8890-exec-8] c.r.r.config.RequestLoggingFilter        : ----------------------------------------
2026-02-27T09:26:17.956+01:00  INFO 23160 --- [readyroad-secure] [nio-8890-exec-8] c.r.r.config.RequestLoggingFilter        : 📋 Request Headers:
2026-02-27T09:26:17.957+01:00  INFO 23160 --- [readyroad-secure] [nio-8890-exec-8] c.r.r.config.RequestLoggingFilter        :   host: localhost:8890
2026-02-27T09:26:17.957+01:00  INFO 23160 --- [readyroad-secure] [nio-8890-exec-8] c.r.r.config.RequestLoggingFilter        :   connection: keep-alive
2026-02-27T09:26:17.957+01:00  INFO 23160 --- [readyroad-secure] [nio-8890-exec-8] c.r.r.config.RequestLoggingFilter        :   Accept: application/json
2026-02-27T09:26:17.957+01:00  INFO 23160 --- [readyroad-secure] [nio-8890-exec-8] c.r.r.config.RequestLoggingFilter        :   Authorization: Bearer [TOKEN_HIDDEN]
2026-02-27T09:26:17.958+01:00  INFO 23160 --- [readyroad-secure] [nio-8890-exec-8] c.r.r.config.RequestLoggingFilter        :   accept-language: *
2026-02-27T09:26:17.958+01:00  INFO 23160 --- [readyroad-secure] [nio-8890-exec-8] c.r.r.config.RequestLoggingFilter        :   sec-fetch-mode: cors
2026-02-27T09:26:17.958+01:00  INFO 23160 --- [readyroad-secure] [nio-8890-exec-8] c.r.r.config.RequestLoggingFilter        :   user-agent: node
2026-02-27T09:26:17.959+01:00  INFO 23160 --- [readyroad-secure] [nio-8890-exec-8] c.r.r.config.RequestLoggingFilter        :   pragma: no-cache
2026-02-27T09:26:17.959+01:00  INFO 23160 --- [readyroad-secure] [nio-8890-exec-8] c.r.r.config.RequestLoggingFilter        :   cache-control: no-cache
2026-02-27T09:26:17.959+01:00  INFO 23160 --- [readyroad-secure] [nio-8890-exec-8] c.r.r.config.RequestLoggingFilter        :   accept-encoding: gzip, deflate
2026-02-27T09:26:17.960+01:00  INFO 23160 --- [readyroad-secure] [nio-8890-exec-8] c.r.r.config.RequestLoggingFilter        : ════════════════════════════════════════
2026-02-27T09:26:17.965+01:00 DEBUG 23160 --- [readyroad-secure] [nio-8890-exec-8] org.hibernate.SQL                        : select c1_0.id,c1_0.code,c1_0.created_at,c1_0.description_ar,c1_0.description_en,c1_0.description_fr,c1_0.description_nl,c1_0.display_order,c1_0.is_active,c1_0.name_ar,c1_0.name_en,c1_0.name_fr,c1_0.name_nl,c1_0.updated_at from categories c1_0 where c1_0.is_active=true order by c1_0.display_order
2026-02-27T09:26:18.551+01:00 DEBUG 23160 --- [readyroad-secure] [nio-8890-exec-1] org.hibernate.SQL                        : select u1_0.id,u1_0.created_at,u1_0.email,u1_0.full_name,u1_0.is_active,u1_0.is_locked,u1_0.password_hash,u1_0.role,u1_0.updated_at,u1_0.username from users u1_0 where u1_0.username=?
2026-02-27T09:26:18.557+01:00 DEBUG 23160 --- [readyroad-secure] [nio-8890-exec-5] org.hibernate.SQL                        : select u1_0.id,u1_0.created_at,u1_0.email,u1_0.full_name,u1_0.is_active,u1_0.is_locked,u1_0.password_hash,u1_0.role,u1_0.updated_at,u1_0.username from users u1_0 where u1_0.username=?
2026-02-27T09:26:21.836+01:00  INFO 23160 --- [readyroad-secure] [nio-8890-exec-5] c.r.r.config.RequestLoggingFilter        : ════════════════════════════════════════
2026-02-27T09:26:21.838+01:00  INFO 23160 --- [readyroad-secure] [nio-8890-exec-5] c.r.r.config.RequestLoggingFilter        : 🌐 INCOMING REQUEST
2026-02-27T09:26:21.840+01:00  INFO 23160 --- [readyroad-secure] [nio-8890-exec-5] c.r.r.config.RequestLoggingFilter        : ════════════════════════════════════════
2026-02-27T09:26:21.841+01:00  INFO 23160 --- [readyroad-secure] [nio-8890-exec-5] c.r.r.config.RequestLoggingFilter        : Method: GET
2026-02-27T09:26:21.842+01:00  INFO 23160 --- [readyroad-secure] [nio-8890-exec-5] c.r.r.config.RequestLoggingFilter        : URI: /api/quiz/stats
2026-02-27T09:26:21.843+01:00  INFO 23160 --- [readyroad-secure] [nio-8890-exec-5] c.r.r.config.RequestLoggingFilter        : Remote Address: 0:0:0:0:0:0:0:1
2026-02-27T09:26:21.844+01:00  INFO 23160 --- [readyroad-secure] [nio-8890-exec-5] c.r.r.config.RequestLoggingFilter        : ----------------------------------------
2026-02-27T09:26:21.846+01:00  INFO 23160 --- [readyroad-secure] [nio-8890-exec-5] c.r.r.config.RequestLoggingFilter        : 📋 Request Headers:
2026-02-27T09:26:21.846+01:00  INFO 23160 --- [readyroad-secure] [nio-8890-exec-5] c.r.r.config.RequestLoggingFilter        :   host: localhost:8890
2026-02-27T09:26:21.846+01:00  INFO 23160 --- [readyroad-secure] [nio-8890-exec-5] c.r.r.config.RequestLoggingFilter        :   connection: keep-alive
2026-02-27T09:26:21.846+01:00  INFO 23160 --- [readyroad-secure] [nio-8890-exec-5] c.r.r.config.RequestLoggingFilter        :   Accept: application/json
2026-02-27T09:26:21.847+01:00  INFO 23160 --- [readyroad-secure] [nio-8890-exec-5] c.r.r.config.RequestLoggingFilter        :   Authorization: Bearer [TOKEN_HIDDEN]
2026-02-27T09:26:21.848+01:00  INFO 23160 --- [readyroad-secure] [nio-8890-exec-5] c.r.r.config.RequestLoggingFilter        :   accept-language: *
2026-02-27T09:26:21.849+01:00  INFO 23160 --- [readyroad-secure] [nio-8890-exec-5] c.r.r.config.RequestLoggingFilter        :   sec-fetch-mode: cors
2026-02-27T09:26:21.849+01:00  INFO 23160 --- [readyroad-secure] [nio-8890-exec-5] c.r.r.config.RequestLoggingFilter        :   user-agent: node
2026-02-27T09:26:21.851+01:00  INFO 23160 --- [readyroad-secure] [nio-8890-exec-5] c.r.r.config.RequestLoggingFilter        :   pragma: no-cache
2026-02-27T09:26:21.851+01:00  INFO 23160 --- [readyroad-secure] [nio-8890-exec-5] c.r.r.config.RequestLoggingFilter        :   cache-control: no-cache
2026-02-27T09:26:21.851+01:00  INFO 23160 --- [readyroad-secure] [nio-8890-exec-5] c.r.r.config.RequestLoggingFilter        :   accept-encoding: gzip, deflate
2026-02-27T09:26:21.851+01:00  INFO 23160 --- [readyroad-secure] [nio-8890-exec-5] c.r.r.config.RequestLoggingFilter        : ════════════════════════════════════════
2026-02-27T09:26:21.855+01:00 DEBUG 23160 --- [readyroad-secure] [nio-8890-exec-5] org.hibernate.SQL                        : select count(qq1_0.id) from quiz_questions qq1_0 where qq1_0.is_active=true and qq1_0.status=?
2026-02-27T09:26:21.861+01:00 DEBUG 23160 --- [readyroad-secure] [nio-8890-exec-5] org.hibernate.SQL                        : select c1_0.id,c1_0.code,c1_0.created_at,c1_0.description_ar,c1_0.description_en,c1_0.description_fr,c1_0.description_nl,c1_0.display_order,c1_0.is_active,c1_0.name_ar,c1_0.name_en,c1_0.name_fr,c1_0.name_nl,c1_0.updated_at from categories c1_0 where c1_0.is_active=true order by c1_0.display_order
2026-02-27T09:26:21.880+01:00  INFO 23160 --- [readyroad-secure] [nio-8890-exec-1] c.r.r.config.RequestLoggingFilter        : ════════════════════════════════════════
2026-02-27T09:26:21.880+01:00  INFO 23160 --- [readyroad-secure] [nio-8890-exec-1] c.r.r.config.RequestLoggingFilter        : 🌐 INCOMING REQUEST
2026-02-27T09:26:21.882+01:00  INFO 23160 --- [readyroad-secure] [nio-8890-exec-1] c.r.r.config.RequestLoggingFilter        : ════════════════════════════════════════
2026-02-27T09:26:21.882+01:00  INFO 23160 --- [readyroad-secure] [nio-8890-exec-1] c.r.r.config.RequestLoggingFilter        : Method: GET
2026-02-27T09:26:21.883+01:00  INFO 23160 --- [readyroad-secure] [nio-8890-exec-1] c.r.r.config.RequestLoggingFilter        : URI: /api/categories
2026-02-27T09:26:21.883+01:00  INFO 23160 --- [readyroad-secure] [nio-8890-exec-1] c.r.r.config.RequestLoggingFilter        : Remote Address: 0:0:0:0:0:0:0:1
2026-02-27T09:26:21.884+01:00  INFO 23160 --- [readyroad-secure] [nio-8890-exec-1] c.r.r.config.RequestLoggingFilter        : ----------------------------------------
2026-02-27T09:26:21.884+01:00  INFO 23160 --- [readyroad-secure] [nio-8890-exec-1] c.r.r.config.RequestLoggingFilter        : 📋 Request Headers:
2026-02-27T09:26:21.885+01:00  INFO 23160 --- [readyroad-secure] [nio-8890-exec-1] c.r.r.config.RequestLoggingFilter        :   host: localhost:8890
2026-02-27T09:26:21.885+01:00  INFO 23160 --- [readyroad-secure] [nio-8890-exec-1] c.r.r.config.RequestLoggingFilter        :   connection: keep-alive
2026-02-27T09:26:21.885+01:00  INFO 23160 --- [readyroad-secure] [nio-8890-exec-1] c.r.r.config.RequestLoggingFilter        :   Accept: application/json
2026-02-27T09:26:21.886+01:00  INFO 23160 --- [readyroad-secure] [nio-8890-exec-1] c.r.r.config.RequestLoggingFilter        :   Authorization: Bearer [TOKEN_HIDDEN]
2026-02-27T09:26:21.886+01:00  INFO 23160 --- [readyroad-secure] [nio-8890-exec-1] c.r.r.config.RequestLoggingFilter        :   accept-language: *
2026-02-27T09:26:21.887+01:00  INFO 23160 --- [readyroad-secure] [nio-8890-exec-1] c.r.r.config.RequestLoggingFilter        :   sec-fetch-mode: cors
2026-02-27T09:26:21.887+01:00  INFO 23160 --- [readyroad-secure] [nio-8890-exec-1] c.r.r.config.RequestLoggingFilter        :   user-agent: node
2026-02-27T09:26:21.887+01:00  INFO 23160 --- [readyroad-secure] [nio-8890-exec-1] c.r.r.config.RequestLoggingFilter        :   pragma: no-cache
2026-02-27T09:26:21.888+01:00  INFO 23160 --- [readyroad-secure] [nio-8890-exec-1] c.r.r.config.RequestLoggingFilter        :   cache-control: no-cache
2026-02-27T09:26:21.888+01:00  INFO 23160 --- [readyroad-secure] [nio-8890-exec-1] c.r.r.config.RequestLoggingFilter        :   accept-encoding: gzip, deflate
2026-02-27T09:26:21.888+01:00  INFO 23160 --- [readyroad-secure] [nio-8890-exec-1] c.r.r.config.RequestLoggingFilter        : ════════════════════════════════════════
2026-02-27T09:26:21.892+01:00 DEBUG 23160 --- [readyroad-secure] [nio-8890-exec-1] org.hibernate.SQL                        : select c1_0.id,c1_0.code,c1_0.created_at,c1_0.description_ar,c1_0.description_en,c1_0.description_fr,c1_0.description_nl,c1_0.display_order,c1_0.is_active,c1_0.name_ar,c1_0.name_en,c1_0.name_fr,c1_0.name_nl,c1_0.updated_at from categories c1_0 where c1_0.is_active=true order by c1_0.display_order
2026-02-27T09:26:22.197+01:00 DEBUG 23160 --- [readyroad-secure] [nio-8890-exec-2] org.hibernate.SQL                        : select u1_0.id,u1_0.created_at,u1_0.email,u1_0.full_name,u1_0.is_active,u1_0.is_locked,u1_0.password_hash,u1_0.role,u1_0.updated_at,u1_0.username from users u1_0 where u1_0.username=?
2026-02-27T09:26:22.205+01:00  INFO 23160 --- [readyroad-secure] [nio-8890-exec-2] c.r.r.config.RequestLoggingFilter        : ════════════════════════════════════════
2026-02-27T09:26:22.206+01:00  INFO 23160 --- [readyroad-secure] [nio-8890-exec-2] c.r.r.config.RequestLoggingFilter        : 🌐 INCOMING REQUEST
2026-02-27T09:26:22.206+01:00  INFO 23160 --- [readyroad-secure] [nio-8890-exec-2] c.r.r.config.RequestLoggingFilter        : ════════════════════════════════════════
2026-02-27T09:26:22.207+01:00  INFO 23160 --- [readyroad-secure] [nio-8890-exec-2] c.r.r.config.RequestLoggingFilter        : Method: GET
2026-02-27T09:26:22.207+01:00  INFO 23160 --- [readyroad-secure] [nio-8890-exec-2] c.r.r.config.RequestLoggingFilter        : URI: /api/quiz/stats/category/1
2026-02-27T09:26:22.207+01:00  INFO 23160 --- [readyroad-secure] [nio-8890-exec-2] c.r.r.config.RequestLoggingFilter        : Remote Address: 0:0:0:0:0:0:0:1
2026-02-27T09:26:22.207+01:00  INFO 23160 --- [readyroad-secure] [nio-8890-exec-2] c.r.r.config.RequestLoggingFilter        : ----------------------------------------
2026-02-27T09:26:22.208+01:00  INFO 23160 --- [readyroad-secure] [nio-8890-exec-2] c.r.r.config.RequestLoggingFilter        : 📋 Request Headers:
2026-02-27T09:26:22.209+01:00  INFO 23160 --- [readyroad-secure] [nio-8890-exec-2] c.r.r.config.RequestLoggingFilter        :   host: localhost:8890
2026-02-27T09:26:22.209+01:00  INFO 23160 --- [readyroad-secure] [nio-8890-exec-2] c.r.r.config.RequestLoggingFilter        :   connection: keep-alive
2026-02-27T09:26:22.209+01:00  INFO 23160 --- [readyroad-secure] [nio-8890-exec-2] c.r.r.config.RequestLoggingFilter        :   Accept: application/json
2026-02-27T09:26:22.209+01:00  INFO 23160 --- [readyroad-secure] [nio-8890-exec-2] c.r.r.config.RequestLoggingFilter        :   Authorization: Bearer [TOKEN_HIDDEN]
2026-02-27T09:26:22.210+01:00  INFO 23160 --- [readyroad-secure] [nio-8890-exec-2] c.r.r.config.RequestLoggingFilter        :   accept-language: *
2026-02-27T09:26:22.210+01:00  INFO 23160 --- [readyroad-secure] [nio-8890-exec-2] c.r.r.config.RequestLoggingFilter        :   sec-fetch-mode: cors
2026-02-27T09:26:22.211+01:00  INFO 23160 --- [readyroad-secure] [nio-8890-exec-2] c.r.r.config.RequestLoggingFilter        :   user-agent: node
2026-02-27T09:26:22.211+01:00  INFO 23160 --- [readyroad-secure] [nio-8890-exec-2] c.r.r.config.RequestLoggingFilter        :   pragma: no-cache
2026-02-27T09:26:22.211+01:00  INFO 23160 --- [readyroad-secure] [nio-8890-exec-2] c.r.r.config.RequestLoggingFilter        :   cache-control: no-cache
2026-02-27T09:26:22.212+01:00  INFO 23160 --- [readyroad-secure] [nio-8890-exec-2] c.r.r.config.RequestLoggingFilter        :   accept-encoding: gzip, deflate
2026-02-27T09:26:22.212+01:00  INFO 23160 --- [readyroad-secure] [nio-8890-exec-2] c.r.r.config.RequestLoggingFilter        : ════════════════════════════════════════
2026-02-27T09:26:22.218+01:00 DEBUG 23160 --- [readyroad-secure] [nio-8890-exec-2] org.hibernate.SQL                        : select count(qq1_0.id) from quiz_questions qq1_0 where qq1_0.category_id=? and qq1_0.is_active=true and qq1_0.status=?
2026-02-27T09:26:22.414+01:00 DEBUG 23160 --- [readyroad-secure] [nio-8890-exec-3] org.hibernate.SQL                        : select u1_0.id,u1_0.created_at,u1_0.email,u1_0.full_name,u1_0.is_active,u1_0.is_locked,u1_0.password_hash,u1_0.role,u1_0.updated_at,u1_0.username from users u1_0 where u1_0.username=?
2026-02-27T09:26:22.414+01:00 DEBUG 23160 --- [readyroad-secure] [nio-8890-exec-9] org.hibernate.SQL                        : select u1_0.id,u1_0.created_at,u1_0.email,u1_0.full_name,u1_0.is_active,u1_0.is_locked,u1_0.password_hash,u1_0.role,u1_0.updated_at,u1_0.username from users u1_0 where u1_0.username=?
2026-02-27T09:26:22.420+01:00  INFO 23160 --- [readyroad-secure] [nio-8890-exec-9] c.r.r.config.RequestLoggingFilter        : ════════════════════════════════════════
2026-02-27T09:26:22.420+01:00  INFO 23160 --- [readyroad-secure] [nio-8890-exec-3] c.r.r.config.RequestLoggingFilter        : ════════════════════════════════════════
2026-02-27T09:26:22.421+01:00  INFO 23160 --- [readyroad-secure] [nio-8890-exec-9] c.r.r.config.RequestLoggingFilter        : 🌐 INCOMING REQUEST
2026-02-27T09:26:22.421+01:00  INFO 23160 --- [readyroad-secure] [nio-8890-exec-3] c.r.r.config.RequestLoggingFilter        : 🌐 INCOMING REQUEST
2026-02-27T09:26:22.421+01:00  INFO 23160 --- [readyroad-secure] [nio-8890-exec-9] c.r.r.config.RequestLoggingFilter        : ════════════════════════════════════════
2026-02-27T09:26:22.422+01:00  INFO 23160 --- [readyroad-secure] [nio-8890-exec-3] c.r.r.config.RequestLoggingFilter        : ════════════════════════════════════════
2026-02-27T09:26:22.422+01:00  INFO 23160 --- [readyroad-secure] [nio-8890-exec-9] c.r.r.config.RequestLoggingFilter        : Method: GET
2026-02-27T09:26:22.422+01:00  INFO 23160 --- [readyroad-secure] [nio-8890-exec-3] c.r.r.config.RequestLoggingFilter        : Method: GET
2026-02-27T09:26:22.422+01:00  INFO 23160 --- [readyroad-secure] [nio-8890-exec-9] c.r.r.config.RequestLoggingFilter        : URI: /api/quiz/stats/category/2
2026-02-27T09:26:22.422+01:00  INFO 23160 --- [readyroad-secure] [nio-8890-exec-3] c.r.r.config.RequestLoggingFilter        : URI: /api/quiz/stats/category/3
2026-02-27T09:26:22.422+01:00  INFO 23160 --- [readyroad-secure] [nio-8890-exec-9] c.r.r.config.RequestLoggingFilter        : Remote Address: 0:0:0:0:0:0:0:1
2026-02-27T09:26:22.422+01:00  INFO 23160 --- [readyroad-secure] [nio-8890-exec-3] c.r.r.config.RequestLoggingFilter        : Remote Address: 0:0:0:0:0:0:0:1
2026-02-27T09:26:22.423+01:00  INFO 23160 --- [readyroad-secure] [nio-8890-exec-9] c.r.r.config.RequestLoggingFilter        : ----------------------------------------
2026-02-27T09:26:22.423+01:00  INFO 23160 --- [readyroad-secure] [nio-8890-exec-3] c.r.r.config.RequestLoggingFilter        : ----------------------------------------
2026-02-27T09:26:22.423+01:00  INFO 23160 --- [readyroad-secure] [nio-8890-exec-9] c.r.r.config.RequestLoggingFilter        : 📋 Request Headers:
2026-02-27T09:26:22.423+01:00  INFO 23160 --- [readyroad-secure] [nio-8890-exec-3] c.r.r.config.RequestLoggingFilter        : 📋 Request Headers:
2026-02-27T09:26:22.424+01:00  INFO 23160 --- [readyroad-secure] [nio-8890-exec-9] c.r.r.config.RequestLoggingFilter        :   host: localhost:8890
2026-02-27T09:26:22.425+01:00  INFO 23160 --- [readyroad-secure] [nio-8890-exec-3] c.r.r.config.RequestLoggingFilter        :   host: localhost:8890
2026-02-27T09:26:22.425+01:00  INFO 23160 --- [readyroad-secure] [nio-8890-exec-9] c.r.r.config.RequestLoggingFilter        :   connection: keep-alive
2026-02-27T09:26:22.425+01:00  INFO 23160 --- [readyroad-secure] [nio-8890-exec-3] c.r.r.config.RequestLoggingFilter        :   connection: keep-alive
2026-02-27T09:26:22.425+01:00  INFO 23160 --- [readyroad-secure] [nio-8890-exec-9] c.r.r.config.RequestLoggingFilter        :   Accept: application/json
2026-02-27T09:26:22.426+01:00  INFO 23160 --- [readyroad-secure] [nio-8890-exec-3] c.r.r.config.RequestLoggingFilter        :   Accept: application/json
2026-02-27T09:26:22.426+01:00  INFO 23160 --- [readyroad-secure] [nio-8890-exec-9] c.r.r.config.RequestLoggingFilter        :   Authorization: Bearer [TOKEN_HIDDEN]
2026-02-27T09:26:22.426+01:00  INFO 23160 --- [readyroad-secure] [nio-8890-exec-3] c.r.r.config.RequestLoggingFilter        :   Authorization: Bearer [TOKEN_HIDDEN]
2026-02-27T09:26:22.426+01:00  INFO 23160 --- [readyroad-secure] [nio-8890-exec-9] c.r.r.config.RequestLoggingFilter        :   accept-language: *
2026-02-27T09:26:22.427+01:00  INFO 23160 --- [readyroad-secure] [nio-8890-exec-3] c.r.r.config.RequestLoggingFilter        :   accept-language: *
2026-02-27T09:26:22.427+01:00  INFO 23160 --- [readyroad-secure] [nio-8890-exec-9] c.r.r.config.RequestLoggingFilter        :   sec-fetch-mode: cors
2026-02-27T09:26:22.427+01:00  INFO 23160 --- [readyroad-secure] [nio-8890-exec-3] c.r.r.config.RequestLoggingFilter        :   sec-fetch-mode: cors
2026-02-27T09:26:22.427+01:00  INFO 23160 --- [readyroad-secure] [nio-8890-exec-9] c.r.r.config.RequestLoggingFilter        :   user-agent: node
2026-02-27T09:26:22.428+01:00  INFO 23160 --- [readyroad-secure] [nio-8890-exec-3] c.r.r.config.RequestLoggingFilter        :   user-agent: node
2026-02-27T09:26:22.428+01:00  INFO 23160 --- [readyroad-secure] [nio-8890-exec-9] c.r.r.config.RequestLoggingFilter        :   pragma: no-cache
2026-02-27T09:26:22.428+01:00  INFO 23160 --- [readyroad-secure] [nio-8890-exec-3] c.r.r.config.RequestLoggingFilter        :   pragma: no-cache
2026-02-27T09:26:22.428+01:00  INFO 23160 --- [readyroad-secure] [nio-8890-exec-9] c.r.r.config.RequestLoggingFilter        :   cache-control: no-cache
2026-02-27T09:26:22.429+01:00  INFO 23160 --- [readyroad-secure] [nio-8890-exec-3] c.r.r.config.RequestLoggingFilter        :   cache-control: no-cache
2026-02-27T09:26:22.429+01:00  INFO 23160 --- [readyroad-secure] [nio-8890-exec-9] c.r.r.config.RequestLoggingFilter        :   accept-encoding: gzip, deflate
2026-02-27T09:26:22.429+01:00  INFO 23160 --- [readyroad-secure] [nio-8890-exec-3] c.r.r.config.RequestLoggingFilter        :   accept-encoding: gzip, deflate
2026-02-27T09:26:22.430+01:00  INFO 23160 --- [readyroad-secure] [nio-8890-exec-9] c.r.r.config.RequestLoggingFilter        : ════════════════════════════════════════
2026-02-27T09:26:22.430+01:00  INFO 23160 --- [readyroad-secure] [nio-8890-exec-3] c.r.r.config.RequestLoggingFilter        : ════════════════════════════════════════
2026-02-27T09:26:22.435+01:00 DEBUG 23160 --- [readyroad-secure] [nio-8890-exec-9] org.hibernate.SQL                        : select count(qq1_0.id) from quiz_questions qq1_0 where qq1_0.category_id=? and qq1_0.is_active=true and qq1_0.status=?
2026-02-27T09:26:22.435+01:00 DEBUG 23160 --- [readyroad-secure] [nio-8890-exec-3] org.hibernate.SQL                        : select count(qq1_0.id) from quiz_questions qq1_0 where qq1_0.category_id=? and qq1_0.is_active=true and qq1_0.status=?
2026-02-27T09:26:22.461+01:00 DEBUG 23160 --- [readyroad-secure] [nio-8890-exec-7] org.hibernate.SQL                        : select u1_0.id,u1_0.created_at,u1_0.email,u1_0.full_name,u1_0.is_active,u1_0.is_locked,u1_0.password_hash,u1_0.role,u1_0.updated_at,u1_0.username from users u1_0 where u1_0.username=?
2026-02-27T09:26:22.461+01:00 DEBUG 23160 --- [readyroad-secure] [io-8890-exec-10] org.hibernate.SQL                        : select u1_0.id,u1_0.created_at,u1_0.email,u1_0.full_name,u1_0.is_active,u1_0.is_locked,u1_0.password_hash,u1_0.role,u1_0.updated_at,u1_0.username from users u1_0 where u1_0.username=?
2026-02-27T09:26:22.467+01:00  INFO 23160 --- [readyroad-secure] [nio-8890-exec-7] c.r.r.config.RequestLoggingFilter        : ════════════════════════════════════════
2026-02-27T09:26:22.469+01:00  INFO 23160 --- [readyroad-secure] [nio-8890-exec-7] c.r.r.config.RequestLoggingFilter        : 🌐 INCOMING REQUEST
2026-02-27T09:26:22.469+01:00  INFO 23160 --- [readyroad-secure] [nio-8890-exec-7] c.r.r.config.RequestLoggingFilter        : ════════════════════════════════════════
2026-02-27T09:26:22.470+01:00  INFO 23160 --- [readyroad-secure] [nio-8890-exec-7] c.r.r.config.RequestLoggingFilter        : Method: GET
2026-02-27T09:26:22.470+01:00  INFO 23160 --- [readyroad-secure] [nio-8890-exec-7] c.r.r.config.RequestLoggingFilter        : URI: /api/quiz/stats/category/4
2026-02-27T09:26:22.470+01:00  INFO 23160 --- [readyroad-secure] [nio-8890-exec-7] c.r.r.config.RequestLoggingFilter        : Remote Address: 0:0:0:0:0:0:0:1
2026-02-27T09:26:22.471+01:00  INFO 23160 --- [readyroad-secure] [nio-8890-exec-7] c.r.r.config.RequestLoggingFilter        : ----------------------------------------
2026-02-27T09:26:22.471+01:00  INFO 23160 --- [readyroad-secure] [nio-8890-exec-7] c.r.r.config.RequestLoggingFilter        : 📋 Request Headers:
2026-02-27T09:26:22.472+01:00  INFO 23160 --- [readyroad-secure] [nio-8890-exec-7] c.r.r.config.RequestLoggingFilter        :   host: localhost:8890
2026-02-27T09:26:22.472+01:00  INFO 23160 --- [readyroad-secure] [nio-8890-exec-7] c.r.r.config.RequestLoggingFilter        :   connection: keep-alive
2026-02-27T09:26:22.473+01:00  INFO 23160 --- [readyroad-secure] [nio-8890-exec-7] c.r.r.config.RequestLoggingFilter        :   Accept: application/json
2026-02-27T09:26:22.473+01:00  INFO 23160 --- [readyroad-secure] [nio-8890-exec-7] c.r.r.config.RequestLoggingFilter        :   Authorization: Bearer [TOKEN_HIDDEN]
2026-02-27T09:26:22.473+01:00  INFO 23160 --- [readyroad-secure] [nio-8890-exec-7] c.r.r.config.RequestLoggingFilter        :   accept-language: *
2026-02-27T09:26:22.474+01:00  INFO 23160 --- [readyroad-secure] [nio-8890-exec-7] c.r.r.config.RequestLoggingFilter        :   sec-fetch-mode: cors
2026-02-27T09:26:22.474+01:00  INFO 23160 --- [readyroad-secure] [nio-8890-exec-7] c.r.r.config.RequestLoggingFilter        :   user-agent: node
2026-02-27T09:26:22.474+01:00  INFO 23160 --- [readyroad-secure] [io-8890-exec-10] c.r.r.config.RequestLoggingFilter        : ════════════════════════════════════════
2026-02-27T09:26:22.474+01:00  INFO 23160 --- [readyroad-secure] [nio-8890-exec-7] c.r.r.config.RequestLoggingFilter        :   pragma: no-cache
2026-02-27T09:26:22.475+01:00  INFO 23160 --- [readyroad-secure] [io-8890-exec-10] c.r.r.config.RequestLoggingFilter        : 🌐 INCOMING REQUEST
2026-02-27T09:26:22.475+01:00  INFO 23160 --- [readyroad-secure] [nio-8890-exec-7] c.r.r.config.RequestLoggingFilter        :   cache-control: no-cache
2026-02-27T09:26:22.475+01:00  INFO 23160 --- [readyroad-secure] [io-8890-exec-10] c.r.r.config.RequestLoggingFilter        : ════════════════════════════════════════
2026-02-27T09:26:22.475+01:00  INFO 23160 --- [readyroad-secure] [nio-8890-exec-7] c.r.r.config.RequestLoggingFilter        :   accept-encoding: gzip, deflate
2026-02-27T09:26:22.476+01:00  INFO 23160 --- [readyroad-secure] [io-8890-exec-10] c.r.r.config.RequestLoggingFilter        : Method: GET
2026-02-27T09:26:22.476+01:00  INFO 23160 --- [readyroad-secure] [nio-8890-exec-7] c.r.r.config.RequestLoggingFilter        : ════════════════════════════════════════
2026-02-27T09:26:22.476+01:00  INFO 23160 --- [readyroad-secure] [io-8890-exec-10] c.r.r.config.RequestLoggingFilter        : URI: /api/quiz/stats/category/5
2026-02-27T09:26:22.476+01:00  INFO 23160 --- [readyroad-secure] [io-8890-exec-10] c.r.r.config.RequestLoggingFilter        : Remote Address: 0:0:0:0:0:0:0:1
2026-02-27T09:26:22.477+01:00  INFO 23160 --- [readyroad-secure] [io-8890-exec-10] c.r.r.config.RequestLoggingFilter        : ----------------------------------------
2026-02-27T09:26:22.477+01:00  INFO 23160 --- [readyroad-secure] [io-8890-exec-10] c.r.r.config.RequestLoggingFilter        : 📋 Request Headers:
2026-02-27T09:26:22.478+01:00  INFO 23160 --- [readyroad-secure] [io-8890-exec-10] c.r.r.config.RequestLoggingFilter        :   host: localhost:8890
2026-02-27T09:26:22.478+01:00  INFO 23160 --- [readyroad-secure] [io-8890-exec-10] c.r.r.config.RequestLoggingFilter        :   connection: keep-alive
2026-02-27T09:26:22.478+01:00  INFO 23160 --- [readyroad-secure] [io-8890-exec-10] c.r.r.config.RequestLoggingFilter        :   Accept: application/json
2026-02-27T09:26:22.479+01:00  INFO 23160 --- [readyroad-secure] [io-8890-exec-10] c.r.r.config.RequestLoggingFilter        :   Authorization: Bearer [TOKEN_HIDDEN]
2026-02-27T09:26:22.479+01:00  INFO 23160 --- [readyroad-secure] [io-8890-exec-10] c.r.r.config.RequestLoggingFilter        :   accept-language: *
2026-02-27T09:26:22.479+01:00  INFO 23160 --- [readyroad-secure] [io-8890-exec-10] c.r.r.config.RequestLoggingFilter        :   sec-fetch-mode: cors
2026-02-27T09:26:22.480+01:00  INFO 23160 --- [readyroad-secure] [io-8890-exec-10] c.r.r.config.RequestLoggingFilter        :   user-agent: node
2026-02-27T09:26:22.480+01:00  INFO 23160 --- [readyroad-secure] [io-8890-exec-10] c.r.r.config.RequestLoggingFilter        :   pragma: no-cache
2026-02-27T09:26:22.481+01:00 DEBUG 23160 --- [readyroad-secure] [nio-8890-exec-7] org.hibernate.SQL                        : select count(qq1_0.id) from quiz_questions qq1_0 where qq1_0.category_id=? and qq1_0.is_active=true and qq1_0.status=?
2026-02-27T09:26:22.481+01:00  INFO 23160 --- [readyroad-secure] [io-8890-exec-10] c.r.r.config.RequestLoggingFilter        :   cache-control: no-cache
2026-02-27T09:26:22.483+01:00  INFO 23160 --- [readyroad-secure] [io-8890-exec-10] c.r.r.config.RequestLoggingFilter        :   accept-encoding: gzip, deflate
2026-02-27T09:26:22.483+01:00  INFO 23160 --- [readyroad-secure] [io-8890-exec-10] c.r.r.config.RequestLoggingFilter        : ════════════════════════════════════════
2026-02-27T09:26:22.487+01:00 DEBUG 23160 --- [readyroad-secure] [io-8890-exec-10] org.hibernate.SQL                        : select count(qq1_0.id) from quiz_questions qq1_0 where qq1_0.category_id=? and qq1_0.is_active=true and qq1_0.status=?
2026-02-27T09:26:23.019+01:00 DEBUG 23160 --- [readyroad-secure] [nio-8890-exec-6] org.hibernate.SQL                        : select u1_0.id,u1_0.created_at,u1_0.email,u1_0.full_name,u1_0.is_active,u1_0.is_locked,u1_0.password_hash,u1_0.role,u1_0.updated_at,u1_0.username from users u1_0 where u1_0.username=?
2026-02-27T09:26:23.026+01:00  INFO 23160 --- [readyroad-secure] [nio-8890-exec-6] c.r.r.config.RequestLoggingFilter        : ════════════════════════════════════════
2026-02-27T09:26:23.026+01:00  INFO 23160 --- [readyroad-secure] [nio-8890-exec-6] c.r.r.config.RequestLoggingFilter        : 🌐 INCOMING REQUEST
2026-02-27T09:26:23.027+01:00  INFO 23160 --- [readyroad-secure] [nio-8890-exec-6] c.r.r.config.RequestLoggingFilter        : ════════════════════════════════════════
2026-02-27T09:26:23.027+01:00  INFO 23160 --- [readyroad-secure] [nio-8890-exec-6] c.r.r.config.RequestLoggingFilter        : Method: GET
2026-02-27T09:26:23.028+01:00  INFO 23160 --- [readyroad-secure] [nio-8890-exec-6] c.r.r.config.RequestLoggingFilter        : URI: /api/quiz/stats/category/6
2026-02-27T09:26:23.029+01:00  INFO 23160 --- [readyroad-secure] [nio-8890-exec-6] c.r.r.config.RequestLoggingFilter        : Remote Address: 0:0:0:0:0:0:0:1
2026-02-27T09:26:23.029+01:00  INFO 23160 --- [readyroad-secure] [nio-8890-exec-6] c.r.r.config.RequestLoggingFilter        : ----------------------------------------
2026-02-27T09:26:23.029+01:00  INFO 23160 --- [readyroad-secure] [nio-8890-exec-6] c.r.r.config.RequestLoggingFilter        : 📋 Request Headers:
2026-02-27T09:26:23.030+01:00  INFO 23160 --- [readyroad-secure] [nio-8890-exec-6] c.r.r.config.RequestLoggingFilter        :   host: localhost:8890
2026-02-27T09:26:23.030+01:00  INFO 23160 --- [readyroad-secure] [nio-8890-exec-6] c.r.r.config.RequestLoggingFilter        :   connection: keep-alive
2026-02-27T09:26:23.030+01:00  INFO 23160 --- [readyroad-secure] [nio-8890-exec-6] c.r.r.config.RequestLoggingFilter        :   Accept: application/json
2026-02-27T09:26:23.031+01:00  INFO 23160 --- [readyroad-secure] [nio-8890-exec-6] c.r.r.config.RequestLoggingFilter        :   Authorization: Bearer [TOKEN_HIDDEN]
2026-02-27T09:26:23.032+01:00  INFO 23160 --- [readyroad-secure] [nio-8890-exec-6] c.r.r.config.RequestLoggingFilter        :   accept-language: *
2026-02-27T09:26:23.032+01:00  INFO 23160 --- [readyroad-secure] [nio-8890-exec-6] c.r.r.config.RequestLoggingFilter        :   sec-fetch-mode: cors
2026-02-27T09:26:23.034+01:00  INFO 23160 --- [readyroad-secure] [nio-8890-exec-6] c.r.r.config.RequestLoggingFilter        :   user-agent: node
2026-02-27T09:26:23.034+01:00  INFO 23160 --- [readyroad-secure] [nio-8890-exec-6] c.r.r.config.RequestLoggingFilter        :   pragma: no-cache
2026-02-27T09:26:23.034+01:00  INFO 23160 --- [readyroad-secure] [nio-8890-exec-6] c.r.r.config.RequestLoggingFilter        :   cache-control: no-cache
2026-02-27T09:26:23.034+01:00  INFO 23160 --- [readyroad-secure] [nio-8890-exec-6] c.r.r.config.RequestLoggingFilter        :   accept-encoding: gzip, deflate
2026-02-27T09:26:23.035+01:00  INFO 23160 --- [readyroad-secure] [nio-8890-exec-6] c.r.r.config.RequestLoggingFilter        : ════════════════════════════════════════
2026-02-27T09:26:23.040+01:00 DEBUG 23160 --- [readyroad-secure] [nio-8890-exec-6] org.hibernate.SQL                        : select count(qq1_0.id) from quiz_questions qq1_0 where qq1_0.category_id=? and qq1_0.is_active=true and qq1_0.status=?
2026-02-27T09:26:23.202+01:00 DEBUG 23160 --- [readyroad-secure] [nio-8890-exec-4] org.hibernate.SQL                        : select u1_0.id,u1_0.created_at,u1_0.email,u1_0.full_name,u1_0.is_active,u1_0.is_locked,u1_0.password_hash,u1_0.role,u1_0.updated_at,u1_0.username from users u1_0 where u1_0.username=?
2026-02-27T09:26:23.205+01:00 DEBUG 23160 --- [readyroad-secure] [nio-8890-exec-8] org.hibernate.SQL                        : select u1_0.id,u1_0.created_at,u1_0.email,u1_0.full_name,u1_0.is_active,u1_0.is_locked,u1_0.password_hash,u1_0.role,u1_0.updated_at,u1_0.username from users u1_0 where u1_0.username=?
2026-02-27T09:26:23.207+01:00  INFO 23160 --- [readyroad-secure] [nio-8890-exec-4] c.r.r.config.RequestLoggingFilter        : ════════════════════════════════════════
2026-02-27T09:26:23.208+01:00 DEBUG 23160 --- [readyroad-secure] [nio-8890-exec-5] org.hibernate.SQL                        : select u1_0.id,u1_0.created_at,u1_0.email,u1_0.full_name,u1_0.is_active,u1_0.is_locked,u1_0.password_hash,u1_0.role,u1_0.updated_at,u1_0.username from users u1_0 where u1_0.username=?
2026-02-27T09:26:23.208+01:00  INFO 23160 --- [readyroad-secure] [nio-8890-exec-4] c.r.r.config.RequestLoggingFilter        : 🌐 INCOMING REQUEST
2026-02-27T09:26:23.209+01:00  INFO 23160 --- [readyroad-secure] [nio-8890-exec-4] c.r.r.config.RequestLoggingFilter        : ════════════════════════════════════════
2026-02-27T09:26:23.209+01:00  INFO 23160 --- [readyroad-secure] [nio-8890-exec-4] c.r.r.config.RequestLoggingFilter        : Method: GET
2026-02-27T09:26:23.210+01:00  INFO 23160 --- [readyroad-secure] [nio-8890-exec-4] c.r.r.config.RequestLoggingFilter        : URI: /api/quiz/stats/category/7
2026-02-27T09:26:23.211+01:00  INFO 23160 --- [readyroad-secure] [nio-8890-exec-8] c.r.r.config.RequestLoggingFilter        : ════════════════════════════════════════
2026-02-27T09:26:23.211+01:00  INFO 23160 --- [readyroad-secure] [nio-8890-exec-4] c.r.r.config.RequestLoggingFilter        : Remote Address: 0:0:0:0:0:0:0:1
2026-02-27T09:26:23.211+01:00  INFO 23160 --- [readyroad-secure] [nio-8890-exec-8] c.r.r.config.RequestLoggingFilter        : 🌐 INCOMING REQUEST
2026-02-27T09:26:23.211+01:00  INFO 23160 --- [readyroad-secure] [nio-8890-exec-4] c.r.r.config.RequestLoggingFilter        : ----------------------------------------
2026-02-27T09:26:23.212+01:00  INFO 23160 --- [readyroad-secure] [nio-8890-exec-8] c.r.r.config.RequestLoggingFilter        : ════════════════════════════════════════
2026-02-27T09:26:23.212+01:00  INFO 23160 --- [readyroad-secure] [nio-8890-exec-4] c.r.r.config.RequestLoggingFilter        : 📋 Request Headers:
2026-02-27T09:26:23.212+01:00  INFO 23160 --- [readyroad-secure] [nio-8890-exec-8] c.r.r.config.RequestLoggingFilter        : Method: GET
2026-02-27T09:26:23.213+01:00  INFO 23160 --- [readyroad-secure] [nio-8890-exec-4] c.r.r.config.RequestLoggingFilter        :   host: localhost:8890
2026-02-27T09:26:23.214+01:00  INFO 23160 --- [readyroad-secure] [nio-8890-exec-4] c.r.r.config.RequestLoggingFilter        :   connection: keep-alive
2026-02-27T09:26:23.216+01:00  INFO 23160 --- [readyroad-secure] [nio-8890-exec-5] c.r.r.config.RequestLoggingFilter        : ════════════════════════════════════════
2026-02-27T09:26:23.213+01:00  INFO 23160 --- [readyroad-secure] [nio-8890-exec-8] c.r.r.config.RequestLoggingFilter        : URI: /api/quiz/stats/category/8
2026-02-27T09:26:23.216+01:00  INFO 23160 --- [readyroad-secure] [nio-8890-exec-4] c.r.r.config.RequestLoggingFilter        :   Accept: application/json
2026-02-27T09:26:23.217+01:00  INFO 23160 --- [readyroad-secure] [nio-8890-exec-5] c.r.r.config.RequestLoggingFilter        : 🌐 INCOMING REQUEST
2026-02-27T09:26:23.217+01:00  INFO 23160 --- [readyroad-secure] [nio-8890-exec-8] c.r.r.config.RequestLoggingFilter        : Remote Address: 0:0:0:0:0:0:0:1
2026-02-27T09:26:23.217+01:00  INFO 23160 --- [readyroad-secure] [nio-8890-exec-4] c.r.r.config.RequestLoggingFilter        :   Authorization: Bearer [TOKEN_HIDDEN]
2026-02-27T09:26:23.218+01:00  INFO 23160 --- [readyroad-secure] [nio-8890-exec-5] c.r.r.config.RequestLoggingFilter        : ════════════════════════════════════════
2026-02-27T09:26:23.218+01:00  INFO 23160 --- [readyroad-secure] [nio-8890-exec-8] c.r.r.config.RequestLoggingFilter        : ----------------------------------------
2026-02-27T09:26:23.218+01:00  INFO 23160 --- [readyroad-secure] [nio-8890-exec-4] c.r.r.config.RequestLoggingFilter        :   accept-language: *
2026-02-27T09:26:23.219+01:00  INFO 23160 --- [readyroad-secure] [nio-8890-exec-5] c.r.r.config.RequestLoggingFilter        : Method: GET
2026-02-27T09:26:23.219+01:00  INFO 23160 --- [readyroad-secure] [nio-8890-exec-8] c.r.r.config.RequestLoggingFilter        : 📋 Request Headers:
2026-02-27T09:26:23.219+01:00  INFO 23160 --- [readyroad-secure] [nio-8890-exec-4] c.r.r.config.RequestLoggingFilter        :   sec-fetch-mode: cors
2026-02-27T09:26:23.219+01:00  INFO 23160 --- [readyroad-secure] [nio-8890-exec-5] c.r.r.config.RequestLoggingFilter        : URI: /api/quiz/stats/category/9
2026-02-27T09:26:23.220+01:00  INFO 23160 --- [readyroad-secure] [nio-8890-exec-8] c.r.r.config.RequestLoggingFilter        :   host: localhost:8890
2026-02-27T09:26:23.220+01:00  INFO 23160 --- [readyroad-secure] [nio-8890-exec-4] c.r.r.config.RequestLoggingFilter        :   user-agent: node
2026-02-27T09:26:23.221+01:00  INFO 23160 --- [readyroad-secure] [nio-8890-exec-5] c.r.r.config.RequestLoggingFilter        : Remote Address: 0:0:0:0:0:0:0:1
2026-02-27T09:26:23.221+01:00  INFO 23160 --- [readyroad-secure] [nio-8890-exec-8] c.r.r.config.RequestLoggingFilter        :   connection: keep-alive
2026-02-27T09:26:23.222+01:00  INFO 23160 --- [readyroad-secure] [nio-8890-exec-4] c.r.r.config.RequestLoggingFilter        :   pragma: no-cache
2026-02-27T09:26:23.222+01:00  INFO 23160 --- [readyroad-secure] [nio-8890-exec-5] c.r.r.config.RequestLoggingFilter        : ----------------------------------------
2026-02-27T09:26:23.222+01:00  INFO 23160 --- [readyroad-secure] [nio-8890-exec-8] c.r.r.config.RequestLoggingFilter        :   Accept: application/json
2026-02-27T09:26:23.223+01:00  INFO 23160 --- [readyroad-secure] [nio-8890-exec-4] c.r.r.config.RequestLoggingFilter        :   cache-control: no-cache
2026-02-27T09:26:23.223+01:00  INFO 23160 --- [readyroad-secure] [nio-8890-exec-5] c.r.r.config.RequestLoggingFilter        : 📋 Request Headers:
2026-02-27T09:26:23.223+01:00  INFO 23160 --- [readyroad-secure] [nio-8890-exec-8] c.r.r.config.RequestLoggingFilter        :   Authorization: Bearer [TOKEN_HIDDEN]
2026-02-27T09:26:23.224+01:00  INFO 23160 --- [readyroad-secure] [nio-8890-exec-4] c.r.r.config.RequestLoggingFilter        :   accept-encoding: gzip, deflate
2026-02-27T09:26:23.224+01:00  INFO 23160 --- [readyroad-secure] [nio-8890-exec-5] c.r.r.config.RequestLoggingFilter        :   host: localhost:8890
2026-02-27T09:26:23.224+01:00  INFO 23160 --- [readyroad-secure] [nio-8890-exec-8] c.r.r.config.RequestLoggingFilter        :   accept-language: *
2026-02-27T09:26:23.224+01:00  INFO 23160 --- [readyroad-secure] [nio-8890-exec-4] c.r.r.config.RequestLoggingFilter        : ════════════════════════════════════════
2026-02-27T09:26:23.225+01:00  INFO 23160 --- [readyroad-secure] [nio-8890-exec-5] c.r.r.config.RequestLoggingFilter        :   connection: keep-alive
2026-02-27T09:26:23.225+01:00  INFO 23160 --- [readyroad-secure] [nio-8890-exec-8] c.r.r.config.RequestLoggingFilter        :   sec-fetch-mode: cors
2026-02-27T09:26:23.225+01:00  INFO 23160 --- [readyroad-secure] [nio-8890-exec-5] c.r.r.config.RequestLoggingFilter        :   Accept: application/json
2026-02-27T09:26:23.226+01:00  INFO 23160 --- [readyroad-secure] [nio-8890-exec-8] c.r.r.config.RequestLoggingFilter        :   user-agent: node
2026-02-27T09:26:23.226+01:00  INFO 23160 --- [readyroad-secure] [nio-8890-exec-5] c.r.r.config.RequestLoggingFilter        :   Authorization: Bearer [TOKEN_HIDDEN]
2026-02-27T09:26:23.226+01:00  INFO 23160 --- [readyroad-secure] [nio-8890-exec-8] c.r.r.config.RequestLoggingFilter        :   pragma: no-cache
2026-02-27T09:26:23.227+01:00  INFO 23160 --- [readyroad-secure] [nio-8890-exec-5] c.r.r.config.RequestLoggingFilter        :   accept-language: *
2026-02-27T09:26:23.227+01:00  INFO 23160 --- [readyroad-secure] [nio-8890-exec-8] c.r.r.config.RequestLoggingFilter        :   cache-control: no-cache
2026-02-27T09:26:23.227+01:00  INFO 23160 --- [readyroad-secure] [nio-8890-exec-5] c.r.r.config.RequestLoggingFilter        :   sec-fetch-mode: cors
2026-02-27T09:26:23.228+01:00  INFO 23160 --- [readyroad-secure] [nio-8890-exec-8] c.r.r.config.RequestLoggingFilter        :   accept-encoding: gzip, deflate
2026-02-27T09:26:23.228+01:00  INFO 23160 --- [readyroad-secure] [nio-8890-exec-5] c.r.r.config.RequestLoggingFilter        :   user-agent: node
2026-02-27T09:26:23.228+01:00  INFO 23160 --- [readyroad-secure] [nio-8890-exec-8] c.r.r.config.RequestLoggingFilter        : ════════════════════════════════════════
2026-02-27T09:26:23.229+01:00  INFO 23160 --- [readyroad-secure] [nio-8890-exec-5] c.r.r.config.RequestLoggingFilter        :   pragma: no-cache
2026-02-27T09:26:23.229+01:00  INFO 23160 --- [readyroad-secure] [nio-8890-exec-5] c.r.r.config.RequestLoggingFilter        :   cache-control: no-cache
2026-02-27T09:26:23.229+01:00 DEBUG 23160 --- [readyroad-secure] [nio-8890-exec-4] org.hibernate.SQL                        : select count(qq1_0.id) from quiz_questions qq1_0 where qq1_0.category_id=? and qq1_0.is_active=true and qq1_0.status=?
2026-02-27T09:26:23.230+01:00  INFO 23160 --- [readyroad-secure] [nio-8890-exec-5] c.r.r.config.RequestLoggingFilter        :   accept-encoding: gzip, deflate
2026-02-27T09:26:23.230+01:00  INFO 23160 --- [readyroad-secure] [nio-8890-exec-5] c.r.r.config.RequestLoggingFilter        : ════════════════════════════════════════
2026-02-27T09:26:23.236+01:00 DEBUG 23160 --- [readyroad-secure] [nio-8890-exec-8] org.hibernate.SQL                        : select count(qq1_0.id) from quiz_questions qq1_0 where qq1_0.category_id=? and qq1_0.is_active=true and qq1_0.status=?
2026-02-27T09:26:23.236+01:00 DEBUG 23160 --- [readyroad-secure] [nio-8890-exec-5] org.hibernate.SQL                        : select count(qq1_0.id) from quiz_questions qq1_0 where qq1_0.category_id=? and qq1_0.is_active=true and qq1_0.status=?
2026-02-27T09:26:23.491+01:00 DEBUG 23160 --- [readyroad-secure] [nio-8890-exec-1] org.hibernate.SQL                        : select u1_0.id,u1_0.created_at,u1_0.email,u1_0.full_name,u1_0.is_active,u1_0.is_locked,u1_0.password_hash,u1_0.role,u1_0.updated_at,u1_0.username from users u1_0 where u1_0.username=?
2026-02-27T09:26:23.495+01:00  INFO 23160 --- [readyroad-secure] [nio-8890-exec-1] c.r.r.config.RequestLoggingFilter        : ════════════════════════════════════════
2026-02-27T09:26:23.496+01:00  INFO 23160 --- [readyroad-secure] [nio-8890-exec-1] c.r.r.config.RequestLoggingFilter        : 🌐 INCOMING REQUEST
2026-02-27T09:26:23.496+01:00  INFO 23160 --- [readyroad-secure] [nio-8890-exec-1] c.r.r.config.RequestLoggingFilter        : ════════════════════════════════════════
2026-02-27T09:26:23.497+01:00  INFO 23160 --- [readyroad-secure] [nio-8890-exec-1] c.r.r.config.RequestLoggingFilter        : Method: GET
2026-02-27T09:26:23.497+01:00  INFO 23160 --- [readyroad-secure] [nio-8890-exec-1] c.r.r.config.RequestLoggingFilter        : URI: /api/quiz/stats/category/17
2026-02-27T09:26:23.498+01:00  INFO 23160 --- [readyroad-secure] [nio-8890-exec-1] c.r.r.config.RequestLoggingFilter        : Remote Address: 0:0:0:0:0:0:0:1
2026-02-27T09:26:23.498+01:00  INFO 23160 --- [readyroad-secure] [nio-8890-exec-1] c.r.r.config.RequestLoggingFilter        : ----------------------------------------
2026-02-27T09:26:23.499+01:00  INFO 23160 --- [readyroad-secure] [nio-8890-exec-1] c.r.r.config.RequestLoggingFilter        : 📋 Request Headers:
2026-02-27T09:26:23.499+01:00  INFO 23160 --- [readyroad-secure] [nio-8890-exec-1] c.r.r.config.RequestLoggingFilter        :   host: localhost:8890
2026-02-27T09:26:23.500+01:00  INFO 23160 --- [readyroad-secure] [nio-8890-exec-1] c.r.r.config.RequestLoggingFilter        :   connection: keep-alive
2026-02-27T09:26:23.500+01:00  INFO 23160 --- [readyroad-secure] [nio-8890-exec-1] c.r.r.config.RequestLoggingFilter        :   Accept: application/json
2026-02-27T09:26:23.501+01:00  INFO 23160 --- [readyroad-secure] [nio-8890-exec-1] c.r.r.config.RequestLoggingFilter        :   Authorization: Bearer [TOKEN_HIDDEN]
2026-02-27T09:26:23.501+01:00  INFO 23160 --- [readyroad-secure] [nio-8890-exec-1] c.r.r.config.RequestLoggingFilter        :   accept-language: *
2026-02-27T09:26:23.502+01:00  INFO 23160 --- [readyroad-secure] [nio-8890-exec-1] c.r.r.config.RequestLoggingFilter        :   sec-fetch-mode: cors
2026-02-27T09:26:23.502+01:00  INFO 23160 --- [readyroad-secure] [nio-8890-exec-1] c.r.r.config.RequestLoggingFilter        :   user-agent: node
2026-02-27T09:26:23.502+01:00  INFO 23160 --- [readyroad-secure] [nio-8890-exec-1] c.r.r.config.RequestLoggingFilter        :   pragma: no-cache
2026-02-27T09:26:23.503+01:00  INFO 23160 --- [readyroad-secure] [nio-8890-exec-1] c.r.r.config.RequestLoggingFilter        :   cache-control: no-cache
2026-02-27T09:26:23.503+01:00  INFO 23160 --- [readyroad-secure] [nio-8890-exec-1] c.r.r.config.RequestLoggingFilter        :   accept-encoding: gzip, deflate
2026-02-27T09:26:23.504+01:00  INFO 23160 --- [readyroad-secure] [nio-8890-exec-1] c.r.r.config.RequestLoggingFilter        : ════════════════════════════════════════
2026-02-27T09:26:23.507+01:00 DEBUG 23160 --- [readyroad-secure] [nio-8890-exec-1] org.hibernate.SQL                        : select count(qq1_0.id) from quiz_questions qq1_0 where qq1_0.category_id=? and qq1_0.is_active=true and qq1_0.status=?
2026-02-27T09:26:24.112+01:00 DEBUG 23160 --- [readyroad-secure] [nio-8890-exec-2] org.hibernate.SQL                        : select u1_0.id,u1_0.created_at,u1_0.email,u1_0.full_name,u1_0.is_active,u1_0.is_locked,u1_0.password_hash,u1_0.role,u1_0.updated_at,u1_0.username from users u1_0 where u1_0.username=?
2026-02-27T09:26:24.119+01:00  INFO 23160 --- [readyroad-secure] [nio-8890-exec-2] c.r.r.config.RequestLoggingFilter        : ════════════════════════════════════════
2026-02-27T09:26:24.120+01:00  INFO 23160 --- [readyroad-secure] [nio-8890-exec-2] c.r.r.config.RequestLoggingFilter        : 🌐 INCOMING REQUEST
2026-02-27T09:26:24.120+01:00  INFO 23160 --- [readyroad-secure] [nio-8890-exec-2] c.r.r.config.RequestLoggingFilter        : ════════════════════════════════════════
2026-02-27T09:26:24.120+01:00  INFO 23160 --- [readyroad-secure] [nio-8890-exec-2] c.r.r.config.RequestLoggingFilter        : Method: GET
2026-02-27T09:26:24.121+01:00  INFO 23160 --- [readyroad-secure] [nio-8890-exec-2] c.r.r.config.RequestLoggingFilter        : URI: /api/quiz/stats
2026-02-27T09:26:24.122+01:00  INFO 23160 --- [readyroad-secure] [nio-8890-exec-2] c.r.r.config.RequestLoggingFilter        : Remote Address: 0:0:0:0:0:0:0:1
2026-02-27T09:26:24.122+01:00  INFO 23160 --- [readyroad-secure] [nio-8890-exec-2] c.r.r.config.RequestLoggingFilter        : ----------------------------------------
2026-02-27T09:26:24.122+01:00  INFO 23160 --- [readyroad-secure] [nio-8890-exec-2] c.r.r.config.RequestLoggingFilter        : 📋 Request Headers:
2026-02-27T09:26:24.122+01:00  INFO 23160 --- [readyroad-secure] [nio-8890-exec-2] c.r.r.config.RequestLoggingFilter        :   host: localhost:8890
2026-02-27T09:26:24.123+01:00  INFO 23160 --- [readyroad-secure] [nio-8890-exec-2] c.r.r.config.RequestLoggingFilter        :   connection: keep-alive
2026-02-27T09:26:24.123+01:00  INFO 23160 --- [readyroad-secure] [nio-8890-exec-2] c.r.r.config.RequestLoggingFilter        :   Accept: application/json
2026-02-27T09:26:24.123+01:00  INFO 23160 --- [readyroad-secure] [nio-8890-exec-2] c.r.r.config.RequestLoggingFilter        :   Authorization: Bearer [TOKEN_HIDDEN]
2026-02-27T09:26:24.124+01:00  INFO 23160 --- [readyroad-secure] [nio-8890-exec-2] c.r.r.config.RequestLoggingFilter        :   accept-language: *
2026-02-27T09:26:24.124+01:00  INFO 23160 --- [readyroad-secure] [nio-8890-exec-2] c.r.r.config.RequestLoggingFilter        :   sec-fetch-mode: cors
2026-02-27T09:26:24.125+01:00  INFO 23160 --- [readyroad-secure] [nio-8890-exec-2] c.r.r.config.RequestLoggingFilter        :   user-agent: node
2026-02-27T09:26:24.126+01:00  INFO 23160 --- [readyroad-secure] [nio-8890-exec-2] c.r.r.config.RequestLoggingFilter        :   pragma: no-cache
2026-02-27T09:26:24.126+01:00  INFO 23160 --- [readyroad-secure] [nio-8890-exec-2] c.r.r.config.RequestLoggingFilter        :   cache-control: no-cache
2026-02-27T09:26:24.126+01:00  INFO 23160 --- [readyroad-secure] [nio-8890-exec-2] c.r.r.config.RequestLoggingFilter        :   accept-encoding: gzip, deflate
2026-02-27T09:26:24.126+01:00  INFO 23160 --- [readyroad-secure] [nio-8890-exec-2] c.r.r.config.RequestLoggingFilter        : ════════════════════════════════════════
2026-02-27T09:26:24.129+01:00 DEBUG 23160 --- [readyroad-secure] [nio-8890-exec-2] org.hibernate.SQL                        : select count(qq1_0.id) from quiz_questions qq1_0 where qq1_0.is_active=true and qq1_0.status=?
2026-02-27T09:26:24.136+01:00 DEBUG 23160 --- [readyroad-secure] [nio-8890-exec-2] org.hibernate.SQL                        : select c1_0.id,c1_0.code,c1_0.created_at,c1_0.description_ar,c1_0.description_en,c1_0.description_fr,c1_0.description_nl,c1_0.display_order,c1_0.is_active,c1_0.name_ar,c1_0.name_en,c1_0.name_fr,c1_0.name_nl,c1_0.updated_at from categories c1_0 where c1_0.is_active=true order by c1_0.display_order
2026-02-27T09:26:24.460+01:00 DEBUG 23160 --- [readyroad-secure] [nio-8890-exec-3] org.hibernate.SQL                        : select u1_0.id,u1_0.created_at,u1_0.email,u1_0.full_name,u1_0.is_active,u1_0.is_locked,u1_0.password_hash,u1_0.role,u1_0.updated_at,u1_0.username from users u1_0 where u1_0.username=?
2026-02-27T09:26:24.462+01:00 DEBUG 23160 --- [readyroad-secure] [nio-8890-exec-9] org.hibernate.SQL                        : select u1_0.id,u1_0.created_at,u1_0.email,u1_0.full_name,u1_0.is_active,u1_0.is_locked,u1_0.password_hash,u1_0.role,u1_0.updated_at,u1_0.username from users u1_0 where u1_0.username=?
2026-02-27T09:26:24.463+01:00 DEBUG 23160 --- [readyroad-secure] [nio-8890-exec-7] org.hibernate.SQL                        : select u1_0.id,u1_0.created_at,u1_0.email,u1_0.full_name,u1_0.is_active,u1_0.is_locked,u1_0.password_hash,u1_0.role,u1_0.updated_at,u1_0.username from users u1_0 where u1_0.username=?
2026-02-27T09:26:24.470+01:00  INFO 23160 --- [readyroad-secure] [nio-8890-exec-3] c.r.r.config.RequestLoggingFilter        : ════════════════════════════════════════
2026-02-27T09:26:24.470+01:00  INFO 23160 --- [readyroad-secure] [nio-8890-exec-9] c.r.r.config.RequestLoggingFilter        : ════════════════════════════════════════
2026-02-27T09:26:24.470+01:00  INFO 23160 --- [readyroad-secure] [nio-8890-exec-7] c.r.r.config.RequestLoggingFilter        : ════════════════════════════════════════
2026-02-27T09:26:24.470+01:00  INFO 23160 --- [readyroad-secure] [nio-8890-exec-3] c.r.r.config.RequestLoggingFilter        : 🌐 INCOMING REQUEST
2026-02-27T09:26:24.470+01:00  INFO 23160 --- [readyroad-secure] [nio-8890-exec-9] c.r.r.config.RequestLoggingFilter        : 🌐 INCOMING REQUEST
2026-02-27T09:26:24.471+01:00  INFO 23160 --- [readyroad-secure] [nio-8890-exec-7] c.r.r.config.RequestLoggingFilter        : 🌐 INCOMING REQUEST
2026-02-27T09:26:24.471+01:00  INFO 23160 --- [readyroad-secure] [nio-8890-exec-3] c.r.r.config.RequestLoggingFilter        : ════════════════════════════════════════
2026-02-27T09:26:24.471+01:00  INFO 23160 --- [readyroad-secure] [nio-8890-exec-9] c.r.r.config.RequestLoggingFilter        : ════════════════════════════════════════
2026-02-27T09:26:24.472+01:00  INFO 23160 --- [readyroad-secure] [nio-8890-exec-7] c.r.r.config.RequestLoggingFilter        : ════════════════════════════════════════
2026-02-27T09:26:24.472+01:00  INFO 23160 --- [readyroad-secure] [nio-8890-exec-3] c.r.r.config.RequestLoggingFilter        : Method: GET
2026-02-27T09:26:24.473+01:00  INFO 23160 --- [readyroad-secure] [nio-8890-exec-9] c.r.r.config.RequestLoggingFilter        : Method: GET
2026-02-27T09:26:24.473+01:00  INFO 23160 --- [readyroad-secure] [nio-8890-exec-7] c.r.r.config.RequestLoggingFilter        : Method: GET
2026-02-27T09:26:24.474+01:00  INFO 23160 --- [readyroad-secure] [nio-8890-exec-3] c.r.r.config.RequestLoggingFilter        : URI: /api/quiz/stats/category/1
2026-02-27T09:26:24.474+01:00  INFO 23160 --- [readyroad-secure] [nio-8890-exec-9] c.r.r.config.RequestLoggingFilter        : URI: /api/quiz/stats/category/2
2026-02-27T09:26:24.474+01:00  INFO 23160 --- [readyroad-secure] [nio-8890-exec-7] c.r.r.config.RequestLoggingFilter        : URI: /api/quiz/stats/category/3
2026-02-27T09:26:24.475+01:00  INFO 23160 --- [readyroad-secure] [nio-8890-exec-3] c.r.r.config.RequestLoggingFilter        : Remote Address: 0:0:0:0:0:0:0:1
2026-02-27T09:26:24.475+01:00  INFO 23160 --- [readyroad-secure] [nio-8890-exec-9] c.r.r.config.RequestLoggingFilter        : Remote Address: 0:0:0:0:0:0:0:1
2026-02-27T09:26:24.475+01:00  INFO 23160 --- [readyroad-secure] [nio-8890-exec-7] c.r.r.config.RequestLoggingFilter        : Remote Address: 0:0:0:0:0:0:0:1
2026-02-27T09:26:24.476+01:00  INFO 23160 --- [readyroad-secure] [nio-8890-exec-3] c.r.r.config.RequestLoggingFilter        : ----------------------------------------
2026-02-27T09:26:24.476+01:00  INFO 23160 --- [readyroad-secure] [nio-8890-exec-9] c.r.r.config.RequestLoggingFilter        : ----------------------------------------
2026-02-27T09:26:24.476+01:00  INFO 23160 --- [readyroad-secure] [nio-8890-exec-7] c.r.r.config.RequestLoggingFilter        : ----------------------------------------
2026-02-27T09:26:24.476+01:00  INFO 23160 --- [readyroad-secure] [nio-8890-exec-3] c.r.r.config.RequestLoggingFilter        : 📋 Request Headers:
2026-02-27T09:26:24.477+01:00  INFO 23160 --- [readyroad-secure] [nio-8890-exec-9] c.r.r.config.RequestLoggingFilter        : 📋 Request Headers:
2026-02-27T09:26:24.477+01:00  INFO 23160 --- [readyroad-secure] [nio-8890-exec-7] c.r.r.config.RequestLoggingFilter        : 📋 Request Headers:
2026-02-27T09:26:24.477+01:00  INFO 23160 --- [readyroad-secure] [nio-8890-exec-3] c.r.r.config.RequestLoggingFilter        :   host: localhost:8890
2026-02-27T09:26:24.478+01:00  INFO 23160 --- [readyroad-secure] [nio-8890-exec-9] c.r.r.config.RequestLoggingFilter        :   host: localhost:8890
2026-02-27T09:26:24.478+01:00  INFO 23160 --- [readyroad-secure] [nio-8890-exec-7] c.r.r.config.RequestLoggingFilter        :   host: localhost:8890
2026-02-27T09:26:24.478+01:00  INFO 23160 --- [readyroad-secure] [nio-8890-exec-3] c.r.r.config.RequestLoggingFilter        :   connection: keep-alive
2026-02-27T09:26:24.478+01:00  INFO 23160 --- [readyroad-secure] [nio-8890-exec-9] c.r.r.config.RequestLoggingFilter        :   connection: keep-alive
2026-02-27T09:26:24.479+01:00  INFO 23160 --- [readyroad-secure] [nio-8890-exec-7] c.r.r.config.RequestLoggingFilter        :   connection: keep-alive
2026-02-27T09:26:24.479+01:00  INFO 23160 --- [readyroad-secure] [nio-8890-exec-3] c.r.r.config.RequestLoggingFilter        :   Accept: application/json
2026-02-27T09:26:24.480+01:00  INFO 23160 --- [readyroad-secure] [nio-8890-exec-9] c.r.r.config.RequestLoggingFilter        :   Accept: application/json
2026-02-27T09:26:24.480+01:00  INFO 23160 --- [readyroad-secure] [nio-8890-exec-7] c.r.r.config.RequestLoggingFilter        :   Accept: application/json
2026-02-27T09:26:24.480+01:00  INFO 23160 --- [readyroad-secure] [nio-8890-exec-3] c.r.r.config.RequestLoggingFilter        :   Authorization: Bearer [TOKEN_HIDDEN]
2026-02-27T09:26:24.481+01:00  INFO 23160 --- [readyroad-secure] [nio-8890-exec-9] c.r.r.config.RequestLoggingFilter        :   Authorization: Bearer [TOKEN_HIDDEN]
2026-02-27T09:26:24.481+01:00  INFO 23160 --- [readyroad-secure] [nio-8890-exec-7] c.r.r.config.RequestLoggingFilter        :   Authorization: Bearer [TOKEN_HIDDEN]
2026-02-27T09:26:24.481+01:00  INFO 23160 --- [readyroad-secure] [nio-8890-exec-3] c.r.r.config.RequestLoggingFilter        :   accept-language: *
2026-02-27T09:26:24.482+01:00  INFO 23160 --- [readyroad-secure] [nio-8890-exec-9] c.r.r.config.RequestLoggingFilter        :   accept-language: *
2026-02-27T09:26:24.482+01:00  INFO 23160 --- [readyroad-secure] [nio-8890-exec-7] c.r.r.config.RequestLoggingFilter        :   accept-language: *
2026-02-27T09:26:24.482+01:00  INFO 23160 --- [readyroad-secure] [nio-8890-exec-3] c.r.r.config.RequestLoggingFilter        :   sec-fetch-mode: cors
2026-02-27T09:26:24.483+01:00  INFO 23160 --- [readyroad-secure] [nio-8890-exec-9] c.r.r.config.RequestLoggingFilter        :   sec-fetch-mode: cors
2026-02-27T09:26:24.483+01:00  INFO 23160 --- [readyroad-secure] [nio-8890-exec-7] c.r.r.config.RequestLoggingFilter        :   sec-fetch-mode: cors
2026-02-27T09:26:24.484+01:00  INFO 23160 --- [readyroad-secure] [nio-8890-exec-3] c.r.r.config.RequestLoggingFilter        :   user-agent: node
2026-02-27T09:26:24.484+01:00  INFO 23160 --- [readyroad-secure] [nio-8890-exec-9] c.r.r.config.RequestLoggingFilter        :   user-agent: node
2026-02-27T09:26:24.484+01:00  INFO 23160 --- [readyroad-secure] [nio-8890-exec-7] c.r.r.config.RequestLoggingFilter        :   user-agent: node
2026-02-27T09:26:24.485+01:00  INFO 23160 --- [readyroad-secure] [nio-8890-exec-3] c.r.r.config.RequestLoggingFilter        :   pragma: no-cache
2026-02-27T09:26:24.485+01:00  INFO 23160 --- [readyroad-secure] [nio-8890-exec-9] c.r.r.config.RequestLoggingFilter        :   pragma: no-cache
2026-02-27T09:26:24.486+01:00  INFO 23160 --- [readyroad-secure] [nio-8890-exec-7] c.r.r.config.RequestLoggingFilter        :   pragma: no-cache
2026-02-27T09:26:24.487+01:00  INFO 23160 --- [readyroad-secure] [nio-8890-exec-3] c.r.r.config.RequestLoggingFilter        :   cache-control: no-cache
2026-02-27T09:26:24.488+01:00  INFO 23160 --- [readyroad-secure] [nio-8890-exec-9] c.r.r.config.RequestLoggingFilter        :   cache-control: no-cache
2026-02-27T09:26:24.488+01:00  INFO 23160 --- [readyroad-secure] [nio-8890-exec-7] c.r.r.config.RequestLoggingFilter        :   cache-control: no-cache
2026-02-27T09:26:24.488+01:00  INFO 23160 --- [readyroad-secure] [nio-8890-exec-3] c.r.r.config.RequestLoggingFilter        :   accept-encoding: gzip, deflate
2026-02-27T09:26:24.488+01:00  INFO 23160 --- [readyroad-secure] [nio-8890-exec-9] c.r.r.config.RequestLoggingFilter        :   accept-encoding: gzip, deflate
2026-02-27T09:26:24.489+01:00  INFO 23160 --- [readyroad-secure] [nio-8890-exec-7] c.r.r.config.RequestLoggingFilter        :   accept-encoding: gzip, deflate
2026-02-27T09:26:24.489+01:00  INFO 23160 --- [readyroad-secure] [nio-8890-exec-3] c.r.r.config.RequestLoggingFilter        : ════════════════════════════════════════
2026-02-27T09:26:24.489+01:00  INFO 23160 --- [readyroad-secure] [nio-8890-exec-9] c.r.r.config.RequestLoggingFilter        : ════════════════════════════════════════
2026-02-27T09:26:24.490+01:00  INFO 23160 --- [readyroad-secure] [nio-8890-exec-7] c.r.r.config.RequestLoggingFilter        : ════════════════════════════════════════
2026-02-27T09:26:24.493+01:00 DEBUG 23160 --- [readyroad-secure] [nio-8890-exec-3] org.hibernate.SQL                        : select count(qq1_0.id) from quiz_questions qq1_0 where qq1_0.category_id=? and qq1_0.is_active=true and qq1_0.status=?
2026-02-27T09:26:24.493+01:00 DEBUG 23160 --- [readyroad-secure] [nio-8890-exec-7] org.hibernate.SQL                        : select count(qq1_0.id) from quiz_questions qq1_0 where qq1_0.category_id=? and qq1_0.is_active=true and qq1_0.status=?
2026-02-27T09:26:24.493+01:00 DEBUG 23160 --- [readyroad-secure] [nio-8890-exec-9] org.hibernate.SQL                        : select count(qq1_0.id) from quiz_questions qq1_0 where qq1_0.category_id=? and qq1_0.is_active=true and qq1_0.status=?
2026-02-27T09:26:24.525+01:00 DEBUG 23160 --- [readyroad-secure] [io-8890-exec-10] org.hibernate.SQL                        : select u1_0.id,u1_0.created_at,u1_0.email,u1_0.full_name,u1_0.is_active,u1_0.is_locked,u1_0.password_hash,u1_0.role,u1_0.updated_at,u1_0.username from users u1_0 where u1_0.username=?
2026-02-27T09:26:24.526+01:00 DEBUG 23160 --- [readyroad-secure] [nio-8890-exec-6] org.hibernate.SQL                        : select u1_0.id,u1_0.created_at,u1_0.email,u1_0.full_name,u1_0.is_active,u1_0.is_locked,u1_0.password_hash,u1_0.role,u1_0.updated_at,u1_0.username from users u1_0 where u1_0.username=?
2026-02-27T09:26:24.530+01:00  INFO 23160 --- [readyroad-secure] [io-8890-exec-10] c.r.r.config.RequestLoggingFilter        : ════════════════════════════════════════
2026-02-27T09:26:24.530+01:00  INFO 23160 --- [readyroad-secure] [nio-8890-exec-6] c.r.r.config.RequestLoggingFilter        : ════════════════════════════════════════
2026-02-27T09:26:24.530+01:00  INFO 23160 --- [readyroad-secure] [io-8890-exec-10] c.r.r.config.RequestLoggingFilter        : 🌐 INCOMING REQUEST
2026-02-27T09:26:24.530+01:00  INFO 23160 --- [readyroad-secure] [nio-8890-exec-6] c.r.r.config.RequestLoggingFilter        : 🌐 INCOMING REQUEST
2026-02-27T09:26:24.531+01:00  INFO 23160 --- [readyroad-secure] [io-8890-exec-10] c.r.r.config.RequestLoggingFilter        : ════════════════════════════════════════
2026-02-27T09:26:24.531+01:00  INFO 23160 --- [readyroad-secure] [nio-8890-exec-6] c.r.r.config.RequestLoggingFilter        : ════════════════════════════════════════
2026-02-27T09:26:24.531+01:00  INFO 23160 --- [readyroad-secure] [io-8890-exec-10] c.r.r.config.RequestLoggingFilter        : Method: GET
2026-02-27T09:26:24.532+01:00  INFO 23160 --- [readyroad-secure] [nio-8890-exec-6] c.r.r.config.RequestLoggingFilter        : Method: GET
2026-02-27T09:26:24.532+01:00  INFO 23160 --- [readyroad-secure] [io-8890-exec-10] c.r.r.config.RequestLoggingFilter        : URI: /api/quiz/stats/category/4
2026-02-27T09:26:24.533+01:00  INFO 23160 --- [readyroad-secure] [nio-8890-exec-6] c.r.r.config.RequestLoggingFilter        : URI: /api/quiz/stats/category/5
2026-02-27T09:26:24.533+01:00  INFO 23160 --- [readyroad-secure] [io-8890-exec-10] c.r.r.config.RequestLoggingFilter        : Remote Address: 0:0:0:0:0:0:0:1
2026-02-27T09:26:24.533+01:00  INFO 23160 --- [readyroad-secure] [nio-8890-exec-6] c.r.r.config.RequestLoggingFilter        : Remote Address: 0:0:0:0:0:0:0:1
2026-02-27T09:26:24.534+01:00  INFO 23160 --- [readyroad-secure] [io-8890-exec-10] c.r.r.config.RequestLoggingFilter        : ----------------------------------------
2026-02-27T09:26:24.534+01:00  INFO 23160 --- [readyroad-secure] [nio-8890-exec-6] c.r.r.config.RequestLoggingFilter        : ----------------------------------------
2026-02-27T09:26:24.535+01:00  INFO 23160 --- [readyroad-secure] [io-8890-exec-10] c.r.r.config.RequestLoggingFilter        : 📋 Request Headers:
2026-02-27T09:26:24.535+01:00  INFO 23160 --- [readyroad-secure] [nio-8890-exec-6] c.r.r.config.RequestLoggingFilter        : 📋 Request Headers:
2026-02-27T09:26:24.535+01:00  INFO 23160 --- [readyroad-secure] [io-8890-exec-10] c.r.r.config.RequestLoggingFilter        :   host: localhost:8890
2026-02-27T09:26:24.535+01:00  INFO 23160 --- [readyroad-secure] [nio-8890-exec-6] c.r.r.config.RequestLoggingFilter        :   host: localhost:8890
2026-02-27T09:26:24.536+01:00  INFO 23160 --- [readyroad-secure] [io-8890-exec-10] c.r.r.config.RequestLoggingFilter        :   connection: keep-alive
2026-02-27T09:26:24.536+01:00  INFO 23160 --- [readyroad-secure] [nio-8890-exec-6] c.r.r.config.RequestLoggingFilter        :   connection: keep-alive
2026-02-27T09:26:24.536+01:00  INFO 23160 --- [readyroad-secure] [io-8890-exec-10] c.r.r.config.RequestLoggingFilter        :   Accept: application/json
2026-02-27T09:26:24.537+01:00  INFO 23160 --- [readyroad-secure] [nio-8890-exec-6] c.r.r.config.RequestLoggingFilter        :   Accept: application/json
2026-02-27T09:26:24.537+01:00  INFO 23160 --- [readyroad-secure] [io-8890-exec-10] c.r.r.config.RequestLoggingFilter        :   Authorization: Bearer [TOKEN_HIDDEN]
2026-02-27T09:26:24.537+01:00  INFO 23160 --- [readyroad-secure] [nio-8890-exec-6] c.r.r.config.RequestLoggingFilter        :   Authorization: Bearer [TOKEN_HIDDEN]
2026-02-27T09:26:24.538+01:00  INFO 23160 --- [readyroad-secure] [io-8890-exec-10] c.r.r.config.RequestLoggingFilter        :   accept-language: *
2026-02-27T09:26:24.539+01:00  INFO 23160 --- [readyroad-secure] [nio-8890-exec-6] c.r.r.config.RequestLoggingFilter        :   accept-language: *
2026-02-27T09:26:24.539+01:00  INFO 23160 --- [readyroad-secure] [io-8890-exec-10] c.r.r.config.RequestLoggingFilter        :   sec-fetch-mode: cors
2026-02-27T09:26:24.539+01:00  INFO 23160 --- [readyroad-secure] [nio-8890-exec-6] c.r.r.config.RequestLoggingFilter        :   sec-fetch-mode: cors
2026-02-27T09:26:24.540+01:00  INFO 23160 --- [readyroad-secure] [io-8890-exec-10] c.r.r.config.RequestLoggingFilter        :   user-agent: node
2026-02-27T09:26:24.540+01:00  INFO 23160 --- [readyroad-secure] [nio-8890-exec-6] c.r.r.config.RequestLoggingFilter        :   user-agent: node
2026-02-27T09:26:24.540+01:00  INFO 23160 --- [readyroad-secure] [io-8890-exec-10] c.r.r.config.RequestLoggingFilter        :   pragma: no-cache
2026-02-27T09:26:24.540+01:00  INFO 23160 --- [readyroad-secure] [nio-8890-exec-6] c.r.r.config.RequestLoggingFilter        :   pragma: no-cache
2026-02-27T09:26:24.540+01:00  INFO 23160 --- [readyroad-secure] [io-8890-exec-10] c.r.r.config.RequestLoggingFilter        :   cache-control: no-cache
2026-02-27T09:26:24.541+01:00  INFO 23160 --- [readyroad-secure] [nio-8890-exec-6] c.r.r.config.RequestLoggingFilter        :   cache-control: no-cache
2026-02-27T09:26:24.541+01:00  INFO 23160 --- [readyroad-secure] [io-8890-exec-10] c.r.r.config.RequestLoggingFilter        :   accept-encoding: gzip, deflate
2026-02-27T09:26:24.541+01:00  INFO 23160 --- [readyroad-secure] [nio-8890-exec-6] c.r.r.config.RequestLoggingFilter        :   accept-encoding: gzip, deflate
2026-02-27T09:26:24.541+01:00  INFO 23160 --- [readyroad-secure] [io-8890-exec-10] c.r.r.config.RequestLoggingFilter        : ════════════════════════════════════════
2026-02-27T09:26:24.541+01:00  INFO 23160 --- [readyroad-secure] [nio-8890-exec-6] c.r.r.config.RequestLoggingFilter        : ════════════════════════════════════════
2026-02-27T09:26:24.545+01:00 DEBUG 23160 --- [readyroad-secure] [nio-8890-exec-6] org.hibernate.SQL                        : select count(qq1_0.id) from quiz_questions qq1_0 where qq1_0.category_id=? and qq1_0.is_active=true and qq1_0.status=?
2026-02-27T09:26:24.545+01:00 DEBUG 23160 --- [readyroad-secure] [io-8890-exec-10] org.hibernate.SQL                        : select count(qq1_0.id) from quiz_questions qq1_0 where qq1_0.category_id=? and qq1_0.is_active=true and qq1_0.status=?
2026-02-27T09:26:25.111+01:00 DEBUG 23160 --- [readyroad-secure] [nio-8890-exec-4] org.hibernate.SQL                        : select u1_0.id,u1_0.created_at,u1_0.email,u1_0.full_name,u1_0.is_active,u1_0.is_locked,u1_0.password_hash,u1_0.role,u1_0.updated_at,u1_0.username from users u1_0 where u1_0.username=?
2026-02-27T09:26:25.113+01:00 DEBUG 23160 --- [readyroad-secure] [nio-8890-exec-5] org.hibernate.SQL                        : select u1_0.id,u1_0.created_at,u1_0.email,u1_0.full_name,u1_0.is_active,u1_0.is_locked,u1_0.password_hash,u1_0.role,u1_0.updated_at,u1_0.username from users u1_0 where u1_0.username=?
2026-02-27T09:26:25.117+01:00  INFO 23160 --- [readyroad-secure] [nio-8890-exec-4] c.r.r.config.RequestLoggingFilter        : ════════════════════════════════════════
2026-02-27T09:26:25.118+01:00  INFO 23160 --- [readyroad-secure] [nio-8890-exec-4] c.r.r.config.RequestLoggingFilter        : 🌐 INCOMING REQUEST
2026-02-27T09:26:25.118+01:00  INFO 23160 --- [readyroad-secure] [nio-8890-exec-4] c.r.r.config.RequestLoggingFilter        : ════════════════════════════════════════
2026-02-27T09:26:25.118+01:00  INFO 23160 --- [readyroad-secure] [nio-8890-exec-5] c.r.r.config.RequestLoggingFilter        : ════════════════════════════════════════
2026-02-27T09:26:25.118+01:00  INFO 23160 --- [readyroad-secure] [nio-8890-exec-4] c.r.r.config.RequestLoggingFilter        : Method: GET
2026-02-27T09:26:25.118+01:00  INFO 23160 --- [readyroad-secure] [nio-8890-exec-5] c.r.r.config.RequestLoggingFilter        : 🌐 INCOMING REQUEST
2026-02-27T09:26:25.119+01:00 DEBUG 23160 --- [readyroad-secure] [nio-8890-exec-8] org.hibernate.SQL                        : select u1_0.id,u1_0.created_at,u1_0.email,u1_0.full_name,u1_0.is_active,u1_0.is_locked,u1_0.password_hash,u1_0.role,u1_0.updated_at,u1_0.username from users u1_0 where u1_0.username=?
2026-02-27T09:26:25.119+01:00  INFO 23160 --- [readyroad-secure] [nio-8890-exec-4] c.r.r.config.RequestLoggingFilter        : URI: /api/quiz/stats/category/6
2026-02-27T09:26:25.119+01:00  INFO 23160 --- [readyroad-secure] [nio-8890-exec-5] c.r.r.config.RequestLoggingFilter        : ════════════════════════════════════════
2026-02-27T09:26:25.120+01:00  INFO 23160 --- [readyroad-secure] [nio-8890-exec-4] c.r.r.config.RequestLoggingFilter        : Remote Address: 0:0:0:0:0:0:0:1
2026-02-27T09:26:25.120+01:00  INFO 23160 --- [readyroad-secure] [nio-8890-exec-5] c.r.r.config.RequestLoggingFilter        : Method: GET
2026-02-27T09:26:25.120+01:00  INFO 23160 --- [readyroad-secure] [nio-8890-exec-4] c.r.r.config.RequestLoggingFilter        : ----------------------------------------
2026-02-27T09:26:25.120+01:00  INFO 23160 --- [readyroad-secure] [nio-8890-exec-5] c.r.r.config.RequestLoggingFilter        : URI: /api/quiz/stats/category/7
2026-02-27T09:26:25.121+01:00  INFO 23160 --- [readyroad-secure] [nio-8890-exec-4] c.r.r.config.RequestLoggingFilter        : 📋 Request Headers:
2026-02-27T09:26:25.121+01:00  INFO 23160 --- [readyroad-secure] [nio-8890-exec-5] c.r.r.config.RequestLoggingFilter        : Remote Address: 0:0:0:0:0:0:0:1
2026-02-27T09:26:25.121+01:00  INFO 23160 --- [readyroad-secure] [nio-8890-exec-4] c.r.r.config.RequestLoggingFilter        :   host: localhost:8890
2026-02-27T09:26:25.121+01:00  INFO 23160 --- [readyroad-secure] [nio-8890-exec-5] c.r.r.config.RequestLoggingFilter        : ----------------------------------------
2026-02-27T09:26:25.122+01:00  INFO 23160 --- [readyroad-secure] [nio-8890-exec-4] c.r.r.config.RequestLoggingFilter        :   connection: keep-alive
2026-02-27T09:26:25.122+01:00  INFO 23160 --- [readyroad-secure] [nio-8890-exec-5] c.r.r.config.RequestLoggingFilter        : 📋 Request Headers:
2026-02-27T09:26:25.122+01:00  INFO 23160 --- [readyroad-secure] [nio-8890-exec-4] c.r.r.config.RequestLoggingFilter        :   Accept: application/json
2026-02-27T09:26:25.123+01:00  INFO 23160 --- [readyroad-secure] [nio-8890-exec-5] c.r.r.config.RequestLoggingFilter        :   host: localhost:8890
2026-02-27T09:26:25.123+01:00  INFO 23160 --- [readyroad-secure] [nio-8890-exec-4] c.r.r.config.RequestLoggingFilter        :   Authorization: Bearer [TOKEN_HIDDEN]
2026-02-27T09:26:25.123+01:00  INFO 23160 --- [readyroad-secure] [nio-8890-exec-5] c.r.r.config.RequestLoggingFilter        :   connection: keep-alive
2026-02-27T09:26:25.123+01:00  INFO 23160 --- [readyroad-secure] [nio-8890-exec-4] c.r.r.config.RequestLoggingFilter        :   accept-language: *
2026-02-27T09:26:25.124+01:00  INFO 23160 --- [readyroad-secure] [nio-8890-exec-8] c.r.r.config.RequestLoggingFilter        : ════════════════════════════════════════
2026-02-27T09:26:25.124+01:00  INFO 23160 --- [readyroad-secure] [nio-8890-exec-5] c.r.r.config.RequestLoggingFilter        :   Accept: application/json
2026-02-27T09:26:25.124+01:00  INFO 23160 --- [readyroad-secure] [nio-8890-exec-4] c.r.r.config.RequestLoggingFilter        :   sec-fetch-mode: cors
2026-02-27T09:26:25.124+01:00  INFO 23160 --- [readyroad-secure] [nio-8890-exec-8] c.r.r.config.RequestLoggingFilter        : 🌐 INCOMING REQUEST
2026-02-27T09:26:25.124+01:00  INFO 23160 --- [readyroad-secure] [nio-8890-exec-5] c.r.r.config.RequestLoggingFilter        :   Authorization: Bearer [TOKEN_HIDDEN]
2026-02-27T09:26:25.125+01:00  INFO 23160 --- [readyroad-secure] [nio-8890-exec-4] c.r.r.config.RequestLoggingFilter        :   user-agent: node
2026-02-27T09:26:25.125+01:00  INFO 23160 --- [readyroad-secure] [nio-8890-exec-8] c.r.r.config.RequestLoggingFilter        : ════════════════════════════════════════
2026-02-27T09:26:25.125+01:00  INFO 23160 --- [readyroad-secure] [nio-8890-exec-5] c.r.r.config.RequestLoggingFilter        :   accept-language: *
2026-02-27T09:26:25.126+01:00  INFO 23160 --- [readyroad-secure] [nio-8890-exec-4] c.r.r.config.RequestLoggingFilter        :   pragma: no-cache
2026-02-27T09:26:25.126+01:00  INFO 23160 --- [readyroad-secure] [nio-8890-exec-8] c.r.r.config.RequestLoggingFilter        : Method: GET
2026-02-27T09:26:25.126+01:00  INFO 23160 --- [readyroad-secure] [nio-8890-exec-5] c.r.r.config.RequestLoggingFilter        :   sec-fetch-mode: cors
2026-02-27T09:26:25.127+01:00  INFO 23160 --- [readyroad-secure] [nio-8890-exec-4] c.r.r.config.RequestLoggingFilter        :   cache-control: no-cache
2026-02-27T09:26:25.127+01:00  INFO 23160 --- [readyroad-secure] [nio-8890-exec-8] c.r.r.config.RequestLoggingFilter        : URI: /api/quiz/stats/category/8
2026-02-27T09:26:25.127+01:00  INFO 23160 --- [readyroad-secure] [nio-8890-exec-5] c.r.r.config.RequestLoggingFilter        :   user-agent: node
2026-02-27T09:26:25.127+01:00  INFO 23160 --- [readyroad-secure] [nio-8890-exec-4] c.r.r.config.RequestLoggingFilter        :   accept-encoding: gzip, deflate
2026-02-27T09:26:25.128+01:00  INFO 23160 --- [readyroad-secure] [nio-8890-exec-8] c.r.r.config.RequestLoggingFilter        : Remote Address: 0:0:0:0:0:0:0:1
2026-02-27T09:26:25.128+01:00  INFO 23160 --- [readyroad-secure] [nio-8890-exec-5] c.r.r.config.RequestLoggingFilter        :   pragma: no-cache
2026-02-27T09:26:25.128+01:00  INFO 23160 --- [readyroad-secure] [nio-8890-exec-4] c.r.r.config.RequestLoggingFilter        : ════════════════════════════════════════
2026-02-27T09:26:25.128+01:00  INFO 23160 --- [readyroad-secure] [nio-8890-exec-8] c.r.r.config.RequestLoggingFilter        : ----------------------------------------
2026-02-27T09:26:25.129+01:00  INFO 23160 --- [readyroad-secure] [nio-8890-exec-5] c.r.r.config.RequestLoggingFilter        :   cache-control: no-cache
2026-02-27T09:26:25.129+01:00  INFO 23160 --- [readyroad-secure] [nio-8890-exec-8] c.r.r.config.RequestLoggingFilter        : 📋 Request Headers:
2026-02-27T09:26:25.129+01:00  INFO 23160 --- [readyroad-secure] [nio-8890-exec-5] c.r.r.config.RequestLoggingFilter        :   accept-encoding: gzip, deflate
2026-02-27T09:26:25.129+01:00  INFO 23160 --- [readyroad-secure] [nio-8890-exec-8] c.r.r.config.RequestLoggingFilter        :   host: localhost:8890
2026-02-27T09:26:25.129+01:00  INFO 23160 --- [readyroad-secure] [nio-8890-exec-5] c.r.r.config.RequestLoggingFilter        : ════════════════════════════════════════
2026-02-27T09:26:25.130+01:00  INFO 23160 --- [readyroad-secure] [nio-8890-exec-8] c.r.r.config.RequestLoggingFilter        :   connection: keep-alive
2026-02-27T09:26:25.130+01:00  INFO 23160 --- [readyroad-secure] [nio-8890-exec-8] c.r.r.config.RequestLoggingFilter        :   Accept: application/json
2026-02-27T09:26:25.132+01:00  INFO 23160 --- [readyroad-secure] [nio-8890-exec-8] c.r.r.config.RequestLoggingFilter        :   Authorization: Bearer [TOKEN_HIDDEN]
2026-02-27T09:26:25.132+01:00  INFO 23160 --- [readyroad-secure] [nio-8890-exec-8] c.r.r.config.RequestLoggingFilter        :   accept-language: *
2026-02-27T09:26:25.133+01:00  INFO 23160 --- [readyroad-secure] [nio-8890-exec-8] c.r.r.config.RequestLoggingFilter        :   sec-fetch-mode: cors
2026-02-27T09:26:25.133+01:00 DEBUG 23160 --- [readyroad-secure] [nio-8890-exec-4] org.hibernate.SQL                        : select count(qq1_0.id) from quiz_questions qq1_0 where qq1_0.category_id=? and qq1_0.is_active=true and qq1_0.status=?
2026-02-27T09:26:25.133+01:00  INFO 23160 --- [readyroad-secure] [nio-8890-exec-8] c.r.r.config.RequestLoggingFilter        :   user-agent: node
2026-02-27T09:26:25.134+01:00  INFO 23160 --- [readyroad-secure] [nio-8890-exec-8] c.r.r.config.RequestLoggingFilter        :   pragma: no-cache
2026-02-27T09:26:25.134+01:00 DEBUG 23160 --- [readyroad-secure] [nio-8890-exec-5] org.hibernate.SQL                        : select count(qq1_0.id) from quiz_questions qq1_0 where qq1_0.category_id=? and qq1_0.is_active=true and qq1_0.status=?
2026-02-27T09:26:25.134+01:00  INFO 23160 --- [readyroad-secure] [nio-8890-exec-8] c.r.r.config.RequestLoggingFilter        :   cache-control: no-cache
2026-02-27T09:26:25.135+01:00  INFO 23160 --- [readyroad-secure] [nio-8890-exec-8] c.r.r.config.RequestLoggingFilter        :   accept-encoding: gzip, deflate
2026-02-27T09:26:25.135+01:00  INFO 23160 --- [readyroad-secure] [nio-8890-exec-8] c.r.r.config.RequestLoggingFilter        : ════════════════════════════════════════
2026-02-27T09:26:25.139+01:00 DEBUG 23160 --- [readyroad-secure] [nio-8890-exec-8] org.hibernate.SQL                        : select count(qq1_0.id) from quiz_questions qq1_0 where qq1_0.category_id=? and qq1_0.is_active=true and qq1_0.status=?
2026-02-27T09:26:25.147+01:00 DEBUG 23160 --- [readyroad-secure] [nio-8890-exec-1] org.hibernate.SQL                        : select u1_0.id,u1_0.created_at,u1_0.email,u1_0.full_name,u1_0.is_active,u1_0.is_locked,u1_0.password_hash,u1_0.role,u1_0.updated_at,u1_0.username from users u1_0 where u1_0.username=?
2026-02-27T09:26:25.152+01:00  INFO 23160 --- [readyroad-secure] [nio-8890-exec-1] c.r.r.config.RequestLoggingFilter        : ════════════════════════════════════════
2026-02-27T09:26:25.153+01:00  INFO 23160 --- [readyroad-secure] [nio-8890-exec-1] c.r.r.config.RequestLoggingFilter        : 🌐 INCOMING REQUEST
2026-02-27T09:26:25.153+01:00  INFO 23160 --- [readyroad-secure] [nio-8890-exec-1] c.r.r.config.RequestLoggingFilter        : ════════════════════════════════════════
2026-02-27T09:26:25.153+01:00  INFO 23160 --- [readyroad-secure] [nio-8890-exec-1] c.r.r.config.RequestLoggingFilter        : Method: GET
2026-02-27T09:26:25.154+01:00  INFO 23160 --- [readyroad-secure] [nio-8890-exec-1] c.r.r.config.RequestLoggingFilter        : URI: /api/quiz/stats/category/9
2026-02-27T09:26:25.154+01:00  INFO 23160 --- [readyroad-secure] [nio-8890-exec-1] c.r.r.config.RequestLoggingFilter        : Remote Address: 0:0:0:0:0:0:0:1
2026-02-27T09:26:25.154+01:00  INFO 23160 --- [readyroad-secure] [nio-8890-exec-1] c.r.r.config.RequestLoggingFilter        : ----------------------------------------
2026-02-27T09:26:25.154+01:00  INFO 23160 --- [readyroad-secure] [nio-8890-exec-1] c.r.r.config.RequestLoggingFilter        : 📋 Request Headers:
2026-02-27T09:26:25.155+01:00  INFO 23160 --- [readyroad-secure] [nio-8890-exec-1] c.r.r.config.RequestLoggingFilter        :   host: localhost:8890
2026-02-27T09:26:25.155+01:00  INFO 23160 --- [readyroad-secure] [nio-8890-exec-1] c.r.r.config.RequestLoggingFilter        :   connection: keep-alive
2026-02-27T09:26:25.155+01:00  INFO 23160 --- [readyroad-secure] [nio-8890-exec-1] c.r.r.config.RequestLoggingFilter        :   Accept: application/json
2026-02-27T09:26:25.156+01:00  INFO 23160 --- [readyroad-secure] [nio-8890-exec-1] c.r.r.config.RequestLoggingFilter        :   Authorization: Bearer [TOKEN_HIDDEN]
2026-02-27T09:26:25.156+01:00  INFO 23160 --- [readyroad-secure] [nio-8890-exec-1] c.r.r.config.RequestLoggingFilter        :   accept-language: *
2026-02-27T09:26:25.156+01:00  INFO 23160 --- [readyroad-secure] [nio-8890-exec-1] c.r.r.config.RequestLoggingFilter        :   sec-fetch-mode: cors
2026-02-27T09:26:25.157+01:00  INFO 23160 --- [readyroad-secure] [nio-8890-exec-1] c.r.r.config.RequestLoggingFilter        :   user-agent: node
2026-02-27T09:26:25.157+01:00  INFO 23160 --- [readyroad-secure] [nio-8890-exec-1] c.r.r.config.RequestLoggingFilter        :   pragma: no-cache
2026-02-27T09:26:25.157+01:00  INFO 23160 --- [readyroad-secure] [nio-8890-exec-1] c.r.r.config.RequestLoggingFilter        :   cache-control: no-cache
2026-02-27T09:26:25.158+01:00  INFO 23160 --- [readyroad-secure] [nio-8890-exec-1] c.r.r.config.RequestLoggingFilter        :   accept-encoding: gzip, deflate
2026-02-27T09:26:25.158+01:00  INFO 23160 --- [readyroad-secure] [nio-8890-exec-1] c.r.r.config.RequestLoggingFilter        : ════════════════════════════════════════
2026-02-27T09:26:25.161+01:00 DEBUG 23160 --- [readyroad-secure] [nio-8890-exec-1] org.hibernate.SQL                        : select count(qq1_0.id) from quiz_questions qq1_0 where qq1_0.category_id=? and qq1_0.is_active=true and qq1_0.status=?
2026-02-27T09:26:25.264+01:00 DEBUG 23160 --- [readyroad-secure] [nio-8890-exec-2] org.hibernate.SQL                        : select u1_0.id,u1_0.created_at,u1_0.email,u1_0.full_name,u1_0.is_active,u1_0.is_locked,u1_0.password_hash,u1_0.role,u1_0.updated_at,u1_0.username from users u1_0 where u1_0.username=?
2026-02-27T09:26:25.276+01:00  INFO 23160 --- [readyroad-secure] [nio-8890-exec-2] c.r.r.config.RequestLoggingFilter        : ════════════════════════════════════════
2026-02-27T09:26:25.276+01:00  INFO 23160 --- [readyroad-secure] [nio-8890-exec-2] c.r.r.config.RequestLoggingFilter        : 🌐 INCOMING REQUEST
2026-02-27T09:26:25.277+01:00  INFO 23160 --- [readyroad-secure] [nio-8890-exec-2] c.r.r.config.RequestLoggingFilter        : ════════════════════════════════════════
2026-02-27T09:26:25.277+01:00  INFO 23160 --- [readyroad-secure] [nio-8890-exec-2] c.r.r.config.RequestLoggingFilter        : Method: GET
2026-02-27T09:26:25.277+01:00  INFO 23160 --- [readyroad-secure] [nio-8890-exec-2] c.r.r.config.RequestLoggingFilter        : URI: /api/quiz/stats/category/17
2026-02-27T09:26:25.278+01:00  INFO 23160 --- [readyroad-secure] [nio-8890-exec-2] c.r.r.config.RequestLoggingFilter        : Remote Address: 0:0:0:0:0:0:0:1
2026-02-27T09:26:25.278+01:00  INFO 23160 --- [readyroad-secure] [nio-8890-exec-2] c.r.r.config.RequestLoggingFilter        : ----------------------------------------
2026-02-27T09:26:25.279+01:00  INFO 23160 --- [readyroad-secure] [nio-8890-exec-2] c.r.r.config.RequestLoggingFilter        : 📋 Request Headers:
2026-02-27T09:26:25.279+01:00  INFO 23160 --- [readyroad-secure] [nio-8890-exec-2] c.r.r.config.RequestLoggingFilter        :   host: localhost:8890
2026-02-27T09:26:25.279+01:00  INFO 23160 --- [readyroad-secure] [nio-8890-exec-2] c.r.r.config.RequestLoggingFilter        :   connection: keep-alive
2026-02-27T09:26:25.279+01:00  INFO 23160 --- [readyroad-secure] [nio-8890-exec-2] c.r.r.config.RequestLoggingFilter        :   Accept: application/json
2026-02-27T09:26:25.280+01:00  INFO 23160 --- [readyroad-secure] [nio-8890-exec-2] c.r.r.config.RequestLoggingFilter        :   Authorization: Bearer [TOKEN_HIDDEN]
2026-02-27T09:26:25.280+01:00  INFO 23160 --- [readyroad-secure] [nio-8890-exec-2] c.r.r.config.RequestLoggingFilter        :   accept-language: *
2026-02-27T09:26:25.280+01:00  INFO 23160 --- [readyroad-secure] [nio-8890-exec-2] c.r.r.config.RequestLoggingFilter        :   sec-fetch-mode: cors
2026-02-27T09:26:25.281+01:00  INFO 23160 --- [readyroad-secure] [nio-8890-exec-2] c.r.r.config.RequestLoggingFilter        :   user-agent: node
2026-02-27T09:26:25.282+01:00  INFO 23160 --- [readyroad-secure] [nio-8890-exec-2] c.r.r.config.RequestLoggingFilter        :   pragma: no-cache
2026-02-27T09:26:25.282+01:00  INFO 23160 --- [readyroad-secure] [nio-8890-exec-2] c.r.r.config.RequestLoggingFilter        :   cache-control: no-cache
2026-02-27T09:26:25.283+01:00  INFO 23160 --- [readyroad-secure] [nio-8890-exec-2] c.r.r.config.RequestLoggingFilter        :   accept-encoding: gzip, deflate
2026-02-27T09:26:25.284+01:00  INFO 23160 --- [readyroad-secure] [nio-8890-exec-2] c.r.r.config.RequestLoggingFilter        : ════════════════════════════════════════
2026-02-27T09:26:25.288+01:00 DEBUG 23160 --- [readyroad-secure] [nio-8890-exec-2] org.hibernate.SQL                        : select count(qq1_0.id) from quiz_questions qq1_0 where qq1_0.category_id=? and qq1_0.is_active=true and qq1_0.status=?
2026-02-27T09:32:57.417+01:00 DEBUG 23160 --- [readyroad-secure] [nio-8890-exec-4] org.hibernate.SQL                        : select u1_0.id,u1_0.created_at,u1_0.email,u1_0.full_name,u1_0.is_active,u1_0.is_locked,u1_0.password_hash,u1_0.role,u1_0.updated_at,u1_0.username from users u1_0 where u1_0.username=?
2026-02-27T09:32:57.421+01:00  INFO 23160 --- [readyroad-secure] [nio-8890-exec-4] c.r.r.config.RequestLoggingFilter        : ════════════════════════════════════════
2026-02-27T09:32:57.423+01:00  INFO 23160 --- [readyroad-secure] [nio-8890-exec-4] c.r.r.config.RequestLoggingFilter        : 🌐 INCOMING REQUEST
2026-02-27T09:32:57.423+01:00  INFO 23160 --- [readyroad-secure] [nio-8890-exec-4] c.r.r.config.RequestLoggingFilter        : ════════════════════════════════════════
2026-02-27T09:32:57.423+01:00  INFO 23160 --- [readyroad-secure] [nio-8890-exec-4] c.r.r.config.RequestLoggingFilter        : Method: GET
2026-02-27T09:32:57.424+01:00  INFO 23160 --- [readyroad-secure] [nio-8890-exec-4] c.r.r.config.RequestLoggingFilter        : URI: /api/auth/me
2026-02-27T09:32:57.424+01:00  INFO 23160 --- [readyroad-secure] [nio-8890-exec-4] c.r.r.config.RequestLoggingFilter        : Remote Address: 0:0:0:0:0:0:0:1
2026-02-27T09:32:57.424+01:00  INFO 23160 --- [readyroad-secure] [nio-8890-exec-4] c.r.r.config.RequestLoggingFilter        : ----------------------------------------
2026-02-27T09:32:57.424+01:00  INFO 23160 --- [readyroad-secure] [nio-8890-exec-4] c.r.r.config.RequestLoggingFilter        : 📋 Request Headers:
2026-02-27T09:32:57.425+01:00  INFO 23160 --- [readyroad-secure] [nio-8890-exec-4] c.r.r.config.RequestLoggingFilter        :   host: localhost:8890
2026-02-27T09:32:57.425+01:00  INFO 23160 --- [readyroad-secure] [nio-8890-exec-4] c.r.r.config.RequestLoggingFilter        :   connection: keep-alive
2026-02-27T09:32:57.425+01:00  INFO 23160 --- [readyroad-secure] [nio-8890-exec-4] c.r.r.config.RequestLoggingFilter        :   Authorization: Bearer [TOKEN_HIDDEN]
2026-02-27T09:32:57.426+01:00  INFO 23160 --- [readyroad-secure] [nio-8890-exec-4] c.r.r.config.RequestLoggingFilter        :   Accept: application/json
2026-02-27T09:32:57.426+01:00  INFO 23160 --- [readyroad-secure] [nio-8890-exec-4] c.r.r.config.RequestLoggingFilter        :   accept-language: *
2026-02-27T09:32:57.426+01:00  INFO 23160 --- [readyroad-secure] [nio-8890-exec-4] c.r.r.config.RequestLoggingFilter        :   sec-fetch-mode: cors
2026-02-27T09:32:57.426+01:00  INFO 23160 --- [readyroad-secure] [nio-8890-exec-4] c.r.r.config.RequestLoggingFilter        :   user-agent: node
2026-02-27T09:32:57.427+01:00  INFO 23160 --- [readyroad-secure] [nio-8890-exec-4] c.r.r.config.RequestLoggingFilter        :   pragma: no-cache
2026-02-27T09:32:57.427+01:00  INFO 23160 --- [readyroad-secure] [nio-8890-exec-4] c.r.r.config.RequestLoggingFilter        :   cache-control: no-cache
2026-02-27T09:32:57.427+01:00  INFO 23160 --- [readyroad-secure] [nio-8890-exec-4] c.r.r.config.RequestLoggingFilter        :   accept-encoding: gzip, deflate
2026-02-27T09:32:57.428+01:00  INFO 23160 --- [readyroad-secure] [nio-8890-exec-4] c.r.r.config.RequestLoggingFilter        : ════════════════════════════════════════
2026-02-27T09:32:59.528+01:00 DEBUG 23160 --- [readyroad-secure] [nio-8890-exec-5] org.hibernate.SQL                        : select u1_0.id,u1_0.created_at,u1_0.email,u1_0.full_name,u1_0.is_active,u1_0.is_locked,u1_0.password_hash,u1_0.role,u1_0.updated_at,u1_0.username from users u1_0 where u1_0.username=?
2026-02-27T09:32:59.533+01:00  INFO 23160 --- [readyroad-secure] [nio-8890-exec-5] c.r.r.config.RequestLoggingFilter        : ════════════════════════════════════════
2026-02-27T09:32:59.533+01:00  INFO 23160 --- [readyroad-secure] [nio-8890-exec-5] c.r.r.config.RequestLoggingFilter        : 🌐 INCOMING REQUEST
2026-02-27T09:32:59.533+01:00  INFO 23160 --- [readyroad-secure] [nio-8890-exec-5] c.r.r.config.RequestLoggingFilter        : ════════════════════════════════════════
2026-02-27T09:32:59.534+01:00  INFO 23160 --- [readyroad-secure] [nio-8890-exec-5] c.r.r.config.RequestLoggingFilter        : Method: GET
2026-02-27T09:32:59.534+01:00  INFO 23160 --- [readyroad-secure] [nio-8890-exec-5] c.r.r.config.RequestLoggingFilter        : URI: /api/categories
2026-02-27T09:32:59.534+01:00  INFO 23160 --- [readyroad-secure] [nio-8890-exec-5] c.r.r.config.RequestLoggingFilter        : Remote Address: 0:0:0:0:0:0:0:1
2026-02-27T09:32:59.535+01:00  INFO 23160 --- [readyroad-secure] [nio-8890-exec-5] c.r.r.config.RequestLoggingFilter        : ----------------------------------------
2026-02-27T09:32:59.535+01:00  INFO 23160 --- [readyroad-secure] [nio-8890-exec-5] c.r.r.config.RequestLoggingFilter        : 📋 Request Headers:
2026-02-27T09:32:59.535+01:00  INFO 23160 --- [readyroad-secure] [nio-8890-exec-5] c.r.r.config.RequestLoggingFilter        :   host: localhost:8890
2026-02-27T09:32:59.536+01:00  INFO 23160 --- [readyroad-secure] [nio-8890-exec-5] c.r.r.config.RequestLoggingFilter        :   connection: keep-alive
2026-02-27T09:32:59.536+01:00  INFO 23160 --- [readyroad-secure] [nio-8890-exec-5] c.r.r.config.RequestLoggingFilter        :   Accept: application/json
2026-02-27T09:32:59.537+01:00  INFO 23160 --- [readyroad-secure] [nio-8890-exec-5] c.r.r.config.RequestLoggingFilter        :   Authorization: Bearer [TOKEN_HIDDEN]
2026-02-27T09:32:59.537+01:00  INFO 23160 --- [readyroad-secure] [nio-8890-exec-5] c.r.r.config.RequestLoggingFilter        :   accept-language: *
2026-02-27T09:32:59.537+01:00  INFO 23160 --- [readyroad-secure] [nio-8890-exec-5] c.r.r.config.RequestLoggingFilter        :   sec-fetch-mode: cors
2026-02-27T09:32:59.538+01:00  INFO 23160 --- [readyroad-secure] [nio-8890-exec-5] c.r.r.config.RequestLoggingFilter        :   user-agent: node
2026-02-27T09:32:59.538+01:00  INFO 23160 --- [readyroad-secure] [nio-8890-exec-5] c.r.r.config.RequestLoggingFilter        :   pragma: no-cache
2026-02-27T09:32:59.538+01:00  INFO 23160 --- [readyroad-secure] [nio-8890-exec-5] c.r.r.config.RequestLoggingFilter        :   cache-control: no-cache
2026-02-27T09:32:59.539+01:00  INFO 23160 --- [readyroad-secure] [nio-8890-exec-5] c.r.r.config.RequestLoggingFilter        :   accept-encoding: gzip, deflate
2026-02-27T09:32:59.539+01:00  INFO 23160 --- [readyroad-secure] [nio-8890-exec-5] c.r.r.config.RequestLoggingFilter        : ════════════════════════════════════════
2026-02-27T09:32:59.543+01:00 DEBUG 23160 --- [readyroad-secure] [nio-8890-exec-5] org.hibernate.SQL                        : select c1_0.id,c1_0.code,c1_0.created_at,c1_0.description_ar,c1_0.description_en,c1_0.description_fr,c1_0.description_nl,c1_0.display_order,c1_0.is_active,c1_0.name_ar,c1_0.name_en,c1_0.name_fr,c1_0.name_nl,c1_0.updated_at from categories c1_0 where c1_0.is_active=true order by c1_0.display_order
2026-02-27T09:33:00.637+01:00 DEBUG 23160 --- [readyroad-secure] [nio-8890-exec-8] org.hibernate.SQL                        : select u1_0.id,u1_0.created_at,u1_0.email,u1_0.full_name,u1_0.is_active,u1_0.is_locked,u1_0.password_hash,u1_0.role,u1_0.updated_at,u1_0.username from users u1_0 where u1_0.username=?
2026-02-27T09:33:00.639+01:00  INFO 23160 --- [readyroad-secure] [nio-8890-exec-8] c.r.r.config.RequestLoggingFilter        : ════════════════════════════════════════
2026-02-27T09:33:00.639+01:00  INFO 23160 --- [readyroad-secure] [nio-8890-exec-8] c.r.r.config.RequestLoggingFilter        : 🌐 INCOMING REQUEST
2026-02-27T09:33:00.642+01:00  INFO 23160 --- [readyroad-secure] [nio-8890-exec-8] c.r.r.config.RequestLoggingFilter        : ════════════════════════════════════════
2026-02-27T09:33:00.642+01:00  INFO 23160 --- [readyroad-secure] [nio-8890-exec-8] c.r.r.config.RequestLoggingFilter        : Method: GET
2026-02-27T09:33:00.642+01:00  INFO 23160 --- [readyroad-secure] [nio-8890-exec-8] c.r.r.config.RequestLoggingFilter        : URI: /api/categories
2026-02-27T09:33:00.643+01:00  INFO 23160 --- [readyroad-secure] [nio-8890-exec-8] c.r.r.config.RequestLoggingFilter        : Remote Address: 0:0:0:0:0:0:0:1
2026-02-27T09:33:00.643+01:00  INFO 23160 --- [readyroad-secure] [nio-8890-exec-8] c.r.r.config.RequestLoggingFilter        : ----------------------------------------
2026-02-27T09:33:00.643+01:00  INFO 23160 --- [readyroad-secure] [nio-8890-exec-8] c.r.r.config.RequestLoggingFilter        : 📋 Request Headers:
2026-02-27T09:33:00.644+01:00  INFO 23160 --- [readyroad-secure] [nio-8890-exec-8] c.r.r.config.RequestLoggingFilter        :   host: localhost:8890
2026-02-27T09:33:00.644+01:00  INFO 23160 --- [readyroad-secure] [nio-8890-exec-8] c.r.r.config.RequestLoggingFilter        :   connection: keep-alive
2026-02-27T09:33:00.644+01:00 DEBUG 23160 --- [readyroad-secure] [nio-8890-exec-2] org.hibernate.SQL                        : select u1_0.id,u1_0.created_at,u1_0.email,u1_0.full_name,u1_0.is_active,u1_0.is_locked,u1_0.password_hash,u1_0.role,u1_0.updated_at,u1_0.username from users u1_0 where u1_0.username=?
2026-02-27T09:33:00.644+01:00 DEBUG 23160 --- [readyroad-secure] [nio-8890-exec-1] org.hibernate.SQL                        : select u1_0.id,u1_0.created_at,u1_0.email,u1_0.full_name,u1_0.is_active,u1_0.is_locked,u1_0.password_hash,u1_0.role,u1_0.updated_at,u1_0.username from users u1_0 where u1_0.username=?
2026-02-27T09:33:00.644+01:00  INFO 23160 --- [readyroad-secure] [nio-8890-exec-8] c.r.r.config.RequestLoggingFilter        :   Accept: application/json
2026-02-27T09:33:00.644+01:00  INFO 23160 --- [readyroad-secure] [nio-8890-exec-8] c.r.r.config.RequestLoggingFilter        :   Authorization: Bearer [TOKEN_HIDDEN]
2026-02-27T09:33:00.645+01:00  INFO 23160 --- [readyroad-secure] [nio-8890-exec-8] c.r.r.config.RequestLoggingFilter        :   accept-language: *
2026-02-27T09:33:00.645+01:00  INFO 23160 --- [readyroad-secure] [nio-8890-exec-8] c.r.r.config.RequestLoggingFilter        :   sec-fetch-mode: cors
2026-02-27T09:33:00.645+01:00  INFO 23160 --- [readyroad-secure] [nio-8890-exec-8] c.r.r.config.RequestLoggingFilter        :   user-agent: node
2026-02-27T09:33:00.647+01:00  INFO 23160 --- [readyroad-secure] [nio-8890-exec-8] c.r.r.config.RequestLoggingFilter        :   pragma: no-cache
2026-02-27T09:33:00.647+01:00  INFO 23160 --- [readyroad-secure] [nio-8890-exec-8] c.r.r.config.RequestLoggingFilter        :   cache-control: no-cache
2026-02-27T09:33:00.647+01:00  INFO 23160 --- [readyroad-secure] [nio-8890-exec-8] c.r.r.config.RequestLoggingFilter        :   accept-encoding: gzip, deflate
2026-02-27T09:33:00.647+01:00  INFO 23160 --- [readyroad-secure] [nio-8890-exec-8] c.r.r.config.RequestLoggingFilter        : ════════════════════════════════════════
2026-02-27T09:33:00.648+01:00  INFO 23160 --- [readyroad-secure] [nio-8890-exec-1] c.r.r.config.RequestLoggingFilter        : ════════════════════════════════════════
2026-02-27T09:33:00.648+01:00  INFO 23160 --- [readyroad-secure] [nio-8890-exec-2] c.r.r.config.RequestLoggingFilter        : ════════════════════════════════════════
2026-02-27T09:33:00.649+01:00  INFO 23160 --- [readyroad-secure] [nio-8890-exec-1] c.r.r.config.RequestLoggingFilter        : 🌐 INCOMING REQUEST
2026-02-27T09:33:00.649+01:00  INFO 23160 --- [readyroad-secure] [nio-8890-exec-2] c.r.r.config.RequestLoggingFilter        : 🌐 INCOMING REQUEST
2026-02-27T09:33:00.649+01:00  INFO 23160 --- [readyroad-secure] [nio-8890-exec-1] c.r.r.config.RequestLoggingFilter        : ════════════════════════════════════════
2026-02-27T09:33:00.650+01:00  INFO 23160 --- [readyroad-secure] [nio-8890-exec-2] c.r.r.config.RequestLoggingFilter        : ════════════════════════════════════════
2026-02-27T09:33:00.650+01:00  INFO 23160 --- [readyroad-secure] [nio-8890-exec-1] c.r.r.config.RequestLoggingFilter        : Method: GET
2026-02-27T09:33:00.650+01:00  INFO 23160 --- [readyroad-secure] [nio-8890-exec-2] c.r.r.config.RequestLoggingFilter        : Method: GET
2026-02-27T09:33:00.650+01:00 DEBUG 23160 --- [readyroad-secure] [nio-8890-exec-8] org.hibernate.SQL                        : select c1_0.id,c1_0.code,c1_0.created_at,c1_0.description_ar,c1_0.description_en,c1_0.description_fr,c1_0.description_nl,c1_0.display_order,c1_0.is_active,c1_0.name_ar,c1_0.name_en,c1_0.name_fr,c1_0.name_nl,c1_0.updated_at from categories c1_0 where c1_0.is_active=true order by c1_0.display_order
2026-02-27T09:33:00.650+01:00  INFO 23160 --- [readyroad-secure] [nio-8890-exec-1] c.r.r.config.RequestLoggingFilter        : URI: /api/users/me/notifications/unread-count
2026-02-27T09:33:00.651+01:00  INFO 23160 --- [readyroad-secure] [nio-8890-exec-2] c.r.r.config.RequestLoggingFilter        : URI: /api/quiz/stats
2026-02-27T09:33:00.651+01:00  INFO 23160 --- [readyroad-secure] [nio-8890-exec-1] c.r.r.config.RequestLoggingFilter        : Remote Address: 0:0:0:0:0:0:0:1
2026-02-27T09:33:00.652+01:00  INFO 23160 --- [readyroad-secure] [nio-8890-exec-2] c.r.r.config.RequestLoggingFilter        : Remote Address: 0:0:0:0:0:0:0:1
2026-02-27T09:33:00.652+01:00  INFO 23160 --- [readyroad-secure] [nio-8890-exec-1] c.r.r.config.RequestLoggingFilter        : ----------------------------------------
2026-02-27T09:33:00.652+01:00  INFO 23160 --- [readyroad-secure] [nio-8890-exec-2] c.r.r.config.RequestLoggingFilter        : ----------------------------------------
2026-02-27T09:33:00.652+01:00  INFO 23160 --- [readyroad-secure] [nio-8890-exec-1] c.r.r.config.RequestLoggingFilter        : 📋 Request Headers:
2026-02-27T09:33:00.653+01:00  INFO 23160 --- [readyroad-secure] [nio-8890-exec-2] c.r.r.config.RequestLoggingFilter        : 📋 Request Headers:
2026-02-27T09:33:00.653+01:00  INFO 23160 --- [readyroad-secure] [nio-8890-exec-1] c.r.r.config.RequestLoggingFilter        :   host: localhost:8890
2026-02-27T09:33:00.653+01:00  INFO 23160 --- [readyroad-secure] [nio-8890-exec-2] c.r.r.config.RequestLoggingFilter        :   host: localhost:8890
2026-02-27T09:33:00.654+01:00  INFO 23160 --- [readyroad-secure] [nio-8890-exec-1] c.r.r.config.RequestLoggingFilter        :   connection: keep-alive
2026-02-27T09:33:00.654+01:00  INFO 23160 --- [readyroad-secure] [nio-8890-exec-2] c.r.r.config.RequestLoggingFilter        :   connection: keep-alive
2026-02-27T09:33:00.654+01:00  INFO 23160 --- [readyroad-secure] [nio-8890-exec-1] c.r.r.config.RequestLoggingFilter        :   Accept: application/json
2026-02-27T09:33:00.654+01:00  INFO 23160 --- [readyroad-secure] [nio-8890-exec-2] c.r.r.config.RequestLoggingFilter        :   Accept: application/json
2026-02-27T09:33:00.655+01:00  INFO 23160 --- [readyroad-secure] [nio-8890-exec-1] c.r.r.config.RequestLoggingFilter        :   Authorization: Bearer [TOKEN_HIDDEN]
2026-02-27T09:33:00.655+01:00  INFO 23160 --- [readyroad-secure] [nio-8890-exec-2] c.r.r.config.RequestLoggingFilter        :   Authorization: Bearer [TOKEN_HIDDEN]
2026-02-27T09:33:00.655+01:00  INFO 23160 --- [readyroad-secure] [nio-8890-exec-1] c.r.r.config.RequestLoggingFilter        :   accept-language: *
2026-02-27T09:33:00.656+01:00  INFO 23160 --- [readyroad-secure] [nio-8890-exec-2] c.r.r.config.RequestLoggingFilter        :   accept-language: *
2026-02-27T09:33:00.656+01:00  INFO 23160 --- [readyroad-secure] [nio-8890-exec-1] c.r.r.config.RequestLoggingFilter        :   sec-fetch-mode: cors
2026-02-27T09:33:00.656+01:00  INFO 23160 --- [readyroad-secure] [nio-8890-exec-2] c.r.r.config.RequestLoggingFilter        :   sec-fetch-mode: cors
2026-02-27T09:33:00.656+01:00  INFO 23160 --- [readyroad-secure] [nio-8890-exec-1] c.r.r.config.RequestLoggingFilter        :   user-agent: node
2026-02-27T09:33:00.657+01:00  INFO 23160 --- [readyroad-secure] [nio-8890-exec-2] c.r.r.config.RequestLoggingFilter        :   user-agent: node
2026-02-27T09:33:00.657+01:00  INFO 23160 --- [readyroad-secure] [nio-8890-exec-1] c.r.r.config.RequestLoggingFilter        :   pragma: no-cache
2026-02-27T09:33:00.657+01:00  INFO 23160 --- [readyroad-secure] [nio-8890-exec-2] c.r.r.config.RequestLoggingFilter        :   pragma: no-cache
2026-02-27T09:33:00.657+01:00  INFO 23160 --- [readyroad-secure] [nio-8890-exec-1] c.r.r.config.RequestLoggingFilter        :   cache-control: no-cache
2026-02-27T09:33:00.658+01:00  INFO 23160 --- [readyroad-secure] [nio-8890-exec-2] c.r.r.config.RequestLoggingFilter        :   cache-control: no-cache
2026-02-27T09:33:00.658+01:00  INFO 23160 --- [readyroad-secure] [nio-8890-exec-1] c.r.r.config.RequestLoggingFilter        :   accept-encoding: gzip, deflate
2026-02-27T09:33:00.658+01:00  INFO 23160 --- [readyroad-secure] [nio-8890-exec-2] c.r.r.config.RequestLoggingFilter        :   accept-encoding: gzip, deflate
2026-02-27T09:33:00.659+01:00  INFO 23160 --- [readyroad-secure] [nio-8890-exec-1] c.r.r.config.RequestLoggingFilter        : ════════════════════════════════════════
2026-02-27T09:33:00.659+01:00  INFO 23160 --- [readyroad-secure] [nio-8890-exec-2] c.r.r.config.RequestLoggingFilter        : ════════════════════════════════════════
2026-02-27T09:33:00.659+01:00  INFO 23160 --- [readyroad-secure] [nio-8890-exec-1] c.r.r.service.NotificationService        : Getting unread notification count for user: admin
2026-02-27T09:33:00.662+01:00 DEBUG 23160 --- [readyroad-secure] [nio-8890-exec-2] org.hibernate.SQL                        : select count(qq1_0.id) from quiz_questions qq1_0 where qq1_0.is_active=true and qq1_0.status=?
2026-02-27T09:33:00.667+01:00 DEBUG 23160 --- [readyroad-secure] [nio-8890-exec-2] org.hibernate.SQL                        : select c1_0.id,c1_0.code,c1_0.created_at,c1_0.description_ar,c1_0.description_en,c1_0.description_fr,c1_0.description_nl,c1_0.display_order,c1_0.is_active,c1_0.name_ar,c1_0.name_en,c1_0.name_fr,c1_0.name_nl,c1_0.updated_at from categories c1_0 where c1_0.is_active=true order by c1_0.display_order
2026-02-27T09:33:02.896+01:00 DEBUG 23160 --- [readyroad-secure] [nio-8890-exec-3] org.hibernate.SQL                        : select u1_0.id,u1_0.created_at,u1_0.email,u1_0.full_name,u1_0.is_active,u1_0.is_locked,u1_0.password_hash,u1_0.role,u1_0.updated_at,u1_0.username from users u1_0 where u1_0.username=?
2026-02-27T09:33:02.900+01:00  INFO 23160 --- [readyroad-secure] [nio-8890-exec-3] c.r.r.config.RequestLoggingFilter        : ════════════════════════════════════════
2026-02-27T09:33:02.901+01:00  INFO 23160 --- [readyroad-secure] [nio-8890-exec-3] c.r.r.config.RequestLoggingFilter        : 🌐 INCOMING REQUEST
2026-02-27T09:33:02.901+01:00  INFO 23160 --- [readyroad-secure] [nio-8890-exec-3] c.r.r.config.RequestLoggingFilter        : ════════════════════════════════════════
2026-02-27T09:33:02.901+01:00  INFO 23160 --- [readyroad-secure] [nio-8890-exec-3] c.r.r.config.RequestLoggingFilter        : Method: GET
2026-02-27T09:33:02.902+01:00  INFO 23160 --- [readyroad-secure] [nio-8890-exec-3] c.r.r.config.RequestLoggingFilter        : URI: /api/quiz/stats
2026-02-27T09:33:02.902+01:00  INFO 23160 --- [readyroad-secure] [nio-8890-exec-3] c.r.r.config.RequestLoggingFilter        : Remote Address: 0:0:0:0:0:0:0:1
2026-02-27T09:33:02.902+01:00  INFO 23160 --- [readyroad-secure] [nio-8890-exec-3] c.r.r.config.RequestLoggingFilter        : ----------------------------------------
2026-02-27T09:33:02.903+01:00  INFO 23160 --- [readyroad-secure] [nio-8890-exec-3] c.r.r.config.RequestLoggingFilter        : 📋 Request Headers:
2026-02-27T09:33:02.903+01:00  INFO 23160 --- [readyroad-secure] [nio-8890-exec-3] c.r.r.config.RequestLoggingFilter        :   host: localhost:8890
2026-02-27T09:33:02.903+01:00  INFO 23160 --- [readyroad-secure] [nio-8890-exec-3] c.r.r.config.RequestLoggingFilter        :   connection: keep-alive
2026-02-27T09:33:02.904+01:00  INFO 23160 --- [readyroad-secure] [nio-8890-exec-3] c.r.r.config.RequestLoggingFilter        :   Accept: application/json
2026-02-27T09:33:02.904+01:00  INFO 23160 --- [readyroad-secure] [nio-8890-exec-3] c.r.r.config.RequestLoggingFilter        :   Authorization: Bearer [TOKEN_HIDDEN]
2026-02-27T09:33:02.904+01:00  INFO 23160 --- [readyroad-secure] [nio-8890-exec-3] c.r.r.config.RequestLoggingFilter        :   accept-language: *
2026-02-27T09:33:02.905+01:00  INFO 23160 --- [readyroad-secure] [nio-8890-exec-3] c.r.r.config.RequestLoggingFilter        :   sec-fetch-mode: cors
2026-02-27T09:33:02.905+01:00  INFO 23160 --- [readyroad-secure] [nio-8890-exec-3] c.r.r.config.RequestLoggingFilter        :   user-agent: node
2026-02-27T09:33:02.906+01:00  INFO 23160 --- [readyroad-secure] [nio-8890-exec-3] c.r.r.config.RequestLoggingFilter        :   pragma: no-cache
2026-02-27T09:33:02.906+01:00  INFO 23160 --- [readyroad-secure] [nio-8890-exec-3] c.r.r.config.RequestLoggingFilter        :   cache-control: no-cache
2026-02-27T09:33:02.906+01:00  INFO 23160 --- [readyroad-secure] [nio-8890-exec-3] c.r.r.config.RequestLoggingFilter        :   accept-encoding: gzip, deflate
2026-02-27T09:33:02.907+01:00  INFO 23160 --- [readyroad-secure] [nio-8890-exec-3] c.r.r.config.RequestLoggingFilter        : ════════════════════════════════════════
2026-02-27T09:33:02.910+01:00 DEBUG 23160 --- [readyroad-secure] [nio-8890-exec-3] org.hibernate.SQL                        : select count(qq1_0.id) from quiz_questions qq1_0 where qq1_0.is_active=true and qq1_0.status=?
2026-02-27T09:33:02.914+01:00 DEBUG 23160 --- [readyroad-secure] [nio-8890-exec-3] org.hibernate.SQL                        : select c1_0.id,c1_0.code,c1_0.created_at,c1_0.description_ar,c1_0.description_en,c1_0.description_fr,c1_0.description_nl,c1_0.display_order,c1_0.is_active,c1_0.name_ar,c1_0.name_en,c1_0.name_fr,c1_0.name_nl,c1_0.updated_at from categories c1_0 where c1_0.is_active=true order by c1_0.display_order
2026-02-27T09:33:02.961+01:00 DEBUG 23160 --- [readyroad-secure] [nio-8890-exec-9] org.hibernate.SQL                        : select u1_0.id,u1_0.created_at,u1_0.email,u1_0.full_name,u1_0.is_active,u1_0.is_locked,u1_0.password_hash,u1_0.role,u1_0.updated_at,u1_0.username from users u1_0 where u1_0.username=?
2026-02-27T09:33:02.963+01:00 DEBUG 23160 --- [readyroad-secure] [nio-8890-exec-7] org.hibernate.SQL                        : select u1_0.id,u1_0.created_at,u1_0.email,u1_0.full_name,u1_0.is_active,u1_0.is_locked,u1_0.password_hash,u1_0.role,u1_0.updated_at,u1_0.username from users u1_0 where u1_0.username=?
2026-02-27T09:33:02.964+01:00  INFO 23160 --- [readyroad-secure] [nio-8890-exec-9] c.r.r.config.RequestLoggingFilter        : ════════════════════════════════════════
2026-02-27T09:33:02.965+01:00  INFO 23160 --- [readyroad-secure] [nio-8890-exec-9] c.r.r.config.RequestLoggingFilter        : 🌐 INCOMING REQUEST
2026-02-27T09:33:02.965+01:00  INFO 23160 --- [readyroad-secure] [nio-8890-exec-9] c.r.r.config.RequestLoggingFilter        : ════════════════════════════════════════
2026-02-27T09:33:02.966+01:00  INFO 23160 --- [readyroad-secure] [nio-8890-exec-9] c.r.r.config.RequestLoggingFilter        : Method: GET
2026-02-27T09:33:02.966+01:00  INFO 23160 --- [readyroad-secure] [nio-8890-exec-9] c.r.r.config.RequestLoggingFilter        : URI: /api/quiz/stats/category/1
2026-02-27T09:33:02.967+01:00  INFO 23160 --- [readyroad-secure] [nio-8890-exec-9] c.r.r.config.RequestLoggingFilter        : Remote Address: 0:0:0:0:0:0:0:1
2026-02-27T09:33:02.967+01:00  INFO 23160 --- [readyroad-secure] [nio-8890-exec-9] c.r.r.config.RequestLoggingFilter        : ----------------------------------------
2026-02-27T09:33:02.967+01:00  INFO 23160 --- [readyroad-secure] [nio-8890-exec-7] c.r.r.config.RequestLoggingFilter        : ════════════════════════════════════════
2026-02-27T09:33:02.967+01:00  INFO 23160 --- [readyroad-secure] [nio-8890-exec-9] c.r.r.config.RequestLoggingFilter        : 📋 Request Headers:
2026-02-27T09:33:02.968+01:00  INFO 23160 --- [readyroad-secure] [nio-8890-exec-9] c.r.r.config.RequestLoggingFilter        :   host: localhost:8890
2026-02-27T09:33:02.967+01:00  INFO 23160 --- [readyroad-secure] [nio-8890-exec-7] c.r.r.config.RequestLoggingFilter        : 🌐 INCOMING REQUEST
2026-02-27T09:33:02.968+01:00  INFO 23160 --- [readyroad-secure] [nio-8890-exec-9] c.r.r.config.RequestLoggingFilter        :   connection: keep-alive
2026-02-27T09:33:02.969+01:00  INFO 23160 --- [readyroad-secure] [nio-8890-exec-9] c.r.r.config.RequestLoggingFilter        :   Accept: application/json
2026-02-27T09:33:02.968+01:00  INFO 23160 --- [readyroad-secure] [nio-8890-exec-7] c.r.r.config.RequestLoggingFilter        : ════════════════════════════════════════
2026-02-27T09:33:02.969+01:00  INFO 23160 --- [readyroad-secure] [nio-8890-exec-9] c.r.r.config.RequestLoggingFilter        :   Authorization: Bearer [TOKEN_HIDDEN]
2026-02-27T09:33:02.969+01:00  INFO 23160 --- [readyroad-secure] [nio-8890-exec-7] c.r.r.config.RequestLoggingFilter        : Method: GET
2026-02-27T09:33:02.970+01:00  INFO 23160 --- [readyroad-secure] [nio-8890-exec-9] c.r.r.config.RequestLoggingFilter        :   accept-language: *
2026-02-27T09:33:02.970+01:00  INFO 23160 --- [readyroad-secure] [nio-8890-exec-7] c.r.r.config.RequestLoggingFilter        : URI: /api/quiz/stats/category/2
2026-02-27T09:33:02.970+01:00  INFO 23160 --- [readyroad-secure] [nio-8890-exec-9] c.r.r.config.RequestLoggingFilter        :   sec-fetch-mode: cors
2026-02-27T09:33:02.970+01:00  INFO 23160 --- [readyroad-secure] [nio-8890-exec-7] c.r.r.config.RequestLoggingFilter        : Remote Address: 0:0:0:0:0:0:0:1
2026-02-27T09:33:02.971+01:00  INFO 23160 --- [readyroad-secure] [nio-8890-exec-9] c.r.r.config.RequestLoggingFilter        :   user-agent: node
2026-02-27T09:33:02.971+01:00  INFO 23160 --- [readyroad-secure] [nio-8890-exec-7] c.r.r.config.RequestLoggingFilter        : ----------------------------------------
2026-02-27T09:33:02.971+01:00  INFO 23160 --- [readyroad-secure] [nio-8890-exec-9] c.r.r.config.RequestLoggingFilter        :   pragma: no-cache
2026-02-27T09:33:02.971+01:00  INFO 23160 --- [readyroad-secure] [nio-8890-exec-7] c.r.r.config.RequestLoggingFilter        : 📋 Request Headers:
2026-02-27T09:33:02.972+01:00  INFO 23160 --- [readyroad-secure] [nio-8890-exec-9] c.r.r.config.RequestLoggingFilter        :   cache-control: no-cache
2026-02-27T09:33:02.972+01:00  INFO 23160 --- [readyroad-secure] [nio-8890-exec-7] c.r.r.config.RequestLoggingFilter        :   host: localhost:8890
2026-02-27T09:33:02.972+01:00  INFO 23160 --- [readyroad-secure] [nio-8890-exec-9] c.r.r.config.RequestLoggingFilter        :   accept-encoding: gzip, deflate
2026-02-27T09:33:02.973+01:00  INFO 23160 --- [readyroad-secure] [nio-8890-exec-7] c.r.r.config.RequestLoggingFilter        :   connection: keep-alive
2026-02-27T09:33:02.973+01:00  INFO 23160 --- [readyroad-secure] [nio-8890-exec-9] c.r.r.config.RequestLoggingFilter        : ════════════════════════════════════════
2026-02-27T09:33:02.973+01:00  INFO 23160 --- [readyroad-secure] [nio-8890-exec-7] c.r.r.config.RequestLoggingFilter        :   Accept: application/json
2026-02-27T09:33:02.976+01:00  INFO 23160 --- [readyroad-secure] [nio-8890-exec-7] c.r.r.config.RequestLoggingFilter        :   Authorization: Bearer [TOKEN_HIDDEN]
2026-02-27T09:33:02.976+01:00  INFO 23160 --- [readyroad-secure] [nio-8890-exec-7] c.r.r.config.RequestLoggingFilter        :   accept-language: *
2026-02-27T09:33:02.976+01:00 DEBUG 23160 --- [readyroad-secure] [nio-8890-exec-9] org.hibernate.SQL                        : select count(qq1_0.id) from quiz_questions qq1_0 where qq1_0.category_id=? and qq1_0.is_active=true and qq1_0.status=?
2026-02-27T09:33:02.976+01:00  INFO 23160 --- [readyroad-secure] [nio-8890-exec-7] c.r.r.config.RequestLoggingFilter        :   sec-fetch-mode: cors
2026-02-27T09:33:02.977+01:00  INFO 23160 --- [readyroad-secure] [nio-8890-exec-7] c.r.r.config.RequestLoggingFilter        :   user-agent: node
2026-02-27T09:33:02.977+01:00  INFO 23160 --- [readyroad-secure] [nio-8890-exec-7] c.r.r.config.RequestLoggingFilter        :   pragma: no-cache
2026-02-27T09:33:02.977+01:00  INFO 23160 --- [readyroad-secure] [nio-8890-exec-7] c.r.r.config.RequestLoggingFilter        :   cache-control: no-cache
2026-02-27T09:33:02.978+01:00  INFO 23160 --- [readyroad-secure] [nio-8890-exec-7] c.r.r.config.RequestLoggingFilter        :   accept-encoding: gzip, deflate
2026-02-27T09:33:02.978+01:00  INFO 23160 --- [readyroad-secure] [nio-8890-exec-7] c.r.r.config.RequestLoggingFilter        : ════════════════════════════════════════
2026-02-27T09:33:02.983+01:00 DEBUG 23160 --- [readyroad-secure] [nio-8890-exec-7] org.hibernate.SQL                        : select count(qq1_0.id) from quiz_questions qq1_0 where qq1_0.category_id=? and qq1_0.is_active=true and qq1_0.status=?
2026-02-27T09:33:03.665+01:00 DEBUG 23160 --- [readyroad-secure] [nio-8890-exec-6] org.hibernate.SQL                        : select u1_0.id,u1_0.created_at,u1_0.email,u1_0.full_name,u1_0.is_active,u1_0.is_locked,u1_0.password_hash,u1_0.role,u1_0.updated_at,u1_0.username from users u1_0 where u1_0.username=?
2026-02-27T09:33:03.686+01:00  INFO 23160 --- [readyroad-secure] [nio-8890-exec-6] c.r.r.config.RequestLoggingFilter        : ════════════════════════════════════════
2026-02-27T09:33:03.686+01:00  INFO 23160 --- [readyroad-secure] [nio-8890-exec-6] c.r.r.config.RequestLoggingFilter        : 🌐 INCOMING REQUEST
2026-02-27T09:33:03.686+01:00  INFO 23160 --- [readyroad-secure] [nio-8890-exec-6] c.r.r.config.RequestLoggingFilter        : ════════════════════════════════════════
2026-02-27T09:33:03.686+01:00  INFO 23160 --- [readyroad-secure] [nio-8890-exec-6] c.r.r.config.RequestLoggingFilter        : Method: GET
2026-02-27T09:33:03.686+01:00  INFO 23160 --- [readyroad-secure] [nio-8890-exec-6] c.r.r.config.RequestLoggingFilter        : URI: /api/quiz/stats/category/4
2026-02-27T09:33:03.687+01:00  INFO 23160 --- [readyroad-secure] [nio-8890-exec-6] c.r.r.config.RequestLoggingFilter        : Remote Address: 0:0:0:0:0:0:0:1
2026-02-27T09:33:03.687+01:00  INFO 23160 --- [readyroad-secure] [nio-8890-exec-6] c.r.r.config.RequestLoggingFilter        : ----------------------------------------
2026-02-27T09:33:03.687+01:00  INFO 23160 --- [readyroad-secure] [nio-8890-exec-6] c.r.r.config.RequestLoggingFilter        : 📋 Request Headers:
2026-02-27T09:33:03.688+01:00  INFO 23160 --- [readyroad-secure] [nio-8890-exec-6] c.r.r.config.RequestLoggingFilter        :   host: localhost:8890
2026-02-27T09:33:03.688+01:00  INFO 23160 --- [readyroad-secure] [nio-8890-exec-6] c.r.r.config.RequestLoggingFilter        :   connection: keep-alive
2026-02-27T09:33:03.689+01:00  INFO 23160 --- [readyroad-secure] [nio-8890-exec-6] c.r.r.config.RequestLoggingFilter        :   Accept: application/json
2026-02-27T09:33:03.689+01:00  INFO 23160 --- [readyroad-secure] [nio-8890-exec-6] c.r.r.config.RequestLoggingFilter        :   Authorization: Bearer [TOKEN_HIDDEN]
2026-02-27T09:33:03.689+01:00  INFO 23160 --- [readyroad-secure] [nio-8890-exec-6] c.r.r.config.RequestLoggingFilter        :   accept-language: *
2026-02-27T09:33:03.689+01:00  INFO 23160 --- [readyroad-secure] [nio-8890-exec-6] c.r.r.config.RequestLoggingFilter        :   sec-fetch-mode: cors
2026-02-27T09:33:03.690+01:00  INFO 23160 --- [readyroad-secure] [nio-8890-exec-6] c.r.r.config.RequestLoggingFilter        :   user-agent: node
2026-02-27T09:33:03.690+01:00  INFO 23160 --- [readyroad-secure] [nio-8890-exec-6] c.r.r.config.RequestLoggingFilter        :   pragma: no-cache
2026-02-27T09:33:03.690+01:00  INFO 23160 --- [readyroad-secure] [nio-8890-exec-6] c.r.r.config.RequestLoggingFilter        :   cache-control: no-cache
2026-02-27T09:33:03.691+01:00  INFO 23160 --- [readyroad-secure] [nio-8890-exec-6] c.r.r.config.RequestLoggingFilter        :   accept-encoding: gzip, deflate
2026-02-27T09:33:03.692+01:00  INFO 23160 --- [readyroad-secure] [nio-8890-exec-6] c.r.r.config.RequestLoggingFilter        : ════════════════════════════════════════
2026-02-27T09:33:03.695+01:00 DEBUG 23160 --- [readyroad-secure] [nio-8890-exec-6] org.hibernate.SQL                        : select count(qq1_0.id) from quiz_questions qq1_0 where qq1_0.category_id=? and qq1_0.is_active=true and qq1_0.status=?
2026-02-27T09:33:03.739+01:00 DEBUG 23160 --- [readyroad-secure] [io-8890-exec-10] org.hibernate.SQL                        : select u1_0.id,u1_0.created_at,u1_0.email,u1_0.full_name,u1_0.is_active,u1_0.is_locked,u1_0.password_hash,u1_0.role,u1_0.updated_at,u1_0.username from users u1_0 where u1_0.username=?
2026-02-27T09:33:03.743+01:00  INFO 23160 --- [readyroad-secure] [io-8890-exec-10] c.r.r.config.RequestLoggingFilter        : ════════════════════════════════════════
2026-02-27T09:33:03.744+01:00  INFO 23160 --- [readyroad-secure] [io-8890-exec-10] c.r.r.config.RequestLoggingFilter        : 🌐 INCOMING REQUEST
2026-02-27T09:33:03.744+01:00  INFO 23160 --- [readyroad-secure] [io-8890-exec-10] c.r.r.config.RequestLoggingFilter        : ════════════════════════════════════════
2026-02-27T09:33:03.744+01:00  INFO 23160 --- [readyroad-secure] [io-8890-exec-10] c.r.r.config.RequestLoggingFilter        : Method: GET
2026-02-27T09:33:03.745+01:00  INFO 23160 --- [readyroad-secure] [io-8890-exec-10] c.r.r.config.RequestLoggingFilter        : URI: /api/quiz/stats/category/5
2026-02-27T09:33:03.745+01:00  INFO 23160 --- [readyroad-secure] [io-8890-exec-10] c.r.r.config.RequestLoggingFilter        : Remote Address: 0:0:0:0:0:0:0:1
2026-02-27T09:33:03.745+01:00  INFO 23160 --- [readyroad-secure] [io-8890-exec-10] c.r.r.config.RequestLoggingFilter        : ----------------------------------------
2026-02-27T09:33:03.745+01:00  INFO 23160 --- [readyroad-secure] [io-8890-exec-10] c.r.r.config.RequestLoggingFilter        : 📋 Request Headers:
2026-02-27T09:33:03.746+01:00  INFO 23160 --- [readyroad-secure] [io-8890-exec-10] c.r.r.config.RequestLoggingFilter        :   host: localhost:8890
2026-02-27T09:33:03.746+01:00  INFO 23160 --- [readyroad-secure] [io-8890-exec-10] c.r.r.config.RequestLoggingFilter        :   connection: keep-alive
2026-02-27T09:33:03.747+01:00  INFO 23160 --- [readyroad-secure] [io-8890-exec-10] c.r.r.config.RequestLoggingFilter        :   Accept: application/json
2026-02-27T09:33:03.747+01:00 DEBUG 23160 --- [readyroad-secure] [nio-8890-exec-4] org.hibernate.SQL                        : select u1_0.id,u1_0.created_at,u1_0.email,u1_0.full_name,u1_0.is_active,u1_0.is_locked,u1_0.password_hash,u1_0.role,u1_0.updated_at,u1_0.username from users u1_0 where u1_0.username=?
2026-02-27T09:33:03.747+01:00  INFO 23160 --- [readyroad-secure] [io-8890-exec-10] c.r.r.config.RequestLoggingFilter        :   Authorization: Bearer [TOKEN_HIDDEN]
2026-02-27T09:33:03.747+01:00  INFO 23160 --- [readyroad-secure] [io-8890-exec-10] c.r.r.config.RequestLoggingFilter        :   accept-language: *
2026-02-27T09:33:03.748+01:00  INFO 23160 --- [readyroad-secure] [io-8890-exec-10] c.r.r.config.RequestLoggingFilter        :   sec-fetch-mode: cors
2026-02-27T09:33:03.748+01:00  INFO 23160 --- [readyroad-secure] [io-8890-exec-10] c.r.r.config.RequestLoggingFilter        :   user-agent: node
2026-02-27T09:33:03.749+01:00  INFO 23160 --- [readyroad-secure] [io-8890-exec-10] c.r.r.config.RequestLoggingFilter        :   pragma: no-cache
2026-02-27T09:33:03.749+01:00  INFO 23160 --- [readyroad-secure] [io-8890-exec-10] c.r.r.config.RequestLoggingFilter        :   cache-control: no-cache
2026-02-27T09:33:03.749+01:00  INFO 23160 --- [readyroad-secure] [io-8890-exec-10] c.r.r.config.RequestLoggingFilter        :   accept-encoding: gzip, deflate
2026-02-27T09:33:03.749+01:00  INFO 23160 --- [readyroad-secure] [io-8890-exec-10] c.r.r.config.RequestLoggingFilter        : ════════════════════════════════════════
2026-02-27T09:33:03.751+01:00  INFO 23160 --- [readyroad-secure] [nio-8890-exec-4] c.r.r.config.RequestLoggingFilter        : ════════════════════════════════════════
2026-02-27T09:33:03.751+01:00  INFO 23160 --- [readyroad-secure] [nio-8890-exec-4] c.r.r.config.RequestLoggingFilter        : 🌐 INCOMING REQUEST
2026-02-27T09:33:03.751+01:00  INFO 23160 --- [readyroad-secure] [nio-8890-exec-4] c.r.r.config.RequestLoggingFilter        : ════════════════════════════════════════
2026-02-27T09:33:03.752+01:00  INFO 23160 --- [readyroad-secure] [nio-8890-exec-4] c.r.r.config.RequestLoggingFilter        : Method: GET
2026-02-27T09:33:03.752+01:00  INFO 23160 --- [readyroad-secure] [nio-8890-exec-4] c.r.r.config.RequestLoggingFilter        : URI: /api/quiz/stats/category/6
2026-02-27T09:33:03.752+01:00  INFO 23160 --- [readyroad-secure] [nio-8890-exec-4] c.r.r.config.RequestLoggingFilter        : Remote Address: 0:0:0:0:0:0:0:1
2026-02-27T09:33:03.753+01:00  INFO 23160 --- [readyroad-secure] [nio-8890-exec-4] c.r.r.config.RequestLoggingFilter        : ----------------------------------------
2026-02-27T09:33:03.752+01:00 DEBUG 23160 --- [readyroad-secure] [io-8890-exec-10] org.hibernate.SQL                        : select count(qq1_0.id) from quiz_questions qq1_0 where qq1_0.category_id=? and qq1_0.is_active=true and qq1_0.status=?
2026-02-27T09:33:03.753+01:00  INFO 23160 --- [readyroad-secure] [nio-8890-exec-4] c.r.r.config.RequestLoggingFilter        : 📋 Request Headers:
2026-02-27T09:33:03.753+01:00  INFO 23160 --- [readyroad-secure] [nio-8890-exec-4] c.r.r.config.RequestLoggingFilter        :   host: localhost:8890
2026-02-27T09:33:03.755+01:00  INFO 23160 --- [readyroad-secure] [nio-8890-exec-4] c.r.r.config.RequestLoggingFilter        :   connection: keep-alive
2026-02-27T09:33:03.755+01:00  INFO 23160 --- [readyroad-secure] [nio-8890-exec-4] c.r.r.config.RequestLoggingFilter        :   Accept: application/json
2026-02-27T09:33:03.755+01:00  INFO 23160 --- [readyroad-secure] [nio-8890-exec-4] c.r.r.config.RequestLoggingFilter        :   Authorization: Bearer [TOKEN_HIDDEN]
2026-02-27T09:33:03.756+01:00  INFO 23160 --- [readyroad-secure] [nio-8890-exec-4] c.r.r.config.RequestLoggingFilter        :   accept-language: *
2026-02-27T09:33:03.756+01:00  INFO 23160 --- [readyroad-secure] [nio-8890-exec-4] c.r.r.config.RequestLoggingFilter        :   sec-fetch-mode: cors
2026-02-27T09:33:03.756+01:00  INFO 23160 --- [readyroad-secure] [nio-8890-exec-4] c.r.r.config.RequestLoggingFilter        :   user-agent: node
2026-02-27T09:33:03.756+01:00  INFO 23160 --- [readyroad-secure] [nio-8890-exec-4] c.r.r.config.RequestLoggingFilter        :   pragma: no-cache
2026-02-27T09:33:03.757+01:00  INFO 23160 --- [readyroad-secure] [nio-8890-exec-4] c.r.r.config.RequestLoggingFilter        :   cache-control: no-cache
2026-02-27T09:33:03.757+01:00  INFO 23160 --- [readyroad-secure] [nio-8890-exec-4] c.r.r.config.RequestLoggingFilter        :   accept-encoding: gzip, deflate
2026-02-27T09:33:03.758+01:00  INFO 23160 --- [readyroad-secure] [nio-8890-exec-4] c.r.r.config.RequestLoggingFilter        : ════════════════════════════════════════
2026-02-27T09:33:03.761+01:00 DEBUG 23160 --- [readyroad-secure] [nio-8890-exec-4] org.hibernate.SQL                        : select count(qq1_0.id) from quiz_questions qq1_0 where qq1_0.category_id=? and qq1_0.is_active=true and qq1_0.status=?
2026-02-27T09:33:03.819+01:00 DEBUG 23160 --- [readyroad-secure] [nio-8890-exec-5] org.hibernate.SQL                        : select u1_0.id,u1_0.created_at,u1_0.email,u1_0.full_name,u1_0.is_active,u1_0.is_locked,u1_0.password_hash,u1_0.role,u1_0.updated_at,u1_0.username from users u1_0 where u1_0.username=?
2026-02-27T09:33:03.824+01:00  INFO 23160 --- [readyroad-secure] [nio-8890-exec-5] c.r.r.config.RequestLoggingFilter        : ════════════════════════════════════════
2026-02-27T09:33:03.824+01:00  INFO 23160 --- [readyroad-secure] [nio-8890-exec-5] c.r.r.config.RequestLoggingFilter        : 🌐 INCOMING REQUEST
2026-02-27T09:33:03.824+01:00  INFO 23160 --- [readyroad-secure] [nio-8890-exec-5] c.r.r.config.RequestLoggingFilter        : ════════════════════════════════════════
2026-02-27T09:33:03.825+01:00  INFO 23160 --- [readyroad-secure] [nio-8890-exec-5] c.r.r.config.RequestLoggingFilter        : Method: GET
2026-02-27T09:33:03.825+01:00  INFO 23160 --- [readyroad-secure] [nio-8890-exec-5] c.r.r.config.RequestLoggingFilter        : URI: /api/quiz/stats/category/3
2026-02-27T09:33:03.825+01:00  INFO 23160 --- [readyroad-secure] [nio-8890-exec-5] c.r.r.config.RequestLoggingFilter        : Remote Address: 0:0:0:0:0:0:0:1
2026-02-27T09:33:03.826+01:00  INFO 23160 --- [readyroad-secure] [nio-8890-exec-5] c.r.r.config.RequestLoggingFilter        : ----------------------------------------
2026-02-27T09:33:03.826+01:00  INFO 23160 --- [readyroad-secure] [nio-8890-exec-5] c.r.r.config.RequestLoggingFilter        : 📋 Request Headers:
2026-02-27T09:33:03.826+01:00  INFO 23160 --- [readyroad-secure] [nio-8890-exec-5] c.r.r.config.RequestLoggingFilter        :   host: localhost:8890
2026-02-27T09:33:03.826+01:00  INFO 23160 --- [readyroad-secure] [nio-8890-exec-5] c.r.r.config.RequestLoggingFilter        :   connection: keep-alive
2026-02-27T09:33:03.827+01:00  INFO 23160 --- [readyroad-secure] [nio-8890-exec-5] c.r.r.config.RequestLoggingFilter        :   Accept: application/json
2026-02-27T09:33:03.827+01:00  INFO 23160 --- [readyroad-secure] [nio-8890-exec-5] c.r.r.config.RequestLoggingFilter        :   Authorization: Bearer [TOKEN_HIDDEN]
2026-02-27T09:33:03.827+01:00  INFO 23160 --- [readyroad-secure] [nio-8890-exec-5] c.r.r.config.RequestLoggingFilter        :   accept-language: *
2026-02-27T09:33:03.828+01:00  INFO 23160 --- [readyroad-secure] [nio-8890-exec-5] c.r.r.config.RequestLoggingFilter        :   sec-fetch-mode: cors
2026-02-27T09:33:03.828+01:00  INFO 23160 --- [readyroad-secure] [nio-8890-exec-5] c.r.r.config.RequestLoggingFilter        :   user-agent: node
2026-02-27T09:33:03.829+01:00  INFO 23160 --- [readyroad-secure] [nio-8890-exec-5] c.r.r.config.RequestLoggingFilter        :   pragma: no-cache
2026-02-27T09:33:03.829+01:00  INFO 23160 --- [readyroad-secure] [nio-8890-exec-5] c.r.r.config.RequestLoggingFilter        :   cache-control: no-cache
2026-02-27T09:33:03.829+01:00  INFO 23160 --- [readyroad-secure] [nio-8890-exec-5] c.r.r.config.RequestLoggingFilter        :   accept-encoding: gzip, deflate
2026-02-27T09:33:03.829+01:00  INFO 23160 --- [readyroad-secure] [nio-8890-exec-5] c.r.r.config.RequestLoggingFilter        : ════════════════════════════════════════
2026-02-27T09:33:03.832+01:00 DEBUG 23160 --- [readyroad-secure] [nio-8890-exec-5] org.hibernate.SQL                        : select count(qq1_0.id) from quiz_questions qq1_0 where qq1_0.category_id=? and qq1_0.is_active=true and qq1_0.status=?
2026-02-27T09:33:04.135+01:00 DEBUG 23160 --- [readyroad-secure] [nio-8890-exec-8] org.hibernate.SQL                        : select u1_0.id,u1_0.created_at,u1_0.email,u1_0.full_name,u1_0.is_active,u1_0.is_locked,u1_0.password_hash,u1_0.role,u1_0.updated_at,u1_0.username from users u1_0 where u1_0.username=?
2026-02-27T09:33:04.139+01:00  INFO 23160 --- [readyroad-secure] [nio-8890-exec-8] c.r.r.config.RequestLoggingFilter        : ════════════════════════════════════════
2026-02-27T09:33:04.140+01:00  INFO 23160 --- [readyroad-secure] [nio-8890-exec-8] c.r.r.config.RequestLoggingFilter        : 🌐 INCOMING REQUEST
2026-02-27T09:33:04.141+01:00  INFO 23160 --- [readyroad-secure] [nio-8890-exec-8] c.r.r.config.RequestLoggingFilter        : ════════════════════════════════════════
2026-02-27T09:33:04.141+01:00  INFO 23160 --- [readyroad-secure] [nio-8890-exec-8] c.r.r.config.RequestLoggingFilter        : Method: GET
2026-02-27T09:33:04.141+01:00  INFO 23160 --- [readyroad-secure] [nio-8890-exec-8] c.r.r.config.RequestLoggingFilter        : URI: /api/quiz/stats/category/7
2026-02-27T09:33:04.141+01:00  INFO 23160 --- [readyroad-secure] [nio-8890-exec-8] c.r.r.config.RequestLoggingFilter        : Remote Address: 0:0:0:0:0:0:0:1
2026-02-27T09:33:04.142+01:00  INFO 23160 --- [readyroad-secure] [nio-8890-exec-8] c.r.r.config.RequestLoggingFilter        : ----------------------------------------
2026-02-27T09:33:04.142+01:00  INFO 23160 --- [readyroad-secure] [nio-8890-exec-8] c.r.r.config.RequestLoggingFilter        : 📋 Request Headers:
2026-02-27T09:33:04.142+01:00  INFO 23160 --- [readyroad-secure] [nio-8890-exec-8] c.r.r.config.RequestLoggingFilter        :   host: localhost:8890
2026-02-27T09:33:04.143+01:00  INFO 23160 --- [readyroad-secure] [nio-8890-exec-8] c.r.r.config.RequestLoggingFilter        :   connection: keep-alive
2026-02-27T09:33:04.144+01:00  INFO 23160 --- [readyroad-secure] [nio-8890-exec-8] c.r.r.config.RequestLoggingFilter        :   Accept: application/json
2026-02-27T09:33:04.144+01:00  INFO 23160 --- [readyroad-secure] [nio-8890-exec-8] c.r.r.config.RequestLoggingFilter        :   Authorization: Bearer [TOKEN_HIDDEN]
2026-02-27T09:33:04.144+01:00  INFO 23160 --- [readyroad-secure] [nio-8890-exec-8] c.r.r.config.RequestLoggingFilter        :   accept-language: *
2026-02-27T09:33:04.145+01:00  INFO 23160 --- [readyroad-secure] [nio-8890-exec-8] c.r.r.config.RequestLoggingFilter        :   sec-fetch-mode: cors
2026-02-27T09:33:04.145+01:00  INFO 23160 --- [readyroad-secure] [nio-8890-exec-8] c.r.r.config.RequestLoggingFilter        :   user-agent: node
2026-02-27T09:33:04.145+01:00  INFO 23160 --- [readyroad-secure] [nio-8890-exec-8] c.r.r.config.RequestLoggingFilter        :   pragma: no-cache
2026-02-27T09:33:04.145+01:00  INFO 23160 --- [readyroad-secure] [nio-8890-exec-8] c.r.r.config.RequestLoggingFilter        :   cache-control: no-cache
2026-02-27T09:33:04.146+01:00  INFO 23160 --- [readyroad-secure] [nio-8890-exec-8] c.r.r.config.RequestLoggingFilter        :   accept-encoding: gzip, deflate
2026-02-27T09:33:04.146+01:00  INFO 23160 --- [readyroad-secure] [nio-8890-exec-8] c.r.r.config.RequestLoggingFilter        : ════════════════════════════════════════
2026-02-27T09:33:04.149+01:00 DEBUG 23160 --- [readyroad-secure] [nio-8890-exec-8] org.hibernate.SQL                        : select count(qq1_0.id) from quiz_questions qq1_0 where qq1_0.category_id=? and qq1_0.is_active=true and qq1_0.status=?
2026-02-27T09:33:04.976+01:00 DEBUG 23160 --- [readyroad-secure] [nio-8890-exec-1] org.hibernate.SQL                        : select u1_0.id,u1_0.created_at,u1_0.email,u1_0.full_name,u1_0.is_active,u1_0.is_locked,u1_0.password_hash,u1_0.role,u1_0.updated_at,u1_0.username from users u1_0 where u1_0.username=?
2026-02-27T09:33:04.979+01:00  INFO 23160 --- [readyroad-secure] [nio-8890-exec-1] c.r.r.config.RequestLoggingFilter        : ════════════════════════════════════════
2026-02-27T09:33:04.981+01:00  INFO 23160 --- [readyroad-secure] [nio-8890-exec-1] c.r.r.config.RequestLoggingFilter        : 🌐 INCOMING REQUEST
2026-02-27T09:33:04.981+01:00  INFO 23160 --- [readyroad-secure] [nio-8890-exec-1] c.r.r.config.RequestLoggingFilter        : ════════════════════════════════════════
2026-02-27T09:33:04.981+01:00  INFO 23160 --- [readyroad-secure] [nio-8890-exec-1] c.r.r.config.RequestLoggingFilter        : Method: GET
2026-02-27T09:33:04.982+01:00  INFO 23160 --- [readyroad-secure] [nio-8890-exec-1] c.r.r.config.RequestLoggingFilter        : URI: /api/quiz/stats/category/8
2026-02-27T09:33:04.982+01:00  INFO 23160 --- [readyroad-secure] [nio-8890-exec-1] c.r.r.config.RequestLoggingFilter        : Remote Address: 0:0:0:0:0:0:0:1
2026-02-27T09:33:04.982+01:00  INFO 23160 --- [readyroad-secure] [nio-8890-exec-1] c.r.r.config.RequestLoggingFilter        : ----------------------------------------
2026-02-27T09:33:04.982+01:00  INFO 23160 --- [readyroad-secure] [nio-8890-exec-1] c.r.r.config.RequestLoggingFilter        : 📋 Request Headers:
2026-02-27T09:33:04.983+01:00  INFO 23160 --- [readyroad-secure] [nio-8890-exec-1] c.r.r.config.RequestLoggingFilter        :   host: localhost:8890
2026-02-27T09:33:04.983+01:00  INFO 23160 --- [readyroad-secure] [nio-8890-exec-1] c.r.r.config.RequestLoggingFilter        :   connection: keep-alive
2026-02-27T09:33:04.984+01:00  INFO 23160 --- [readyroad-secure] [nio-8890-exec-1] c.r.r.config.RequestLoggingFilter        :   Accept: application/json
2026-02-27T09:33:04.984+01:00  INFO 23160 --- [readyroad-secure] [nio-8890-exec-1] c.r.r.config.RequestLoggingFilter        :   Authorization: Bearer [TOKEN_HIDDEN]
2026-02-27T09:33:04.984+01:00  INFO 23160 --- [readyroad-secure] [nio-8890-exec-1] c.r.r.config.RequestLoggingFilter        :   accept-language: *
2026-02-27T09:33:04.985+01:00  INFO 23160 --- [readyroad-secure] [nio-8890-exec-1] c.r.r.config.RequestLoggingFilter        :   sec-fetch-mode: cors
2026-02-27T09:33:04.985+01:00  INFO 23160 --- [readyroad-secure] [nio-8890-exec-1] c.r.r.config.RequestLoggingFilter        :   user-agent: node
2026-02-27T09:33:04.985+01:00  INFO 23160 --- [readyroad-secure] [nio-8890-exec-1] c.r.r.config.RequestLoggingFilter        :   pragma: no-cache
2026-02-27T09:33:04.986+01:00  INFO 23160 --- [readyroad-secure] [nio-8890-exec-1] c.r.r.config.RequestLoggingFilter        :   cache-control: no-cache
2026-02-27T09:33:04.986+01:00  INFO 23160 --- [readyroad-secure] [nio-8890-exec-1] c.r.r.config.RequestLoggingFilter        :   accept-encoding: gzip, deflate
2026-02-27T09:33:04.986+01:00  INFO 23160 --- [readyroad-secure] [nio-8890-exec-1] c.r.r.config.RequestLoggingFilter        : ════════════════════════════════════════
2026-02-27T09:33:04.989+01:00 DEBUG 23160 --- [readyroad-secure] [nio-8890-exec-1] org.hibernate.SQL                        : select count(qq1_0.id) from quiz_questions qq1_0 where qq1_0.category_id=? and qq1_0.is_active=true and qq1_0.status=?
2026-02-27T09:33:05.004+01:00 DEBUG 23160 --- [readyroad-secure] [nio-8890-exec-2] org.hibernate.SQL                        : select u1_0.id,u1_0.created_at,u1_0.email,u1_0.full_name,u1_0.is_active,u1_0.is_locked,u1_0.password_hash,u1_0.role,u1_0.updated_at,u1_0.username from users u1_0 where u1_0.username=?
2026-02-27T09:33:05.008+01:00  INFO 23160 --- [readyroad-secure] [nio-8890-exec-2] c.r.r.config.RequestLoggingFilter        : ════════════════════════════════════════
2026-02-27T09:33:05.009+01:00  INFO 23160 --- [readyroad-secure] [nio-8890-exec-2] c.r.r.config.RequestLoggingFilter        : 🌐 INCOMING REQUEST
2026-02-27T09:33:05.009+01:00  INFO 23160 --- [readyroad-secure] [nio-8890-exec-2] c.r.r.config.RequestLoggingFilter        : ════════════════════════════════════════
2026-02-27T09:33:05.010+01:00  INFO 23160 --- [readyroad-secure] [nio-8890-exec-2] c.r.r.config.RequestLoggingFilter        : Method: GET
2026-02-27T09:33:05.010+01:00  INFO 23160 --- [readyroad-secure] [nio-8890-exec-2] c.r.r.config.RequestLoggingFilter        : URI: /api/quiz/stats/category/9
2026-02-27T09:33:05.010+01:00  INFO 23160 --- [readyroad-secure] [nio-8890-exec-2] c.r.r.config.RequestLoggingFilter        : Remote Address: 0:0:0:0:0:0:0:1
2026-02-27T09:33:05.011+01:00  INFO 23160 --- [readyroad-secure] [nio-8890-exec-2] c.r.r.config.RequestLoggingFilter        : ----------------------------------------
2026-02-27T09:33:05.011+01:00  INFO 23160 --- [readyroad-secure] [nio-8890-exec-2] c.r.r.config.RequestLoggingFilter        : 📋 Request Headers:
2026-02-27T09:33:05.011+01:00  INFO 23160 --- [readyroad-secure] [nio-8890-exec-2] c.r.r.config.RequestLoggingFilter        :   host: localhost:8890
2026-02-27T09:33:05.012+01:00  INFO 23160 --- [readyroad-secure] [nio-8890-exec-2] c.r.r.config.RequestLoggingFilter        :   connection: keep-alive
2026-02-27T09:33:05.012+01:00  INFO 23160 --- [readyroad-secure] [nio-8890-exec-2] c.r.r.config.RequestLoggingFilter        :   Accept: application/json
2026-02-27T09:33:05.012+01:00  INFO 23160 --- [readyroad-secure] [nio-8890-exec-2] c.r.r.config.RequestLoggingFilter        :   Authorization: Bearer [TOKEN_HIDDEN]
2026-02-27T09:33:05.012+01:00  INFO 23160 --- [readyroad-secure] [nio-8890-exec-2] c.r.r.config.RequestLoggingFilter        :   accept-language: *
2026-02-27T09:33:05.013+01:00  INFO 23160 --- [readyroad-secure] [nio-8890-exec-2] c.r.r.config.RequestLoggingFilter        :   sec-fetch-mode: cors
2026-02-27T09:33:05.013+01:00  INFO 23160 --- [readyroad-secure] [nio-8890-exec-2] c.r.r.config.RequestLoggingFilter        :   user-agent: node
2026-02-27T09:33:05.013+01:00  INFO 23160 --- [readyroad-secure] [nio-8890-exec-2] c.r.r.config.RequestLoggingFilter        :   pragma: no-cache
2026-02-27T09:33:05.014+01:00  INFO 23160 --- [readyroad-secure] [nio-8890-exec-2] c.r.r.config.RequestLoggingFilter        :   cache-control: no-cache
2026-02-27T09:33:05.014+01:00  INFO 23160 --- [readyroad-secure] [nio-8890-exec-2] c.r.r.config.RequestLoggingFilter        :   accept-encoding: gzip, deflate
2026-02-27T09:33:05.014+01:00  INFO 23160 --- [readyroad-secure] [nio-8890-exec-2] c.r.r.config.RequestLoggingFilter        : ════════════════════════════════════════
2026-02-27T09:33:05.017+01:00 DEBUG 23160 --- [readyroad-secure] [nio-8890-exec-2] org.hibernate.SQL                        : select count(qq1_0.id) from quiz_questions qq1_0 where qq1_0.category_id=? and qq1_0.is_active=true and qq1_0.status=?
2026-02-27T09:33:05.203+01:00 DEBUG 23160 --- [readyroad-secure] [nio-8890-exec-3] org.hibernate.SQL                        : select u1_0.id,u1_0.created_at,u1_0.email,u1_0.full_name,u1_0.is_active,u1_0.is_locked,u1_0.password_hash,u1_0.role,u1_0.updated_at,u1_0.username from users u1_0 where u1_0.username=?
2026-02-27T09:33:05.207+01:00  INFO 23160 --- [readyroad-secure] [nio-8890-exec-3] c.r.r.config.RequestLoggingFilter        : ════════════════════════════════════════
2026-02-27T09:33:05.208+01:00  INFO 23160 --- [readyroad-secure] [nio-8890-exec-3] c.r.r.config.RequestLoggingFilter        : 🌐 INCOMING REQUEST
2026-02-27T09:33:05.208+01:00  INFO 23160 --- [readyroad-secure] [nio-8890-exec-3] c.r.r.config.RequestLoggingFilter        : ════════════════════════════════════════
2026-02-27T09:33:05.208+01:00  INFO 23160 --- [readyroad-secure] [nio-8890-exec-3] c.r.r.config.RequestLoggingFilter        : Method: GET
2026-02-27T09:33:05.208+01:00  INFO 23160 --- [readyroad-secure] [nio-8890-exec-3] c.r.r.config.RequestLoggingFilter        : URI: /api/quiz/stats/category/17
2026-02-27T09:33:05.209+01:00  INFO 23160 --- [readyroad-secure] [nio-8890-exec-3] c.r.r.config.RequestLoggingFilter        : Remote Address: 0:0:0:0:0:0:0:1
2026-02-27T09:33:05.209+01:00  INFO 23160 --- [readyroad-secure] [nio-8890-exec-3] c.r.r.config.RequestLoggingFilter        : ----------------------------------------
2026-02-27T09:33:05.209+01:00  INFO 23160 --- [readyroad-secure] [nio-8890-exec-3] c.r.r.config.RequestLoggingFilter        : 📋 Request Headers:
2026-02-27T09:33:05.210+01:00  INFO 23160 --- [readyroad-secure] [nio-8890-exec-3] c.r.r.config.RequestLoggingFilter        :   host: localhost:8890
2026-02-27T09:33:05.210+01:00  INFO 23160 --- [readyroad-secure] [nio-8890-exec-3] c.r.r.config.RequestLoggingFilter        :   connection: keep-alive
2026-02-27T09:33:05.210+01:00  INFO 23160 --- [readyroad-secure] [nio-8890-exec-3] c.r.r.config.RequestLoggingFilter        :   Accept: application/json
2026-02-27T09:33:05.211+01:00  INFO 23160 --- [readyroad-secure] [nio-8890-exec-3] c.r.r.config.RequestLoggingFilter        :   Authorization: Bearer [TOKEN_HIDDEN]
2026-02-27T09:33:05.212+01:00  INFO 23160 --- [readyroad-secure] [nio-8890-exec-3] c.r.r.config.RequestLoggingFilter        :   accept-language: *
2026-02-27T09:33:05.212+01:00  INFO 23160 --- [readyroad-secure] [nio-8890-exec-3] c.r.r.config.RequestLoggingFilter        :   sec-fetch-mode: cors
2026-02-27T09:33:05.212+01:00  INFO 23160 --- [readyroad-secure] [nio-8890-exec-3] c.r.r.config.RequestLoggingFilter        :   user-agent: node
2026-02-27T09:33:05.212+01:00  INFO 23160 --- [readyroad-secure] [nio-8890-exec-3] c.r.r.config.RequestLoggingFilter        :   pragma: no-cache
2026-02-27T09:33:05.213+01:00  INFO 23160 --- [readyroad-secure] [nio-8890-exec-3] c.r.r.config.RequestLoggingFilter        :   cache-control: no-cache
2026-02-27T09:33:05.213+01:00  INFO 23160 --- [readyroad-secure] [nio-8890-exec-3] c.r.r.config.RequestLoggingFilter        :   accept-encoding: gzip, deflate
2026-02-27T09:33:05.214+01:00  INFO 23160 --- [readyroad-secure] [nio-8890-exec-3] c.r.r.config.RequestLoggingFilter        : ════════════════════════════════════════
2026-02-27T09:33:05.217+01:00 DEBUG 23160 --- [readyroad-secure] [nio-8890-exec-3] org.hibernate.SQL                        : select count(qq1_0.id) from quiz_questions qq1_0 where qq1_0.category_id=? and qq1_0.is_active=true and qq1_0.status=?
2026-02-27T09:33:06.570+01:00 DEBUG 23160 --- [readyroad-secure] [nio-8890-exec-9] org.hibernate.SQL                        : select u1_0.id,u1_0.created_at,u1_0.email,u1_0.full_name,u1_0.is_active,u1_0.is_locked,u1_0.password_hash,u1_0.role,u1_0.updated_at,u1_0.username from users u1_0 where u1_0.username=?
2026-02-27T09:33:06.574+01:00  INFO 23160 --- [readyroad-secure] [nio-8890-exec-9] c.r.r.config.RequestLoggingFilter        : ════════════════════════════════════════
2026-02-27T09:33:06.576+01:00  INFO 23160 --- [readyroad-secure] [nio-8890-exec-9] c.r.r.config.RequestLoggingFilter        : 🌐 INCOMING REQUEST
2026-02-27T09:33:06.576+01:00  INFO 23160 --- [readyroad-secure] [nio-8890-exec-9] c.r.r.config.RequestLoggingFilter        : ════════════════════════════════════════
2026-02-27T09:33:06.576+01:00  INFO 23160 --- [readyroad-secure] [nio-8890-exec-9] c.r.r.config.RequestLoggingFilter        : Method: GET
2026-02-27T09:33:06.577+01:00  INFO 23160 --- [readyroad-secure] [nio-8890-exec-9] c.r.r.config.RequestLoggingFilter        : URI: /api/quiz/stats/category/1
2026-02-27T09:33:06.577+01:00  INFO 23160 --- [readyroad-secure] [nio-8890-exec-9] c.r.r.config.RequestLoggingFilter        : Remote Address: 0:0:0:0:0:0:0:1
2026-02-27T09:33:06.577+01:00  INFO 23160 --- [readyroad-secure] [nio-8890-exec-9] c.r.r.config.RequestLoggingFilter        : ----------------------------------------
2026-02-27T09:33:06.578+01:00  INFO 23160 --- [readyroad-secure] [nio-8890-exec-9] c.r.r.config.RequestLoggingFilter        : 📋 Request Headers:
2026-02-27T09:33:06.578+01:00  INFO 23160 --- [readyroad-secure] [nio-8890-exec-9] c.r.r.config.RequestLoggingFilter        :   host: localhost:8890
2026-02-27T09:33:06.578+01:00  INFO 23160 --- [readyroad-secure] [nio-8890-exec-9] c.r.r.config.RequestLoggingFilter        :   connection: keep-alive
2026-02-27T09:33:06.579+01:00  INFO 23160 --- [readyroad-secure] [nio-8890-exec-9] c.r.r.config.RequestLoggingFilter        :   Accept: application/json
2026-02-27T09:33:06.579+01:00  INFO 23160 --- [readyroad-secure] [nio-8890-exec-9] c.r.r.config.RequestLoggingFilter        :   Authorization: Bearer [TOKEN_HIDDEN]
2026-02-27T09:33:06.579+01:00  INFO 23160 --- [readyroad-secure] [nio-8890-exec-9] c.r.r.config.RequestLoggingFilter        :   accept-language: *
2026-02-27T09:33:06.580+01:00  INFO 23160 --- [readyroad-secure] [nio-8890-exec-9] c.r.r.config.RequestLoggingFilter        :   sec-fetch-mode: cors
2026-02-27T09:33:06.580+01:00  INFO 23160 --- [readyroad-secure] [nio-8890-exec-9] c.r.r.config.RequestLoggingFilter        :   user-agent: node
2026-02-27T09:33:06.580+01:00  INFO 23160 --- [readyroad-secure] [nio-8890-exec-9] c.r.r.config.RequestLoggingFilter        :   pragma: no-cache
2026-02-27T09:33:06.580+01:00  INFO 23160 --- [readyroad-secure] [nio-8890-exec-9] c.r.r.config.RequestLoggingFilter        :   cache-control: no-cache
2026-02-27T09:33:06.580+01:00  INFO 23160 --- [readyroad-secure] [nio-8890-exec-9] c.r.r.config.RequestLoggingFilter        :   accept-encoding: gzip, deflate
2026-02-27T09:33:06.581+01:00  INFO 23160 --- [readyroad-secure] [nio-8890-exec-9] c.r.r.config.RequestLoggingFilter        : ════════════════════════════════════════
2026-02-27T09:33:06.583+01:00 DEBUG 23160 --- [readyroad-secure] [nio-8890-exec-9] org.hibernate.SQL                        : select count(qq1_0.id) from quiz_questions qq1_0 where qq1_0.category_id=? and qq1_0.is_active=true and qq1_0.status=?
2026-02-27T09:33:06.588+01:00 DEBUG 23160 --- [readyroad-secure] [nio-8890-exec-7] org.hibernate.SQL                        : select u1_0.id,u1_0.created_at,u1_0.email,u1_0.full_name,u1_0.is_active,u1_0.is_locked,u1_0.password_hash,u1_0.role,u1_0.updated_at,u1_0.username from users u1_0 where u1_0.username=?
2026-02-27T09:33:06.594+01:00  INFO 23160 --- [readyroad-secure] [nio-8890-exec-7] c.r.r.config.RequestLoggingFilter        : ════════════════════════════════════════
2026-02-27T09:33:06.594+01:00  INFO 23160 --- [readyroad-secure] [nio-8890-exec-7] c.r.r.config.RequestLoggingFilter        : 🌐 INCOMING REQUEST
2026-02-27T09:33:06.595+01:00  INFO 23160 --- [readyroad-secure] [nio-8890-exec-7] c.r.r.config.RequestLoggingFilter        : ════════════════════════════════════════
2026-02-27T09:33:06.595+01:00  INFO 23160 --- [readyroad-secure] [nio-8890-exec-7] c.r.r.config.RequestLoggingFilter        : Method: GET
2026-02-27T09:33:06.595+01:00  INFO 23160 --- [readyroad-secure] [nio-8890-exec-7] c.r.r.config.RequestLoggingFilter        : URI: /api/quiz/stats/category/2
2026-02-27T09:33:06.595+01:00  INFO 23160 --- [readyroad-secure] [nio-8890-exec-7] c.r.r.config.RequestLoggingFilter        : Remote Address: 0:0:0:0:0:0:0:1
2026-02-27T09:33:06.596+01:00  INFO 23160 --- [readyroad-secure] [nio-8890-exec-7] c.r.r.config.RequestLoggingFilter        : ----------------------------------------
2026-02-27T09:33:06.596+01:00  INFO 23160 --- [readyroad-secure] [nio-8890-exec-7] c.r.r.config.RequestLoggingFilter        : 📋 Request Headers:
2026-02-27T09:33:06.596+01:00  INFO 23160 --- [readyroad-secure] [nio-8890-exec-7] c.r.r.config.RequestLoggingFilter        :   host: localhost:8890
2026-02-27T09:33:06.597+01:00  INFO 23160 --- [readyroad-secure] [nio-8890-exec-7] c.r.r.config.RequestLoggingFilter        :   connection: keep-alive
2026-02-27T09:33:06.597+01:00  INFO 23160 --- [readyroad-secure] [nio-8890-exec-7] c.r.r.config.RequestLoggingFilter        :   Accept: application/json
2026-02-27T09:33:06.598+01:00  INFO 23160 --- [readyroad-secure] [nio-8890-exec-7] c.r.r.config.RequestLoggingFilter        :   Authorization: Bearer [TOKEN_HIDDEN]
2026-02-27T09:33:06.598+01:00  INFO 23160 --- [readyroad-secure] [nio-8890-exec-7] c.r.r.config.RequestLoggingFilter        :   accept-language: *
2026-02-27T09:33:06.598+01:00  INFO 23160 --- [readyroad-secure] [nio-8890-exec-7] c.r.r.config.RequestLoggingFilter        :   sec-fetch-mode: cors
2026-02-27T09:33:06.599+01:00  INFO 23160 --- [readyroad-secure] [nio-8890-exec-7] c.r.r.config.RequestLoggingFilter        :   user-agent: node
2026-02-27T09:33:06.599+01:00  INFO 23160 --- [readyroad-secure] [nio-8890-exec-7] c.r.r.config.RequestLoggingFilter        :   pragma: no-cache
2026-02-27T09:33:06.600+01:00  INFO 23160 --- [readyroad-secure] [nio-8890-exec-7] c.r.r.config.RequestLoggingFilter        :   cache-control: no-cache
2026-02-27T09:33:06.600+01:00  INFO 23160 --- [readyroad-secure] [nio-8890-exec-7] c.r.r.config.RequestLoggingFilter        :   accept-encoding: gzip, deflate
2026-02-27T09:33:06.601+01:00  INFO 23160 --- [readyroad-secure] [nio-8890-exec-7] c.r.r.config.RequestLoggingFilter        : ════════════════════════════════════════
2026-02-27T09:33:06.603+01:00 DEBUG 23160 --- [readyroad-secure] [nio-8890-exec-7] org.hibernate.SQL                        : select count(qq1_0.id) from quiz_questions qq1_0 where qq1_0.category_id=? and qq1_0.is_active=true and qq1_0.status=?
2026-02-27T09:33:06.676+01:00 DEBUG 23160 --- [readyroad-secure] [nio-8890-exec-6] org.hibernate.SQL                        : select u1_0.id,u1_0.created_at,u1_0.email,u1_0.full_name,u1_0.is_active,u1_0.is_locked,u1_0.password_hash,u1_0.role,u1_0.updated_at,u1_0.username from users u1_0 where u1_0.username=?
2026-02-27T09:33:06.680+01:00  INFO 23160 --- [readyroad-secure] [nio-8890-exec-6] c.r.r.config.RequestLoggingFilter        : ════════════════════════════════════════
2026-02-27T09:33:06.681+01:00  INFO 23160 --- [readyroad-secure] [nio-8890-exec-6] c.r.r.config.RequestLoggingFilter        : 🌐 INCOMING REQUEST
2026-02-27T09:33:06.681+01:00  INFO 23160 --- [readyroad-secure] [nio-8890-exec-6] c.r.r.config.RequestLoggingFilter        : ════════════════════════════════════════
2026-02-27T09:33:06.681+01:00  INFO 23160 --- [readyroad-secure] [nio-8890-exec-6] c.r.r.config.RequestLoggingFilter        : Method: GET
2026-02-27T09:33:06.681+01:00  INFO 23160 --- [readyroad-secure] [nio-8890-exec-6] c.r.r.config.RequestLoggingFilter        : URI: /api/quiz/stats/category/3
2026-02-27T09:33:06.682+01:00  INFO 23160 --- [readyroad-secure] [nio-8890-exec-6] c.r.r.config.RequestLoggingFilter        : Remote Address: 0:0:0:0:0:0:0:1
2026-02-27T09:33:06.683+01:00  INFO 23160 --- [readyroad-secure] [nio-8890-exec-6] c.r.r.config.RequestLoggingFilter        : ----------------------------------------
2026-02-27T09:33:06.683+01:00  INFO 23160 --- [readyroad-secure] [nio-8890-exec-6] c.r.r.config.RequestLoggingFilter        : 📋 Request Headers:
2026-02-27T09:33:06.683+01:00  INFO 23160 --- [readyroad-secure] [nio-8890-exec-6] c.r.r.config.RequestLoggingFilter        :   host: localhost:8890
2026-02-27T09:33:06.683+01:00  INFO 23160 --- [readyroad-secure] [nio-8890-exec-6] c.r.r.config.RequestLoggingFilter        :   connection: keep-alive
2026-02-27T09:33:06.684+01:00  INFO 23160 --- [readyroad-secure] [nio-8890-exec-6] c.r.r.config.RequestLoggingFilter        :   Accept: application/json
2026-02-27T09:33:06.684+01:00  INFO 23160 --- [readyroad-secure] [nio-8890-exec-6] c.r.r.config.RequestLoggingFilter        :   Authorization: Bearer [TOKEN_HIDDEN]
2026-02-27T09:33:06.685+01:00  INFO 23160 --- [readyroad-secure] [nio-8890-exec-6] c.r.r.config.RequestLoggingFilter        :   accept-language: *
2026-02-27T09:33:06.685+01:00  INFO 23160 --- [readyroad-secure] [nio-8890-exec-6] c.r.r.config.RequestLoggingFilter        :   sec-fetch-mode: cors
2026-02-27T09:33:06.685+01:00  INFO 23160 --- [readyroad-secure] [nio-8890-exec-6] c.r.r.config.RequestLoggingFilter        :   user-agent: node
2026-02-27T09:33:06.686+01:00  INFO 23160 --- [readyroad-secure] [nio-8890-exec-6] c.r.r.config.RequestLoggingFilter        :   pragma: no-cache
2026-02-27T09:33:06.686+01:00  INFO 23160 --- [readyroad-secure] [nio-8890-exec-6] c.r.r.config.RequestLoggingFilter        :   cache-control: no-cache
2026-02-27T09:33:06.686+01:00  INFO 23160 --- [readyroad-secure] [nio-8890-exec-6] c.r.r.config.RequestLoggingFilter        :   accept-encoding: gzip, deflate
2026-02-27T09:33:06.687+01:00  INFO 23160 --- [readyroad-secure] [nio-8890-exec-6] c.r.r.config.RequestLoggingFilter        : ════════════════════════════════════════
2026-02-27T09:33:06.690+01:00 DEBUG 23160 --- [readyroad-secure] [nio-8890-exec-6] org.hibernate.SQL                        : select count(qq1_0.id) from quiz_questions qq1_0 where qq1_0.category_id=? and qq1_0.is_active=true and qq1_0.status=?
2026-02-27T09:33:06.910+01:00 DEBUG 23160 --- [readyroad-secure] [io-8890-exec-10] org.hibernate.SQL                        : select u1_0.id,u1_0.created_at,u1_0.email,u1_0.full_name,u1_0.is_active,u1_0.is_locked,u1_0.password_hash,u1_0.role,u1_0.updated_at,u1_0.username from users u1_0 where u1_0.username=?
2026-02-27T09:33:06.915+01:00  INFO 23160 --- [readyroad-secure] [io-8890-exec-10] c.r.r.config.RequestLoggingFilter        : ════════════════════════════════════════
2026-02-27T09:33:06.915+01:00  INFO 23160 --- [readyroad-secure] [io-8890-exec-10] c.r.r.config.RequestLoggingFilter        : 🌐 INCOMING REQUEST
2026-02-27T09:33:06.916+01:00  INFO 23160 --- [readyroad-secure] [io-8890-exec-10] c.r.r.config.RequestLoggingFilter        : ════════════════════════════════════════
2026-02-27T09:33:06.916+01:00  INFO 23160 --- [readyroad-secure] [io-8890-exec-10] c.r.r.config.RequestLoggingFilter        : Method: GET
2026-02-27T09:33:06.916+01:00  INFO 23160 --- [readyroad-secure] [io-8890-exec-10] c.r.r.config.RequestLoggingFilter        : URI: /api/quiz/stats/category/4
2026-02-27T09:33:06.917+01:00  INFO 23160 --- [readyroad-secure] [io-8890-exec-10] c.r.r.config.RequestLoggingFilter        : Remote Address: 0:0:0:0:0:0:0:1
2026-02-27T09:33:06.917+01:00  INFO 23160 --- [readyroad-secure] [io-8890-exec-10] c.r.r.config.RequestLoggingFilter        : ----------------------------------------
2026-02-27T09:33:06.917+01:00  INFO 23160 --- [readyroad-secure] [io-8890-exec-10] c.r.r.config.RequestLoggingFilter        : 📋 Request Headers:
2026-02-27T09:33:06.918+01:00  INFO 23160 --- [readyroad-secure] [io-8890-exec-10] c.r.r.config.RequestLoggingFilter        :   host: localhost:8890
2026-02-27T09:33:06.918+01:00  INFO 23160 --- [readyroad-secure] [io-8890-exec-10] c.r.r.config.RequestLoggingFilter        :   connection: keep-alive
2026-02-27T09:33:06.918+01:00  INFO 23160 --- [readyroad-secure] [io-8890-exec-10] c.r.r.config.RequestLoggingFilter        :   Accept: application/json
2026-02-27T09:33:06.919+01:00  INFO 23160 --- [readyroad-secure] [io-8890-exec-10] c.r.r.config.RequestLoggingFilter        :   Authorization: Bearer [TOKEN_HIDDEN]
2026-02-27T09:33:06.919+01:00  INFO 23160 --- [readyroad-secure] [io-8890-exec-10] c.r.r.config.RequestLoggingFilter        :   accept-language: *
2026-02-27T09:33:06.919+01:00  INFO 23160 --- [readyroad-secure] [io-8890-exec-10] c.r.r.config.RequestLoggingFilter        :   sec-fetch-mode: cors
2026-02-27T09:33:06.920+01:00  INFO 23160 --- [readyroad-secure] [io-8890-exec-10] c.r.r.config.RequestLoggingFilter        :   user-agent: node
2026-02-27T09:33:06.920+01:00  INFO 23160 --- [readyroad-secure] [io-8890-exec-10] c.r.r.config.RequestLoggingFilter        :   pragma: no-cache
2026-02-27T09:33:06.920+01:00  INFO 23160 --- [readyroad-secure] [io-8890-exec-10] c.r.r.config.RequestLoggingFilter        :   cache-control: no-cache
2026-02-27T09:33:06.921+01:00  INFO 23160 --- [readyroad-secure] [io-8890-exec-10] c.r.r.config.RequestLoggingFilter        :   accept-encoding: gzip, deflate
2026-02-27T09:33:06.921+01:00  INFO 23160 --- [readyroad-secure] [io-8890-exec-10] c.r.r.config.RequestLoggingFilter        : ════════════════════════════════════════
2026-02-27T09:33:06.924+01:00 DEBUG 23160 --- [readyroad-secure] [io-8890-exec-10] org.hibernate.SQL                        : select count(qq1_0.id) from quiz_questions qq1_0 where qq1_0.category_id=? and qq1_0.is_active=true and qq1_0.status=?
2026-02-27T09:33:06.940+01:00 DEBUG 23160 --- [readyroad-secure] [nio-8890-exec-4] org.hibernate.SQL                        : select u1_0.id,u1_0.created_at,u1_0.email,u1_0.full_name,u1_0.is_active,u1_0.is_locked,u1_0.password_hash,u1_0.role,u1_0.updated_at,u1_0.username from users u1_0 where u1_0.username=?
2026-02-27T09:33:06.944+01:00  INFO 23160 --- [readyroad-secure] [nio-8890-exec-4] c.r.r.config.RequestLoggingFilter        : ════════════════════════════════════════
2026-02-27T09:33:06.945+01:00  INFO 23160 --- [readyroad-secure] [nio-8890-exec-4] c.r.r.config.RequestLoggingFilter        : 🌐 INCOMING REQUEST
2026-02-27T09:33:06.945+01:00  INFO 23160 --- [readyroad-secure] [nio-8890-exec-4] c.r.r.config.RequestLoggingFilter        : ════════════════════════════════════════
2026-02-27T09:33:06.945+01:00  INFO 23160 --- [readyroad-secure] [nio-8890-exec-4] c.r.r.config.RequestLoggingFilter        : Method: GET
2026-02-27T09:33:06.945+01:00  INFO 23160 --- [readyroad-secure] [nio-8890-exec-4] c.r.r.config.RequestLoggingFilter        : URI: /api/quiz/stats/category/5
2026-02-27T09:33:06.946+01:00  INFO 23160 --- [readyroad-secure] [nio-8890-exec-4] c.r.r.config.RequestLoggingFilter        : Remote Address: 0:0:0:0:0:0:0:1
2026-02-27T09:33:06.946+01:00  INFO 23160 --- [readyroad-secure] [nio-8890-exec-4] c.r.r.config.RequestLoggingFilter        : ----------------------------------------
2026-02-27T09:33:06.947+01:00  INFO 23160 --- [readyroad-secure] [nio-8890-exec-4] c.r.r.config.RequestLoggingFilter        : 📋 Request Headers:
2026-02-27T09:33:06.947+01:00  INFO 23160 --- [readyroad-secure] [nio-8890-exec-4] c.r.r.config.RequestLoggingFilter        :   host: localhost:8890
2026-02-27T09:33:06.947+01:00  INFO 23160 --- [readyroad-secure] [nio-8890-exec-4] c.r.r.config.RequestLoggingFilter        :   connection: keep-alive
2026-02-27T09:33:06.948+01:00  INFO 23160 --- [readyroad-secure] [nio-8890-exec-4] c.r.r.config.RequestLoggingFilter        :   Accept: application/json
2026-02-27T09:33:06.948+01:00  INFO 23160 --- [readyroad-secure] [nio-8890-exec-4] c.r.r.config.RequestLoggingFilter        :   Authorization: Bearer [TOKEN_HIDDEN]
2026-02-27T09:33:06.948+01:00  INFO 23160 --- [readyroad-secure] [nio-8890-exec-4] c.r.r.config.RequestLoggingFilter        :   accept-language: *
2026-02-27T09:33:06.949+01:00  INFO 23160 --- [readyroad-secure] [nio-8890-exec-4] c.r.r.config.RequestLoggingFilter        :   sec-fetch-mode: cors
2026-02-27T09:33:06.949+01:00  INFO 23160 --- [readyroad-secure] [nio-8890-exec-4] c.r.r.config.RequestLoggingFilter        :   user-agent: node
2026-02-27T09:33:06.950+01:00  INFO 23160 --- [readyroad-secure] [nio-8890-exec-4] c.r.r.config.RequestLoggingFilter        :   pragma: no-cache
2026-02-27T09:33:06.950+01:00  INFO 23160 --- [readyroad-secure] [nio-8890-exec-4] c.r.r.config.RequestLoggingFilter        :   cache-control: no-cache
2026-02-27T09:33:06.950+01:00  INFO 23160 --- [readyroad-secure] [nio-8890-exec-4] c.r.r.config.RequestLoggingFilter        :   accept-encoding: gzip, deflate
2026-02-27T09:33:06.951+01:00  INFO 23160 --- [readyroad-secure] [nio-8890-exec-4] c.r.r.config.RequestLoggingFilter        : ════════════════════════════════════════
2026-02-27T09:33:06.954+01:00 DEBUG 23160 --- [readyroad-secure] [nio-8890-exec-4] org.hibernate.SQL                        : select count(qq1_0.id) from quiz_questions qq1_0 where qq1_0.category_id=? and qq1_0.is_active=true and qq1_0.status=?
2026-02-27T09:33:08.514+01:00 DEBUG 23160 --- [readyroad-secure] [nio-8890-exec-5] org.hibernate.SQL                        : select u1_0.id,u1_0.created_at,u1_0.email,u1_0.full_name,u1_0.is_active,u1_0.is_locked,u1_0.password_hash,u1_0.role,u1_0.updated_at,u1_0.username from users u1_0 where u1_0.username=?
2026-02-27T09:33:08.517+01:00  INFO 23160 --- [readyroad-secure] [nio-8890-exec-5] c.r.r.config.RequestLoggingFilter        : ════════════════════════════════════════
2026-02-27T09:33:08.518+01:00  INFO 23160 --- [readyroad-secure] [nio-8890-exec-5] c.r.r.config.RequestLoggingFilter        : 🌐 INCOMING REQUEST
2026-02-27T09:33:08.518+01:00  INFO 23160 --- [readyroad-secure] [nio-8890-exec-5] c.r.r.config.RequestLoggingFilter        : ════════════════════════════════════════
2026-02-27T09:33:08.518+01:00  INFO 23160 --- [readyroad-secure] [nio-8890-exec-5] c.r.r.config.RequestLoggingFilter        : Method: GET
2026-02-27T09:33:08.519+01:00  INFO 23160 --- [readyroad-secure] [nio-8890-exec-5] c.r.r.config.RequestLoggingFilter        : URI: /api/quiz/stats/category/6
2026-02-27T09:33:08.519+01:00  INFO 23160 --- [readyroad-secure] [nio-8890-exec-5] c.r.r.config.RequestLoggingFilter        : Remote Address: 0:0:0:0:0:0:0:1
2026-02-27T09:33:08.519+01:00  INFO 23160 --- [readyroad-secure] [nio-8890-exec-5] c.r.r.config.RequestLoggingFilter        : ----------------------------------------
2026-02-27T09:33:08.519+01:00  INFO 23160 --- [readyroad-secure] [nio-8890-exec-5] c.r.r.config.RequestLoggingFilter        : 📋 Request Headers:
2026-02-27T09:33:08.520+01:00  INFO 23160 --- [readyroad-secure] [nio-8890-exec-5] c.r.r.config.RequestLoggingFilter        :   host: localhost:8890
2026-02-27T09:33:08.520+01:00  INFO 23160 --- [readyroad-secure] [nio-8890-exec-5] c.r.r.config.RequestLoggingFilter        :   connection: keep-alive
2026-02-27T09:33:08.520+01:00  INFO 23160 --- [readyroad-secure] [nio-8890-exec-5] c.r.r.config.RequestLoggingFilter        :   Accept: application/json
2026-02-27T09:33:08.521+01:00  INFO 23160 --- [readyroad-secure] [nio-8890-exec-5] c.r.r.config.RequestLoggingFilter        :   Authorization: Bearer [TOKEN_HIDDEN]
2026-02-27T09:33:08.521+01:00  INFO 23160 --- [readyroad-secure] [nio-8890-exec-5] c.r.r.config.RequestLoggingFilter        :   accept-language: *
2026-02-27T09:33:08.521+01:00  INFO 23160 --- [readyroad-secure] [nio-8890-exec-5] c.r.r.config.RequestLoggingFilter        :   sec-fetch-mode: cors
2026-02-27T09:33:08.522+01:00  INFO 23160 --- [readyroad-secure] [nio-8890-exec-5] c.r.r.config.RequestLoggingFilter        :   user-agent: node
2026-02-27T09:33:08.522+01:00  INFO 23160 --- [readyroad-secure] [nio-8890-exec-5] c.r.r.config.RequestLoggingFilter        :   pragma: no-cache
2026-02-27T09:33:08.523+01:00  INFO 23160 --- [readyroad-secure] [nio-8890-exec-5] c.r.r.config.RequestLoggingFilter        :   cache-control: no-cache
2026-02-27T09:33:08.523+01:00  INFO 23160 --- [readyroad-secure] [nio-8890-exec-5] c.r.r.config.RequestLoggingFilter        :   accept-encoding: gzip, deflate
2026-02-27T09:33:08.523+01:00  INFO 23160 --- [readyroad-secure] [nio-8890-exec-5] c.r.r.config.RequestLoggingFilter        : ════════════════════════════════════════
2026-02-27T09:33:08.525+01:00 DEBUG 23160 --- [readyroad-secure] [nio-8890-exec-5] org.hibernate.SQL                        : select count(qq1_0.id) from quiz_questions qq1_0 where qq1_0.category_id=? and qq1_0.is_active=true and qq1_0.status=?
2026-02-27T09:33:08.598+01:00 DEBUG 23160 --- [readyroad-secure] [nio-8890-exec-8] org.hibernate.SQL                        : select u1_0.id,u1_0.created_at,u1_0.email,u1_0.full_name,u1_0.is_active,u1_0.is_locked,u1_0.password_hash,u1_0.role,u1_0.updated_at,u1_0.username from users u1_0 where u1_0.username=?
2026-02-27T09:33:08.598+01:00 DEBUG 23160 --- [readyroad-secure] [nio-8890-exec-1] org.hibernate.SQL                        : select u1_0.id,u1_0.created_at,u1_0.email,u1_0.full_name,u1_0.is_active,u1_0.is_locked,u1_0.password_hash,u1_0.role,u1_0.updated_at,u1_0.username from users u1_0 where u1_0.username=?
2026-02-27T09:33:08.600+01:00 DEBUG 23160 --- [readyroad-secure] [nio-8890-exec-2] org.hibernate.SQL                        : select u1_0.id,u1_0.created_at,u1_0.email,u1_0.full_name,u1_0.is_active,u1_0.is_locked,u1_0.password_hash,u1_0.role,u1_0.updated_at,u1_0.username from users u1_0 where u1_0.username=?
2026-02-27T09:33:08.602+01:00  INFO 23160 --- [readyroad-secure] [nio-8890-exec-8] c.r.r.config.RequestLoggingFilter        : ════════════════════════════════════════
2026-02-27T09:33:08.602+01:00  INFO 23160 --- [readyroad-secure] [nio-8890-exec-1] c.r.r.config.RequestLoggingFilter        : ════════════════════════════════════════
2026-02-27T09:33:08.602+01:00  INFO 23160 --- [readyroad-secure] [nio-8890-exec-8] c.r.r.config.RequestLoggingFilter        : 🌐 INCOMING REQUEST
2026-02-27T09:33:08.603+01:00  INFO 23160 --- [readyroad-secure] [nio-8890-exec-1] c.r.r.config.RequestLoggingFilter        : 🌐 INCOMING REQUEST
2026-02-27T09:33:08.603+01:00  INFO 23160 --- [readyroad-secure] [nio-8890-exec-8] c.r.r.config.RequestLoggingFilter        : ════════════════════════════════════════
2026-02-27T09:33:08.603+01:00  INFO 23160 --- [readyroad-secure] [nio-8890-exec-1] c.r.r.config.RequestLoggingFilter        : ════════════════════════════════════════
2026-02-27T09:33:08.603+01:00  INFO 23160 --- [readyroad-secure] [nio-8890-exec-8] c.r.r.config.RequestLoggingFilter        : Method: GET
2026-02-27T09:33:08.604+01:00  INFO 23160 --- [readyroad-secure] [nio-8890-exec-8] c.r.r.config.RequestLoggingFilter        : URI: /api/quiz/stats/category/7
2026-02-27T09:33:08.604+01:00  INFO 23160 --- [readyroad-secure] [nio-8890-exec-1] c.r.r.config.RequestLoggingFilter        : Method: GET
2026-02-27T09:33:08.604+01:00  INFO 23160 --- [readyroad-secure] [nio-8890-exec-8] c.r.r.config.RequestLoggingFilter        : Remote Address: 0:0:0:0:0:0:0:1
2026-02-27T09:33:08.604+01:00  INFO 23160 --- [readyroad-secure] [nio-8890-exec-2] c.r.r.config.RequestLoggingFilter        : ════════════════════════════════════════
2026-02-27T09:33:08.605+01:00  INFO 23160 --- [readyroad-secure] [nio-8890-exec-1] c.r.r.config.RequestLoggingFilter        : URI: /api/quiz/stats/category/8
2026-02-27T09:33:08.605+01:00  INFO 23160 --- [readyroad-secure] [nio-8890-exec-8] c.r.r.config.RequestLoggingFilter        : ----------------------------------------
2026-02-27T09:33:08.606+01:00  INFO 23160 --- [readyroad-secure] [nio-8890-exec-2] c.r.r.config.RequestLoggingFilter        : 🌐 INCOMING REQUEST
2026-02-27T09:33:08.606+01:00  INFO 23160 --- [readyroad-secure] [nio-8890-exec-1] c.r.r.config.RequestLoggingFilter        : Remote Address: 0:0:0:0:0:0:0:1
2026-02-27T09:33:08.606+01:00  INFO 23160 --- [readyroad-secure] [nio-8890-exec-8] c.r.r.config.RequestLoggingFilter        : 📋 Request Headers:
2026-02-27T09:33:08.606+01:00  INFO 23160 --- [readyroad-secure] [nio-8890-exec-2] c.r.r.config.RequestLoggingFilter        : ════════════════════════════════════════
2026-02-27T09:33:08.606+01:00  INFO 23160 --- [readyroad-secure] [nio-8890-exec-1] c.r.r.config.RequestLoggingFilter        : ----------------------------------------
2026-02-27T09:33:08.607+01:00  INFO 23160 --- [readyroad-secure] [nio-8890-exec-8] c.r.r.config.RequestLoggingFilter        :   host: localhost:8890
2026-02-27T09:33:08.607+01:00  INFO 23160 --- [readyroad-secure] [nio-8890-exec-2] c.r.r.config.RequestLoggingFilter        : Method: GET
2026-02-27T09:33:08.607+01:00  INFO 23160 --- [readyroad-secure] [nio-8890-exec-1] c.r.r.config.RequestLoggingFilter        : 📋 Request Headers:
2026-02-27T09:33:08.608+01:00  INFO 23160 --- [readyroad-secure] [nio-8890-exec-2] c.r.r.config.RequestLoggingFilter        : URI: /api/quiz/stats/category/9
2026-02-27T09:33:08.607+01:00  INFO 23160 --- [readyroad-secure] [nio-8890-exec-8] c.r.r.config.RequestLoggingFilter        :   connection: keep-alive
2026-02-27T09:33:08.608+01:00  INFO 23160 --- [readyroad-secure] [nio-8890-exec-1] c.r.r.config.RequestLoggingFilter        :   host: localhost:8890
2026-02-27T09:33:08.608+01:00  INFO 23160 --- [readyroad-secure] [nio-8890-exec-2] c.r.r.config.RequestLoggingFilter        : Remote Address: 0:0:0:0:0:0:0:1
2026-02-27T09:33:08.609+01:00  INFO 23160 --- [readyroad-secure] [nio-8890-exec-8] c.r.r.config.RequestLoggingFilter        :   Accept: application/json
2026-02-27T09:33:08.609+01:00  INFO 23160 --- [readyroad-secure] [nio-8890-exec-1] c.r.r.config.RequestLoggingFilter        :   connection: keep-alive
2026-02-27T09:33:08.609+01:00  INFO 23160 --- [readyroad-secure] [nio-8890-exec-2] c.r.r.config.RequestLoggingFilter        : ----------------------------------------
2026-02-27T09:33:08.609+01:00  INFO 23160 --- [readyroad-secure] [nio-8890-exec-8] c.r.r.config.RequestLoggingFilter        :   Authorization: Bearer [TOKEN_HIDDEN]
2026-02-27T09:33:08.610+01:00  INFO 23160 --- [readyroad-secure] [nio-8890-exec-1] c.r.r.config.RequestLoggingFilter        :   Accept: application/json
2026-02-27T09:33:08.610+01:00  INFO 23160 --- [readyroad-secure] [nio-8890-exec-2] c.r.r.config.RequestLoggingFilter        : 📋 Request Headers:
2026-02-27T09:33:08.610+01:00  INFO 23160 --- [readyroad-secure] [nio-8890-exec-8] c.r.r.config.RequestLoggingFilter        :   accept-language: *
2026-02-27T09:33:08.611+01:00  INFO 23160 --- [readyroad-secure] [nio-8890-exec-1] c.r.r.config.RequestLoggingFilter        :   Authorization: Bearer [TOKEN_HIDDEN]
2026-02-27T09:33:08.611+01:00  INFO 23160 --- [readyroad-secure] [nio-8890-exec-2] c.r.r.config.RequestLoggingFilter        :   host: localhost:8890
2026-02-27T09:33:08.611+01:00  INFO 23160 --- [readyroad-secure] [nio-8890-exec-8] c.r.r.config.RequestLoggingFilter        :   sec-fetch-mode: cors
2026-02-27T09:33:08.611+01:00  INFO 23160 --- [readyroad-secure] [nio-8890-exec-1] c.r.r.config.RequestLoggingFilter        :   accept-language: *
2026-02-27T09:33:08.612+01:00  INFO 23160 --- [readyroad-secure] [nio-8890-exec-2] c.r.r.config.RequestLoggingFilter        :   connection: keep-alive
2026-02-27T09:33:08.613+01:00  INFO 23160 --- [readyroad-secure] [nio-8890-exec-8] c.r.r.config.RequestLoggingFilter        :   user-agent: node
2026-02-27T09:33:08.613+01:00  INFO 23160 --- [readyroad-secure] [nio-8890-exec-1] c.r.r.config.RequestLoggingFilter        :   sec-fetch-mode: cors
2026-02-27T09:33:08.613+01:00  INFO 23160 --- [readyroad-secure] [nio-8890-exec-2] c.r.r.config.RequestLoggingFilter        :   Accept: application/json
2026-02-27T09:33:08.613+01:00  INFO 23160 --- [readyroad-secure] [nio-8890-exec-8] c.r.r.config.RequestLoggingFilter        :   pragma: no-cache
2026-02-27T09:33:08.613+01:00  INFO 23160 --- [readyroad-secure] [nio-8890-exec-1] c.r.r.config.RequestLoggingFilter        :   user-agent: node
2026-02-27T09:33:08.613+01:00  INFO 23160 --- [readyroad-secure] [nio-8890-exec-2] c.r.r.config.RequestLoggingFilter        :   Authorization: Bearer [TOKEN_HIDDEN]
2026-02-27T09:33:08.614+01:00  INFO 23160 --- [readyroad-secure] [nio-8890-exec-8] c.r.r.config.RequestLoggingFilter        :   cache-control: no-cache
2026-02-27T09:33:08.614+01:00  INFO 23160 --- [readyroad-secure] [nio-8890-exec-1] c.r.r.config.RequestLoggingFilter        :   pragma: no-cache
2026-02-27T09:33:08.614+01:00  INFO 23160 --- [readyroad-secure] [nio-8890-exec-2] c.r.r.config.RequestLoggingFilter        :   accept-language: *
2026-02-27T09:33:08.614+01:00  INFO 23160 --- [readyroad-secure] [nio-8890-exec-8] c.r.r.config.RequestLoggingFilter        :   accept-encoding: gzip, deflate
2026-02-27T09:33:08.615+01:00  INFO 23160 --- [readyroad-secure] [nio-8890-exec-1] c.r.r.config.RequestLoggingFilter        :   cache-control: no-cache
2026-02-27T09:33:08.615+01:00  INFO 23160 --- [readyroad-secure] [nio-8890-exec-2] c.r.r.config.RequestLoggingFilter        :   sec-fetch-mode: cors
2026-02-27T09:33:08.615+01:00  INFO 23160 --- [readyroad-secure] [nio-8890-exec-8] c.r.r.config.RequestLoggingFilter        : ════════════════════════════════════════
2026-02-27T09:33:08.616+01:00  INFO 23160 --- [readyroad-secure] [nio-8890-exec-1] c.r.r.config.RequestLoggingFilter        :   accept-encoding: gzip, deflate
2026-02-27T09:33:08.616+01:00  INFO 23160 --- [readyroad-secure] [nio-8890-exec-2] c.r.r.config.RequestLoggingFilter        :   user-agent: node
2026-02-27T09:33:08.617+01:00  INFO 23160 --- [readyroad-secure] [nio-8890-exec-1] c.r.r.config.RequestLoggingFilter        : ════════════════════════════════════════
2026-02-27T09:33:08.617+01:00  INFO 23160 --- [readyroad-secure] [nio-8890-exec-2] c.r.r.config.RequestLoggingFilter        :   pragma: no-cache
2026-02-27T09:33:08.617+01:00  INFO 23160 --- [readyroad-secure] [nio-8890-exec-2] c.r.r.config.RequestLoggingFilter        :   cache-control: no-cache
2026-02-27T09:33:08.618+01:00  INFO 23160 --- [readyroad-secure] [nio-8890-exec-2] c.r.r.config.RequestLoggingFilter        :   accept-encoding: gzip, deflate
2026-02-27T09:33:08.618+01:00  INFO 23160 --- [readyroad-secure] [nio-8890-exec-2] c.r.r.config.RequestLoggingFilter        : ════════════════════════════════════════
2026-02-27T09:33:08.619+01:00 DEBUG 23160 --- [readyroad-secure] [nio-8890-exec-8] org.hibernate.SQL                        : select count(qq1_0.id) from quiz_questions qq1_0 where qq1_0.category_id=? and qq1_0.is_active=true and qq1_0.status=?
2026-02-27T09:33:08.619+01:00 DEBUG 23160 --- [readyroad-secure] [nio-8890-exec-1] org.hibernate.SQL                        : select count(qq1_0.id) from quiz_questions qq1_0 where qq1_0.category_id=? and qq1_0.is_active=true and qq1_0.status=?
2026-02-27T09:33:08.621+01:00 DEBUG 23160 --- [readyroad-secure] [nio-8890-exec-2] org.hibernate.SQL                        : select count(qq1_0.id) from quiz_questions qq1_0 where qq1_0.category_id=? and qq1_0.is_active=true and qq1_0.status=?
2026-02-27T09:33:08.628+01:00 DEBUG 23160 --- [readyroad-secure] [nio-8890-exec-3] org.hibernate.SQL                        : select u1_0.id,u1_0.created_at,u1_0.email,u1_0.full_name,u1_0.is_active,u1_0.is_locked,u1_0.password_hash,u1_0.role,u1_0.updated_at,u1_0.username from users u1_0 where u1_0.username=?
2026-02-27T09:33:08.631+01:00  INFO 23160 --- [readyroad-secure] [nio-8890-exec-3] c.r.r.config.RequestLoggingFilter        : ════════════════════════════════════════
2026-02-27T09:33:08.632+01:00  INFO 23160 --- [readyroad-secure] [nio-8890-exec-3] c.r.r.config.RequestLoggingFilter        : 🌐 INCOMING REQUEST
2026-02-27T09:33:08.632+01:00  INFO 23160 --- [readyroad-secure] [nio-8890-exec-3] c.r.r.config.RequestLoggingFilter        : ════════════════════════════════════════
2026-02-27T09:33:08.632+01:00  INFO 23160 --- [readyroad-secure] [nio-8890-exec-3] c.r.r.config.RequestLoggingFilter        : Method: GET
2026-02-27T09:33:08.632+01:00  INFO 23160 --- [readyroad-secure] [nio-8890-exec-3] c.r.r.config.RequestLoggingFilter        : URI: /api/quiz/stats/category/17
2026-02-27T09:33:08.633+01:00  INFO 23160 --- [readyroad-secure] [nio-8890-exec-3] c.r.r.config.RequestLoggingFilter        : Remote Address: 0:0:0:0:0:0:0:1
2026-02-27T09:33:08.633+01:00  INFO 23160 --- [readyroad-secure] [nio-8890-exec-3] c.r.r.config.RequestLoggingFilter        : ----------------------------------------
2026-02-27T09:33:08.633+01:00  INFO 23160 --- [readyroad-secure] [nio-8890-exec-3] c.r.r.config.RequestLoggingFilter        : 📋 Request Headers:
2026-02-27T09:33:08.634+01:00  INFO 23160 --- [readyroad-secure] [nio-8890-exec-3] c.r.r.config.RequestLoggingFilter        :   host: localhost:8890
2026-02-27T09:33:08.634+01:00  INFO 23160 --- [readyroad-secure] [nio-8890-exec-3] c.r.r.config.RequestLoggingFilter        :   connection: keep-alive
2026-02-27T09:33:08.634+01:00  INFO 23160 --- [readyroad-secure] [nio-8890-exec-3] c.r.r.config.RequestLoggingFilter        :   Accept: application/json
2026-02-27T09:33:08.635+01:00  INFO 23160 --- [readyroad-secure] [nio-8890-exec-3] c.r.r.config.RequestLoggingFilter        :   Authorization: Bearer [TOKEN_HIDDEN]
2026-02-27T09:33:08.635+01:00  INFO 23160 --- [readyroad-secure] [nio-8890-exec-3] c.r.r.config.RequestLoggingFilter        :   accept-language: *
2026-02-27T09:33:08.636+01:00  INFO 23160 --- [readyroad-secure] [nio-8890-exec-3] c.r.r.config.RequestLoggingFilter        :   sec-fetch-mode: cors
2026-02-27T09:33:08.636+01:00  INFO 23160 --- [readyroad-secure] [nio-8890-exec-3] c.r.r.config.RequestLoggingFilter        :   user-agent: node
2026-02-27T09:33:08.636+01:00  INFO 23160 --- [readyroad-secure] [nio-8890-exec-3] c.r.r.config.RequestLoggingFilter        :   pragma: no-cache
2026-02-27T09:33:08.636+01:00  INFO 23160 --- [readyroad-secure] [nio-8890-exec-3] c.r.r.config.RequestLoggingFilter        :   cache-control: no-cache
2026-02-27T09:33:08.637+01:00  INFO 23160 --- [readyroad-secure] [nio-8890-exec-3] c.r.r.config.RequestLoggingFilter        :   accept-encoding: gzip, deflate
2026-02-27T09:33:08.637+01:00  INFO 23160 --- [readyroad-secure] [nio-8890-exec-3] c.r.r.config.RequestLoggingFilter        : ════════════════════════════════════════
2026-02-27T09:33:08.640+01:00 DEBUG 23160 --- [readyroad-secure] [nio-8890-exec-3] org.hibernate.SQL                        : select count(qq1_0.id) from quiz_questions qq1_0 where qq1_0.category_id=? and qq1_0.is_active=true and qq1_0.status=?
2026-02-27T09:41:42.421+01:00 DEBUG 23160 --- [readyroad-secure] [nio-8890-exec-4] org.hibernate.SQL                        : select u1_0.id,u1_0.created_at,u1_0.email,u1_0.full_name,u1_0.is_active,u1_0.is_locked,u1_0.password_hash,u1_0.role,u1_0.updated_at,u1_0.username from users u1_0 where u1_0.username=?
2026-02-27T09:41:42.465+01:00  INFO 23160 --- [readyroad-secure] [nio-8890-exec-4] c.r.r.config.RequestLoggingFilter        : ════════════════════════════════════════
2026-02-27T09:41:42.466+01:00  INFO 23160 --- [readyroad-secure] [nio-8890-exec-4] c.r.r.config.RequestLoggingFilter        : 🌐 INCOMING REQUEST
2026-02-27T09:41:42.466+01:00  INFO 23160 --- [readyroad-secure] [nio-8890-exec-4] c.r.r.config.RequestLoggingFilter        : ════════════════════════════════════════
2026-02-27T09:41:42.466+01:00  INFO 23160 --- [readyroad-secure] [nio-8890-exec-4] c.r.r.config.RequestLoggingFilter        : Method: GET
2026-02-27T09:41:42.467+01:00  INFO 23160 --- [readyroad-secure] [nio-8890-exec-4] c.r.r.config.RequestLoggingFilter        : URI: /api/users/me/notifications/unread-count
2026-02-27T09:41:42.467+01:00  INFO 23160 --- [readyroad-secure] [nio-8890-exec-4] c.r.r.config.RequestLoggingFilter        : Remote Address: 0:0:0:0:0:0:0:1
2026-02-27T09:41:42.468+01:00  INFO 23160 --- [readyroad-secure] [nio-8890-exec-4] c.r.r.config.RequestLoggingFilter        : ----------------------------------------
2026-02-27T09:41:42.468+01:00  INFO 23160 --- [readyroad-secure] [nio-8890-exec-4] c.r.r.config.RequestLoggingFilter        : 📋 Request Headers:
2026-02-27T09:41:42.468+01:00  INFO 23160 --- [readyroad-secure] [nio-8890-exec-4] c.r.r.config.RequestLoggingFilter        :   host: localhost:8890
2026-02-27T09:41:42.469+01:00  INFO 23160 --- [readyroad-secure] [nio-8890-exec-4] c.r.r.config.RequestLoggingFilter        :   connection: keep-alive
2026-02-27T09:41:42.469+01:00  INFO 23160 --- [readyroad-secure] [nio-8890-exec-4] c.r.r.config.RequestLoggingFilter        :   Accept: application/json
2026-02-27T09:41:42.470+01:00  INFO 23160 --- [readyroad-secure] [nio-8890-exec-4] c.r.r.config.RequestLoggingFilter        :   Authorization: Bearer [TOKEN_HIDDEN]
2026-02-27T09:41:42.470+01:00  INFO 23160 --- [readyroad-secure] [nio-8890-exec-4] c.r.r.config.RequestLoggingFilter        :   accept-language: *
2026-02-27T09:41:42.471+01:00  INFO 23160 --- [readyroad-secure] [nio-8890-exec-4] c.r.r.config.RequestLoggingFilter        :   sec-fetch-mode: cors
2026-02-27T09:41:42.471+01:00  INFO 23160 --- [readyroad-secure] [nio-8890-exec-4] c.r.r.config.RequestLoggingFilter        :   user-agent: node
2026-02-27T09:41:42.471+01:00  INFO 23160 --- [readyroad-secure] [nio-8890-exec-4] c.r.r.config.RequestLoggingFilter        :   pragma: no-cache
2026-02-27T09:41:42.472+01:00  INFO 23160 --- [readyroad-secure] [nio-8890-exec-4] c.r.r.config.RequestLoggingFilter        :   cache-control: no-cache
2026-02-27T09:41:42.472+01:00  INFO 23160 --- [readyroad-secure] [nio-8890-exec-4] c.r.r.config.RequestLoggingFilter        :   accept-encoding: gzip, deflate
2026-02-27T09:41:42.472+01:00  INFO 23160 --- [readyroad-secure] [nio-8890-exec-4] c.r.r.config.RequestLoggingFilter        : ════════════════════════════════════════
2026-02-27T09:41:42.475+01:00  INFO 23160 --- [readyroad-secure] [nio-8890-exec-4] c.r.r.service.NotificationService        : Getting unread notification count for user: admin
2026-02-27T09:41:48.052+01:00 DEBUG 23160 --- [readyroad-secure] [nio-8890-exec-5] org.hibernate.SQL                        : select u1_0.id,u1_0.created_at,u1_0.email,u1_0.full_name,u1_0.is_active,u1_0.is_locked,u1_0.password_hash,u1_0.role,u1_0.updated_at,u1_0.username from users u1_0 where u1_0.username=?
2026-02-27T09:41:48.059+01:00  INFO 23160 --- [readyroad-secure] [nio-8890-exec-5] c.r.r.config.RequestLoggingFilter        : ════════════════════════════════════════
2026-02-27T09:41:48.059+01:00  INFO 23160 --- [readyroad-secure] [nio-8890-exec-5] c.r.r.config.RequestLoggingFilter        : 🌐 INCOMING REQUEST
2026-02-27T09:41:48.060+01:00  INFO 23160 --- [readyroad-secure] [nio-8890-exec-5] c.r.r.config.RequestLoggingFilter        : ════════════════════════════════════════
2026-02-27T09:41:48.060+01:00  INFO 23160 --- [readyroad-secure] [nio-8890-exec-5] c.r.r.config.RequestLoggingFilter        : Method: GET
2026-02-27T09:41:48.060+01:00  INFO 23160 --- [readyroad-secure] [nio-8890-exec-5] c.r.r.config.RequestLoggingFilter        : URI: /api/auth/me
2026-02-27T09:41:48.060+01:00  INFO 23160 --- [readyroad-secure] [nio-8890-exec-5] c.r.r.config.RequestLoggingFilter        : Remote Address: 0:0:0:0:0:0:0:1
2026-02-27T09:41:48.061+01:00  INFO 23160 --- [readyroad-secure] [nio-8890-exec-5] c.r.r.config.RequestLoggingFilter        : ----------------------------------------
2026-02-27T09:41:48.061+01:00  INFO 23160 --- [readyroad-secure] [nio-8890-exec-5] c.r.r.config.RequestLoggingFilter        : 📋 Request Headers:
2026-02-27T09:41:48.061+01:00  INFO 23160 --- [readyroad-secure] [nio-8890-exec-5] c.r.r.config.RequestLoggingFilter        :   host: localhost:8890
2026-02-27T09:41:48.062+01:00  INFO 23160 --- [readyroad-secure] [nio-8890-exec-5] c.r.r.config.RequestLoggingFilter        :   connection: keep-alive
2026-02-27T09:41:48.062+01:00  INFO 23160 --- [readyroad-secure] [nio-8890-exec-5] c.r.r.config.RequestLoggingFilter        :   Authorization: Bearer [TOKEN_HIDDEN]
2026-02-27T09:41:48.063+01:00  INFO 23160 --- [readyroad-secure] [nio-8890-exec-5] c.r.r.config.RequestLoggingFilter        :   Accept: application/json
2026-02-27T09:41:48.063+01:00  INFO 23160 --- [readyroad-secure] [nio-8890-exec-5] c.r.r.config.RequestLoggingFilter        :   accept-language: *
2026-02-27T09:41:48.063+01:00  INFO 23160 --- [readyroad-secure] [nio-8890-exec-5] c.r.r.config.RequestLoggingFilter        :   sec-fetch-mode: cors
2026-02-27T09:41:48.064+01:00  INFO 23160 --- [readyroad-secure] [nio-8890-exec-5] c.r.r.config.RequestLoggingFilter        :   user-agent: node
2026-02-27T09:41:48.065+01:00  INFO 23160 --- [readyroad-secure] [nio-8890-exec-5] c.r.r.config.RequestLoggingFilter        :   pragma: no-cache
2026-02-27T09:41:48.065+01:00  INFO 23160 --- [readyroad-secure] [nio-8890-exec-5] c.r.r.config.RequestLoggingFilter        :   cache-control: no-cache
2026-02-27T09:41:48.065+01:00  INFO 23160 --- [readyroad-secure] [nio-8890-exec-5] c.r.r.config.RequestLoggingFilter        :   accept-encoding: gzip, deflate
2026-02-27T09:41:48.066+01:00  INFO 23160 --- [readyroad-secure] [nio-8890-exec-5] c.r.r.config.RequestLoggingFilter        : ════════════════════════════════════════
2026-02-27T09:41:48.261+01:00 DEBUG 23160 --- [readyroad-secure] [nio-8890-exec-8] org.hibernate.SQL                        : select u1_0.id,u1_0.created_at,u1_0.email,u1_0.full_name,u1_0.is_active,u1_0.is_locked,u1_0.password_hash,u1_0.role,u1_0.updated_at,u1_0.username from users u1_0 where u1_0.username=?
2026-02-27T09:41:48.266+01:00  INFO 23160 --- [readyroad-secure] [nio-8890-exec-8] c.r.r.config.RequestLoggingFilter        : ════════════════════════════════════════
2026-02-27T09:41:48.267+01:00  INFO 23160 --- [readyroad-secure] [nio-8890-exec-8] c.r.r.config.RequestLoggingFilter        : 🌐 INCOMING REQUEST
2026-02-27T09:41:48.267+01:00  INFO 23160 --- [readyroad-secure] [nio-8890-exec-8] c.r.r.config.RequestLoggingFilter        : ════════════════════════════════════════
2026-02-27T09:41:48.267+01:00  INFO 23160 --- [readyroad-secure] [nio-8890-exec-8] c.r.r.config.RequestLoggingFilter        : Method: GET
2026-02-27T09:41:48.268+01:00  INFO 23160 --- [readyroad-secure] [nio-8890-exec-8] c.r.r.config.RequestLoggingFilter        : URI: /api/categories
2026-02-27T09:41:48.268+01:00  INFO 23160 --- [readyroad-secure] [nio-8890-exec-8] c.r.r.config.RequestLoggingFilter        : Remote Address: 0:0:0:0:0:0:0:1
2026-02-27T09:41:48.269+01:00  INFO 23160 --- [readyroad-secure] [nio-8890-exec-8] c.r.r.config.RequestLoggingFilter        : ----------------------------------------
2026-02-27T09:41:48.269+01:00  INFO 23160 --- [readyroad-secure] [nio-8890-exec-8] c.r.r.config.RequestLoggingFilter        : 📋 Request Headers:
2026-02-27T09:41:48.269+01:00  INFO 23160 --- [readyroad-secure] [nio-8890-exec-8] c.r.r.config.RequestLoggingFilter        :   host: localhost:8890
2026-02-27T09:41:48.269+01:00  INFO 23160 --- [readyroad-secure] [nio-8890-exec-8] c.r.r.config.RequestLoggingFilter        :   connection: keep-alive
2026-02-27T09:41:48.270+01:00  INFO 23160 --- [readyroad-secure] [nio-8890-exec-8] c.r.r.config.RequestLoggingFilter        :   Accept: application/json
2026-02-27T09:41:48.271+01:00  INFO 23160 --- [readyroad-secure] [nio-8890-exec-8] c.r.r.config.RequestLoggingFilter        :   Authorization: Bearer [TOKEN_HIDDEN]
2026-02-27T09:41:48.271+01:00  INFO 23160 --- [readyroad-secure] [nio-8890-exec-8] c.r.r.config.RequestLoggingFilter        :   accept-language: *
2026-02-27T09:41:48.271+01:00  INFO 23160 --- [readyroad-secure] [nio-8890-exec-8] c.r.r.config.RequestLoggingFilter        :   sec-fetch-mode: cors
2026-02-27T09:41:48.272+01:00  INFO 23160 --- [readyroad-secure] [nio-8890-exec-8] c.r.r.config.RequestLoggingFilter        :   user-agent: node
2026-02-27T09:41:48.272+01:00  INFO 23160 --- [readyroad-secure] [nio-8890-exec-8] c.r.r.config.RequestLoggingFilter        :   pragma: no-cache
2026-02-27T09:41:48.273+01:00  INFO 23160 --- [readyroad-secure] [nio-8890-exec-8] c.r.r.config.RequestLoggingFilter        :   cache-control: no-cache
2026-02-27T09:41:48.273+01:00  INFO 23160 --- [readyroad-secure] [nio-8890-exec-8] c.r.r.config.RequestLoggingFilter        :   accept-encoding: gzip, deflate
2026-02-27T09:41:48.273+01:00  INFO 23160 --- [readyroad-secure] [nio-8890-exec-8] c.r.r.config.RequestLoggingFilter        : ════════════════════════════════════════
2026-02-27T09:41:48.278+01:00 DEBUG 23160 --- [readyroad-secure] [nio-8890-exec-8] org.hibernate.SQL                        : select c1_0.id,c1_0.code,c1_0.created_at,c1_0.description_ar,c1_0.description_en,c1_0.description_fr,c1_0.description_nl,c1_0.display_order,c1_0.is_active,c1_0.name_ar,c1_0.name_en,c1_0.name_fr,c1_0.name_nl,c1_0.updated_at from categories c1_0 where c1_0.is_active=true order by c1_0.display_order
2026-02-27T09:41:48.830+01:00 DEBUG 23160 --- [readyroad-secure] [nio-8890-exec-1] org.hibernate.SQL                        : select u1_0.id,u1_0.created_at,u1_0.email,u1_0.full_name,u1_0.is_active,u1_0.is_locked,u1_0.password_hash,u1_0.role,u1_0.updated_at,u1_0.username from users u1_0 where u1_0.username=?
2026-02-27T09:41:48.835+01:00  INFO 23160 --- [readyroad-secure] [nio-8890-exec-1] c.r.r.config.RequestLoggingFilter        : ════════════════════════════════════════
2026-02-27T09:41:48.836+01:00  INFO 23160 --- [readyroad-secure] [nio-8890-exec-1] c.r.r.config.RequestLoggingFilter        : 🌐 INCOMING REQUEST
2026-02-27T09:41:48.836+01:00  INFO 23160 --- [readyroad-secure] [nio-8890-exec-1] c.r.r.config.RequestLoggingFilter        : ════════════════════════════════════════
2026-02-27T09:41:48.836+01:00  INFO 23160 --- [readyroad-secure] [nio-8890-exec-1] c.r.r.config.RequestLoggingFilter        : Method: GET
2026-02-27T09:41:48.837+01:00  INFO 23160 --- [readyroad-secure] [nio-8890-exec-1] c.r.r.config.RequestLoggingFilter        : URI: /api/quiz/stats
2026-02-27T09:41:48.837+01:00  INFO 23160 --- [readyroad-secure] [nio-8890-exec-1] c.r.r.config.RequestLoggingFilter        : Remote Address: 0:0:0:0:0:0:0:1
2026-02-27T09:41:48.838+01:00  INFO 23160 --- [readyroad-secure] [nio-8890-exec-1] c.r.r.config.RequestLoggingFilter        : ----------------------------------------
2026-02-27T09:41:48.838+01:00  INFO 23160 --- [readyroad-secure] [nio-8890-exec-1] c.r.r.config.RequestLoggingFilter        : 📋 Request Headers:
2026-02-27T09:41:48.839+01:00  INFO 23160 --- [readyroad-secure] [nio-8890-exec-1] c.r.r.config.RequestLoggingFilter        :   host: localhost:8890
2026-02-27T09:41:48.839+01:00  INFO 23160 --- [readyroad-secure] [nio-8890-exec-1] c.r.r.config.RequestLoggingFilter        :   connection: keep-alive
2026-02-27T09:41:48.840+01:00  INFO 23160 --- [readyroad-secure] [nio-8890-exec-1] c.r.r.config.RequestLoggingFilter        :   Accept: application/json
2026-02-27T09:41:48.841+01:00  INFO 23160 --- [readyroad-secure] [nio-8890-exec-1] c.r.r.config.RequestLoggingFilter        :   Authorization: Bearer [TOKEN_HIDDEN]
2026-02-27T09:41:48.841+01:00  INFO 23160 --- [readyroad-secure] [nio-8890-exec-1] c.r.r.config.RequestLoggingFilter        :   accept-language: *
2026-02-27T09:41:48.841+01:00  INFO 23160 --- [readyroad-secure] [nio-8890-exec-1] c.r.r.config.RequestLoggingFilter        :   sec-fetch-mode: cors
2026-02-27T09:41:48.841+01:00  INFO 23160 --- [readyroad-secure] [nio-8890-exec-1] c.r.r.config.RequestLoggingFilter        :   user-agent: node
2026-02-27T09:41:48.842+01:00  INFO 23160 --- [readyroad-secure] [nio-8890-exec-1] c.r.r.config.RequestLoggingFilter        :   pragma: no-cache
2026-02-27T09:41:48.842+01:00  INFO 23160 --- [readyroad-secure] [nio-8890-exec-1] c.r.r.config.RequestLoggingFilter        :   cache-control: no-cache
2026-02-27T09:41:48.842+01:00  INFO 23160 --- [readyroad-secure] [nio-8890-exec-1] c.r.r.config.RequestLoggingFilter        :   accept-encoding: gzip, deflate
2026-02-27T09:41:48.843+01:00  INFO 23160 --- [readyroad-secure] [nio-8890-exec-1] c.r.r.config.RequestLoggingFilter        : ════════════════════════════════════════
2026-02-27T09:41:48.846+01:00 DEBUG 23160 --- [readyroad-secure] [nio-8890-exec-1] org.hibernate.SQL                        : select count(qq1_0.id) from quiz_questions qq1_0 where qq1_0.is_active=true and qq1_0.status=?
2026-02-27T09:41:48.856+01:00 DEBUG 23160 --- [readyroad-secure] [nio-8890-exec-1] org.hibernate.SQL                        : select c1_0.id,c1_0.code,c1_0.created_at,c1_0.description_ar,c1_0.description_en,c1_0.description_fr,c1_0.description_nl,c1_0.display_order,c1_0.is_active,c1_0.name_ar,c1_0.name_en,c1_0.name_fr,c1_0.name_nl,c1_0.updated_at from categories c1_0 where c1_0.is_active=true order by c1_0.display_order
2026-02-27T09:41:48.983+01:00 DEBUG 23160 --- [readyroad-secure] [nio-8890-exec-2] org.hibernate.SQL                        : select u1_0.id,u1_0.created_at,u1_0.email,u1_0.full_name,u1_0.is_active,u1_0.is_locked,u1_0.password_hash,u1_0.role,u1_0.updated_at,u1_0.username from users u1_0 where u1_0.username=?
2026-02-27T09:41:48.990+01:00  INFO 23160 --- [readyroad-secure] [nio-8890-exec-2] c.r.r.config.RequestLoggingFilter        : ════════════════════════════════════════
2026-02-27T09:41:48.991+01:00  INFO 23160 --- [readyroad-secure] [nio-8890-exec-2] c.r.r.config.RequestLoggingFilter        : 🌐 INCOMING REQUEST
2026-02-27T09:41:48.991+01:00  INFO 23160 --- [readyroad-secure] [nio-8890-exec-2] c.r.r.config.RequestLoggingFilter        : ════════════════════════════════════════
2026-02-27T09:41:48.991+01:00  INFO 23160 --- [readyroad-secure] [nio-8890-exec-2] c.r.r.config.RequestLoggingFilter        : Method: GET
2026-02-27T09:41:48.992+01:00  INFO 23160 --- [readyroad-secure] [nio-8890-exec-2] c.r.r.config.RequestLoggingFilter        : URI: /api/categories
2026-02-27T09:41:48.992+01:00  INFO 23160 --- [readyroad-secure] [nio-8890-exec-2] c.r.r.config.RequestLoggingFilter        : Remote Address: 0:0:0:0:0:0:0:1
2026-02-27T09:41:48.992+01:00  INFO 23160 --- [readyroad-secure] [nio-8890-exec-2] c.r.r.config.RequestLoggingFilter        : ----------------------------------------
2026-02-27T09:41:48.993+01:00  INFO 23160 --- [readyroad-secure] [nio-8890-exec-2] c.r.r.config.RequestLoggingFilter        : 📋 Request Headers:
2026-02-27T09:41:48.993+01:00  INFO 23160 --- [readyroad-secure] [nio-8890-exec-2] c.r.r.config.RequestLoggingFilter        :   host: localhost:8890
2026-02-27T09:41:48.994+01:00  INFO 23160 --- [readyroad-secure] [nio-8890-exec-2] c.r.r.config.RequestLoggingFilter        :   connection: keep-alive
2026-02-27T09:41:48.994+01:00  INFO 23160 --- [readyroad-secure] [nio-8890-exec-2] c.r.r.config.RequestLoggingFilter        :   Accept: application/json
2026-02-27T09:41:48.994+01:00  INFO 23160 --- [readyroad-secure] [nio-8890-exec-2] c.r.r.config.RequestLoggingFilter        :   Authorization: Bearer [TOKEN_HIDDEN]
2026-02-27T09:41:48.995+01:00  INFO 23160 --- [readyroad-secure] [nio-8890-exec-2] c.r.r.config.RequestLoggingFilter        :   accept-language: *
2026-02-27T09:41:48.995+01:00  INFO 23160 --- [readyroad-secure] [nio-8890-exec-2] c.r.r.config.RequestLoggingFilter        :   sec-fetch-mode: cors
2026-02-27T09:41:48.996+01:00  INFO 23160 --- [readyroad-secure] [nio-8890-exec-2] c.r.r.config.RequestLoggingFilter        :   user-agent: node
2026-02-27T09:41:48.996+01:00  INFO 23160 --- [readyroad-secure] [nio-8890-exec-2] c.r.r.config.RequestLoggingFilter        :   pragma: no-cache
2026-02-27T09:41:48.996+01:00  INFO 23160 --- [readyroad-secure] [nio-8890-exec-2] c.r.r.config.RequestLoggingFilter        :   cache-control: no-cache
2026-02-27T09:41:48.997+01:00  INFO 23160 --- [readyroad-secure] [nio-8890-exec-2] c.r.r.config.RequestLoggingFilter        :   accept-encoding: gzip, deflate
2026-02-27T09:41:48.997+01:00  INFO 23160 --- [readyroad-secure] [nio-8890-exec-2] c.r.r.config.RequestLoggingFilter        : ════════════════════════════════════════
2026-02-27T09:41:49.001+01:00 DEBUG 23160 --- [readyroad-secure] [nio-8890-exec-2] org.hibernate.SQL                        : select c1_0.id,c1_0.code,c1_0.created_at,c1_0.description_ar,c1_0.description_en,c1_0.description_fr,c1_0.description_nl,c1_0.display_order,c1_0.is_active,c1_0.name_ar,c1_0.name_en,c1_0.name_fr,c1_0.name_nl,c1_0.updated_at from categories c1_0 where c1_0.is_active=true order by c1_0.display_order
2026-02-27T09:41:49.218+01:00 DEBUG 23160 --- [readyroad-secure] [nio-8890-exec-3] org.hibernate.SQL                        : select u1_0.id,u1_0.created_at,u1_0.email,u1_0.full_name,u1_0.is_active,u1_0.is_locked,u1_0.password_hash,u1_0.role,u1_0.updated_at,u1_0.username from users u1_0 where u1_0.username=?
2026-02-27T09:41:49.242+01:00  INFO 23160 --- [readyroad-secure] [nio-8890-exec-3] c.r.r.config.RequestLoggingFilter        : ════════════════════════════════════════
2026-02-27T09:41:49.242+01:00  INFO 23160 --- [readyroad-secure] [nio-8890-exec-3] c.r.r.config.RequestLoggingFilter        : 🌐 INCOMING REQUEST
2026-02-27T09:41:49.243+01:00  INFO 23160 --- [readyroad-secure] [nio-8890-exec-3] c.r.r.config.RequestLoggingFilter        : ════════════════════════════════════════
2026-02-27T09:41:49.243+01:00  INFO 23160 --- [readyroad-secure] [nio-8890-exec-3] c.r.r.config.RequestLoggingFilter        : Method: GET
2026-02-27T09:41:49.243+01:00  INFO 23160 --- [readyroad-secure] [nio-8890-exec-3] c.r.r.config.RequestLoggingFilter        : URI: /api/users/me/notifications/unread-count
2026-02-27T09:41:49.244+01:00  INFO 23160 --- [readyroad-secure] [nio-8890-exec-3] c.r.r.config.RequestLoggingFilter        : Remote Address: 0:0:0:0:0:0:0:1
2026-02-27T09:41:49.244+01:00  INFO 23160 --- [readyroad-secure] [nio-8890-exec-3] c.r.r.config.RequestLoggingFilter        : ----------------------------------------
2026-02-27T09:41:49.244+01:00  INFO 23160 --- [readyroad-secure] [nio-8890-exec-3] c.r.r.config.RequestLoggingFilter        : 📋 Request Headers:
2026-02-27T09:41:49.245+01:00  INFO 23160 --- [readyroad-secure] [nio-8890-exec-3] c.r.r.config.RequestLoggingFilter        :   host: localhost:8890
2026-02-27T09:41:49.245+01:00  INFO 23160 --- [readyroad-secure] [nio-8890-exec-3] c.r.r.config.RequestLoggingFilter        :   connection: keep-alive
2026-02-27T09:41:49.246+01:00  INFO 23160 --- [readyroad-secure] [nio-8890-exec-3] c.r.r.config.RequestLoggingFilter        :   Accept: application/json
2026-02-27T09:41:49.247+01:00  INFO 23160 --- [readyroad-secure] [nio-8890-exec-3] c.r.r.config.RequestLoggingFilter        :   Authorization: Bearer [TOKEN_HIDDEN]
2026-02-27T09:41:49.247+01:00  INFO 23160 --- [readyroad-secure] [nio-8890-exec-3] c.r.r.config.RequestLoggingFilter        :   accept-language: *
2026-02-27T09:41:49.247+01:00  INFO 23160 --- [readyroad-secure] [nio-8890-exec-3] c.r.r.config.RequestLoggingFilter        :   sec-fetch-mode: cors
2026-02-27T09:41:49.248+01:00  INFO 23160 --- [readyroad-secure] [nio-8890-exec-3] c.r.r.config.RequestLoggingFilter        :   user-agent: node
2026-02-27T09:41:49.248+01:00  INFO 23160 --- [readyroad-secure] [nio-8890-exec-3] c.r.r.config.RequestLoggingFilter        :   pragma: no-cache
2026-02-27T09:41:49.249+01:00  INFO 23160 --- [readyroad-secure] [nio-8890-exec-3] c.r.r.config.RequestLoggingFilter        :   cache-control: no-cache
2026-02-27T09:41:49.249+01:00  INFO 23160 --- [readyroad-secure] [nio-8890-exec-3] c.r.r.config.RequestLoggingFilter        :   accept-encoding: gzip, deflate
2026-02-27T09:41:49.249+01:00  INFO 23160 --- [readyroad-secure] [nio-8890-exec-3] c.r.r.config.RequestLoggingFilter        : ════════════════════════════════════════
2026-02-27T09:41:49.250+01:00  INFO 23160 --- [readyroad-secure] [nio-8890-exec-3] c.r.r.service.NotificationService        : Getting unread notification count for user: admin
2026-02-27T09:41:49.402+01:00 DEBUG 23160 --- [readyroad-secure] [nio-8890-exec-9] org.hibernate.SQL                        : select u1_0.id,u1_0.created_at,u1_0.email,u1_0.full_name,u1_0.is_active,u1_0.is_locked,u1_0.password_hash,u1_0.role,u1_0.updated_at,u1_0.username from users u1_0 where u1_0.username=?
2026-02-27T09:41:49.414+01:00 DEBUG 23160 --- [readyroad-secure] [nio-8890-exec-7] org.hibernate.SQL                        : select u1_0.id,u1_0.created_at,u1_0.email,u1_0.full_name,u1_0.is_active,u1_0.is_locked,u1_0.password_hash,u1_0.role,u1_0.updated_at,u1_0.username from users u1_0 where u1_0.username=?
2026-02-27T09:41:49.415+01:00  INFO 23160 --- [readyroad-secure] [nio-8890-exec-9] c.r.r.config.RequestLoggingFilter        : ════════════════════════════════════════
2026-02-27T09:41:49.418+01:00  INFO 23160 --- [readyroad-secure] [nio-8890-exec-9] c.r.r.config.RequestLoggingFilter        : 🌐 INCOMING REQUEST
2026-02-27T09:41:49.418+01:00  INFO 23160 --- [readyroad-secure] [nio-8890-exec-9] c.r.r.config.RequestLoggingFilter        : ════════════════════════════════════════
2026-02-27T09:41:49.418+01:00  INFO 23160 --- [readyroad-secure] [nio-8890-exec-9] c.r.r.config.RequestLoggingFilter        : Method: GET
2026-02-27T09:41:49.418+01:00  INFO 23160 --- [readyroad-secure] [nio-8890-exec-9] c.r.r.config.RequestLoggingFilter        : URI: /api/quiz/stats/category/2
2026-02-27T09:41:49.419+01:00  INFO 23160 --- [readyroad-secure] [nio-8890-exec-9] c.r.r.config.RequestLoggingFilter        : Remote Address: 0:0:0:0:0:0:0:1
2026-02-27T09:41:49.419+01:00  INFO 23160 --- [readyroad-secure] [nio-8890-exec-9] c.r.r.config.RequestLoggingFilter        : ----------------------------------------
2026-02-27T09:41:49.419+01:00  INFO 23160 --- [readyroad-secure] [nio-8890-exec-9] c.r.r.config.RequestLoggingFilter        : 📋 Request Headers:
2026-02-27T09:41:49.421+01:00  INFO 23160 --- [readyroad-secure] [nio-8890-exec-9] c.r.r.config.RequestLoggingFilter        :   host: localhost:8890
2026-02-27T09:41:49.422+01:00  INFO 23160 --- [readyroad-secure] [nio-8890-exec-9] c.r.r.config.RequestLoggingFilter        :   connection: keep-alive
2026-02-27T09:41:49.422+01:00  INFO 23160 --- [readyroad-secure] [nio-8890-exec-9] c.r.r.config.RequestLoggingFilter        :   Accept: application/json
2026-02-27T09:41:49.423+01:00  INFO 23160 --- [readyroad-secure] [nio-8890-exec-9] c.r.r.config.RequestLoggingFilter        :   Authorization: Bearer [TOKEN_HIDDEN]
2026-02-27T09:41:49.423+01:00  INFO 23160 --- [readyroad-secure] [nio-8890-exec-9] c.r.r.config.RequestLoggingFilter        :   accept-language: *
2026-02-27T09:41:49.424+01:00  INFO 23160 --- [readyroad-secure] [nio-8890-exec-9] c.r.r.config.RequestLoggingFilter        :   sec-fetch-mode: cors
2026-02-27T09:41:49.424+01:00  INFO 23160 --- [readyroad-secure] [nio-8890-exec-9] c.r.r.config.RequestLoggingFilter        :   user-agent: node
2026-02-27T09:41:49.424+01:00  INFO 23160 --- [readyroad-secure] [nio-8890-exec-9] c.r.r.config.RequestLoggingFilter        :   pragma: no-cache
2026-02-27T09:41:49.425+01:00  INFO 23160 --- [readyroad-secure] [nio-8890-exec-9] c.r.r.config.RequestLoggingFilter        :   cache-control: no-cache
2026-02-27T09:41:49.425+01:00  INFO 23160 --- [readyroad-secure] [nio-8890-exec-9] c.r.r.config.RequestLoggingFilter        :   accept-encoding: gzip, deflate
2026-02-27T09:41:49.425+01:00  INFO 23160 --- [readyroad-secure] [nio-8890-exec-9] c.r.r.config.RequestLoggingFilter        : ════════════════════════════════════════
2026-02-27T09:41:49.427+01:00  INFO 23160 --- [readyroad-secure] [nio-8890-exec-7] c.r.r.config.RequestLoggingFilter        : ════════════════════════════════════════
2026-02-27T09:41:49.427+01:00  INFO 23160 --- [readyroad-secure] [nio-8890-exec-7] c.r.r.config.RequestLoggingFilter        : 🌐 INCOMING REQUEST
2026-02-27T09:41:49.427+01:00  INFO 23160 --- [readyroad-secure] [nio-8890-exec-7] c.r.r.config.RequestLoggingFilter        : ════════════════════════════════════════
2026-02-27T09:41:49.427+01:00  INFO 23160 --- [readyroad-secure] [nio-8890-exec-7] c.r.r.config.RequestLoggingFilter        : Method: GET
2026-02-27T09:41:49.428+01:00  INFO 23160 --- [readyroad-secure] [nio-8890-exec-7] c.r.r.config.RequestLoggingFilter        : URI: /api/quiz/stats/category/1
2026-02-27T09:41:49.429+01:00  INFO 23160 --- [readyroad-secure] [nio-8890-exec-7] c.r.r.config.RequestLoggingFilter        : Remote Address: 0:0:0:0:0:0:0:1
2026-02-27T09:41:49.429+01:00  INFO 23160 --- [readyroad-secure] [nio-8890-exec-7] c.r.r.config.RequestLoggingFilter        : ----------------------------------------
2026-02-27T09:41:49.429+01:00  INFO 23160 --- [readyroad-secure] [nio-8890-exec-7] c.r.r.config.RequestLoggingFilter        : 📋 Request Headers:
2026-02-27T09:41:49.430+01:00 DEBUG 23160 --- [readyroad-secure] [nio-8890-exec-9] org.hibernate.SQL                        : select count(qq1_0.id) from quiz_questions qq1_0 where qq1_0.category_id=? and qq1_0.is_active=true and qq1_0.status=?
2026-02-27T09:41:49.430+01:00  INFO 23160 --- [readyroad-secure] [nio-8890-exec-7] c.r.r.config.RequestLoggingFilter        :   host: localhost:8890
2026-02-27T09:41:49.430+01:00  INFO 23160 --- [readyroad-secure] [nio-8890-exec-7] c.r.r.config.RequestLoggingFilter        :   connection: keep-alive
2026-02-27T09:41:49.430+01:00  INFO 23160 --- [readyroad-secure] [nio-8890-exec-7] c.r.r.config.RequestLoggingFilter        :   Accept: application/json
2026-02-27T09:41:49.430+01:00  INFO 23160 --- [readyroad-secure] [nio-8890-exec-7] c.r.r.config.RequestLoggingFilter        :   Authorization: Bearer [TOKEN_HIDDEN]
2026-02-27T09:41:49.431+01:00  INFO 23160 --- [readyroad-secure] [nio-8890-exec-7] c.r.r.config.RequestLoggingFilter        :   accept-language: *
2026-02-27T09:41:49.432+01:00  INFO 23160 --- [readyroad-secure] [nio-8890-exec-7] c.r.r.config.RequestLoggingFilter        :   sec-fetch-mode: cors
2026-02-27T09:41:49.432+01:00  INFO 23160 --- [readyroad-secure] [nio-8890-exec-7] c.r.r.config.RequestLoggingFilter        :   user-agent: node
2026-02-27T09:41:49.432+01:00  INFO 23160 --- [readyroad-secure] [nio-8890-exec-7] c.r.r.config.RequestLoggingFilter        :   pragma: no-cache
2026-02-27T09:41:49.433+01:00  INFO 23160 --- [readyroad-secure] [nio-8890-exec-7] c.r.r.config.RequestLoggingFilter        :   cache-control: no-cache
2026-02-27T09:41:49.433+01:00  INFO 23160 --- [readyroad-secure] [nio-8890-exec-7] c.r.r.config.RequestLoggingFilter        :   accept-encoding: gzip, deflate
2026-02-27T09:41:49.434+01:00  INFO 23160 --- [readyroad-secure] [nio-8890-exec-7] c.r.r.config.RequestLoggingFilter        : ════════════════════════════════════════
2026-02-27T09:41:49.438+01:00 DEBUG 23160 --- [readyroad-secure] [nio-8890-exec-7] org.hibernate.SQL                        : select count(qq1_0.id) from quiz_questions qq1_0 where qq1_0.category_id=? and qq1_0.is_active=true and qq1_0.status=?
2026-02-27T09:41:49.618+01:00 DEBUG 23160 --- [readyroad-secure] [nio-8890-exec-6] org.hibernate.SQL                        : select u1_0.id,u1_0.created_at,u1_0.email,u1_0.full_name,u1_0.is_active,u1_0.is_locked,u1_0.password_hash,u1_0.role,u1_0.updated_at,u1_0.username from users u1_0 where u1_0.username=?
2026-02-27T09:41:49.618+01:00 DEBUG 23160 --- [readyroad-secure] [io-8890-exec-10] org.hibernate.SQL                        : select u1_0.id,u1_0.created_at,u1_0.email,u1_0.full_name,u1_0.is_active,u1_0.is_locked,u1_0.password_hash,u1_0.role,u1_0.updated_at,u1_0.username from users u1_0 where u1_0.username=?
2026-02-27T09:41:49.625+01:00  INFO 23160 --- [readyroad-secure] [io-8890-exec-10] c.r.r.config.RequestLoggingFilter        : ════════════════════════════════════════
2026-02-27T09:41:49.625+01:00  INFO 23160 --- [readyroad-secure] [nio-8890-exec-6] c.r.r.config.RequestLoggingFilter        : ════════════════════════════════════════
2026-02-27T09:41:49.625+01:00  INFO 23160 --- [readyroad-secure] [io-8890-exec-10] c.r.r.config.RequestLoggingFilter        : 🌐 INCOMING REQUEST
2026-02-27T09:41:49.626+01:00  INFO 23160 --- [readyroad-secure] [nio-8890-exec-6] c.r.r.config.RequestLoggingFilter        : 🌐 INCOMING REQUEST
2026-02-27T09:41:49.626+01:00  INFO 23160 --- [readyroad-secure] [io-8890-exec-10] c.r.r.config.RequestLoggingFilter        : ════════════════════════════════════════
2026-02-27T09:41:49.627+01:00  INFO 23160 --- [readyroad-secure] [nio-8890-exec-6] c.r.r.config.RequestLoggingFilter        : ════════════════════════════════════════
2026-02-27T09:41:49.627+01:00  INFO 23160 --- [readyroad-secure] [io-8890-exec-10] c.r.r.config.RequestLoggingFilter        : Method: GET
2026-02-27T09:41:49.627+01:00  INFO 23160 --- [readyroad-secure] [nio-8890-exec-6] c.r.r.config.RequestLoggingFilter        : Method: GET
2026-02-27T09:41:49.628+01:00  INFO 23160 --- [readyroad-secure] [io-8890-exec-10] c.r.r.config.RequestLoggingFilter        : URI: /api/quiz/stats/category/4
2026-02-27T09:41:49.628+01:00  INFO 23160 --- [readyroad-secure] [nio-8890-exec-6] c.r.r.config.RequestLoggingFilter        : URI: /api/quiz/stats/category/3
2026-02-27T09:41:49.628+01:00  INFO 23160 --- [readyroad-secure] [io-8890-exec-10] c.r.r.config.RequestLoggingFilter        : Remote Address: 0:0:0:0:0:0:0:1
2026-02-27T09:41:49.629+01:00  INFO 23160 --- [readyroad-secure] [nio-8890-exec-6] c.r.r.config.RequestLoggingFilter        : Remote Address: 0:0:0:0:0:0:0:1
2026-02-27T09:41:49.629+01:00  INFO 23160 --- [readyroad-secure] [io-8890-exec-10] c.r.r.config.RequestLoggingFilter        : ----------------------------------------
2026-02-27T09:41:49.629+01:00  INFO 23160 --- [readyroad-secure] [nio-8890-exec-6] c.r.r.config.RequestLoggingFilter        : ----------------------------------------
2026-02-27T09:41:49.629+01:00  INFO 23160 --- [readyroad-secure] [io-8890-exec-10] c.r.r.config.RequestLoggingFilter        : 📋 Request Headers:
2026-02-27T09:41:49.630+01:00  INFO 23160 --- [readyroad-secure] [nio-8890-exec-6] c.r.r.config.RequestLoggingFilter        : 📋 Request Headers:
2026-02-27T09:41:49.630+01:00  INFO 23160 --- [readyroad-secure] [io-8890-exec-10] c.r.r.config.RequestLoggingFilter        :   host: localhost:8890
2026-02-27T09:41:49.631+01:00  INFO 23160 --- [readyroad-secure] [nio-8890-exec-6] c.r.r.config.RequestLoggingFilter        :   host: localhost:8890
2026-02-27T09:41:49.631+01:00  INFO 23160 --- [readyroad-secure] [io-8890-exec-10] c.r.r.config.RequestLoggingFilter        :   connection: keep-alive
2026-02-27T09:41:49.631+01:00  INFO 23160 --- [readyroad-secure] [nio-8890-exec-6] c.r.r.config.RequestLoggingFilter        :   connection: keep-alive
2026-02-27T09:41:49.632+01:00  INFO 23160 --- [readyroad-secure] [io-8890-exec-10] c.r.r.config.RequestLoggingFilter        :   Accept: application/json
2026-02-27T09:41:49.632+01:00  INFO 23160 --- [readyroad-secure] [nio-8890-exec-6] c.r.r.config.RequestLoggingFilter        :   Accept: application/json
2026-02-27T09:41:49.632+01:00  INFO 23160 --- [readyroad-secure] [io-8890-exec-10] c.r.r.config.RequestLoggingFilter        :   Authorization: Bearer [TOKEN_HIDDEN]
2026-02-27T09:41:49.632+01:00  INFO 23160 --- [readyroad-secure] [nio-8890-exec-6] c.r.r.config.RequestLoggingFilter        :   Authorization: Bearer [TOKEN_HIDDEN]
2026-02-27T09:41:49.632+01:00  INFO 23160 --- [readyroad-secure] [io-8890-exec-10] c.r.r.config.RequestLoggingFilter        :   accept-language: *
2026-02-27T09:41:49.633+01:00  INFO 23160 --- [readyroad-secure] [nio-8890-exec-6] c.r.r.config.RequestLoggingFilter        :   accept-language: *
2026-02-27T09:41:49.633+01:00  INFO 23160 --- [readyroad-secure] [io-8890-exec-10] c.r.r.config.RequestLoggingFilter        :   sec-fetch-mode: cors
2026-02-27T09:41:49.634+01:00  INFO 23160 --- [readyroad-secure] [nio-8890-exec-6] c.r.r.config.RequestLoggingFilter        :   sec-fetch-mode: cors
2026-02-27T09:41:49.634+01:00  INFO 23160 --- [readyroad-secure] [io-8890-exec-10] c.r.r.config.RequestLoggingFilter        :   user-agent: node
2026-02-27T09:41:49.634+01:00  INFO 23160 --- [readyroad-secure] [nio-8890-exec-6] c.r.r.config.RequestLoggingFilter        :   user-agent: node
2026-02-27T09:41:49.634+01:00  INFO 23160 --- [readyroad-secure] [io-8890-exec-10] c.r.r.config.RequestLoggingFilter        :   pragma: no-cache
2026-02-27T09:41:49.635+01:00  INFO 23160 --- [readyroad-secure] [nio-8890-exec-6] c.r.r.config.RequestLoggingFilter        :   pragma: no-cache
2026-02-27T09:41:49.635+01:00  INFO 23160 --- [readyroad-secure] [io-8890-exec-10] c.r.r.config.RequestLoggingFilter        :   cache-control: no-cache
2026-02-27T09:41:49.636+01:00  INFO 23160 --- [readyroad-secure] [nio-8890-exec-6] c.r.r.config.RequestLoggingFilter        :   cache-control: no-cache
2026-02-27T09:41:49.636+01:00  INFO 23160 --- [readyroad-secure] [io-8890-exec-10] c.r.r.config.RequestLoggingFilter        :   accept-encoding: gzip, deflate
2026-02-27T09:41:49.636+01:00  INFO 23160 --- [readyroad-secure] [nio-8890-exec-6] c.r.r.config.RequestLoggingFilter        :   accept-encoding: gzip, deflate
2026-02-27T09:41:49.636+01:00  INFO 23160 --- [readyroad-secure] [io-8890-exec-10] c.r.r.config.RequestLoggingFilter        : ════════════════════════════════════════
2026-02-27T09:41:49.637+01:00  INFO 23160 --- [readyroad-secure] [nio-8890-exec-6] c.r.r.config.RequestLoggingFilter        : ════════════════════════════════════════
2026-02-27T09:41:49.641+01:00 DEBUG 23160 --- [readyroad-secure] [io-8890-exec-10] org.hibernate.SQL                        : select count(qq1_0.id) from quiz_questions qq1_0 where qq1_0.category_id=? and qq1_0.is_active=true and qq1_0.status=?
2026-02-27T09:41:49.643+01:00 DEBUG 23160 --- [readyroad-secure] [nio-8890-exec-6] org.hibernate.SQL                        : select count(qq1_0.id) from quiz_questions qq1_0 where qq1_0.category_id=? and qq1_0.is_active=true and qq1_0.status=?
2026-02-27T09:41:49.758+01:00 DEBUG 23160 --- [readyroad-secure] [nio-8890-exec-4] org.hibernate.SQL                        : select u1_0.id,u1_0.created_at,u1_0.email,u1_0.full_name,u1_0.is_active,u1_0.is_locked,u1_0.password_hash,u1_0.role,u1_0.updated_at,u1_0.username from users u1_0 where u1_0.username=?
2026-02-27T09:41:49.763+01:00  INFO 23160 --- [readyroad-secure] [nio-8890-exec-4] c.r.r.config.RequestLoggingFilter        : ════════════════════════════════════════
2026-02-27T09:41:49.764+01:00  INFO 23160 --- [readyroad-secure] [nio-8890-exec-4] c.r.r.config.RequestLoggingFilter        : 🌐 INCOMING REQUEST
2026-02-27T09:41:49.766+01:00  INFO 23160 --- [readyroad-secure] [nio-8890-exec-4] c.r.r.config.RequestLoggingFilter        : ════════════════════════════════════════
2026-02-27T09:41:49.767+01:00  INFO 23160 --- [readyroad-secure] [nio-8890-exec-4] c.r.r.config.RequestLoggingFilter        : Method: GET
2026-02-27T09:41:49.767+01:00  INFO 23160 --- [readyroad-secure] [nio-8890-exec-4] c.r.r.config.RequestLoggingFilter        : URI: /api/quiz/stats/category/5
2026-02-27T09:41:49.767+01:00  INFO 23160 --- [readyroad-secure] [nio-8890-exec-4] c.r.r.config.RequestLoggingFilter        : Remote Address: 0:0:0:0:0:0:0:1
2026-02-27T09:41:49.768+01:00  INFO 23160 --- [readyroad-secure] [nio-8890-exec-4] c.r.r.config.RequestLoggingFilter        : ----------------------------------------
2026-02-27T09:41:49.768+01:00  INFO 23160 --- [readyroad-secure] [nio-8890-exec-4] c.r.r.config.RequestLoggingFilter        : 📋 Request Headers:
2026-02-27T09:41:49.768+01:00  INFO 23160 --- [readyroad-secure] [nio-8890-exec-4] c.r.r.config.RequestLoggingFilter        :   host: localhost:8890
2026-02-27T09:41:49.769+01:00  INFO 23160 --- [readyroad-secure] [nio-8890-exec-4] c.r.r.config.RequestLoggingFilter        :   connection: keep-alive
2026-02-27T09:41:49.769+01:00  INFO 23160 --- [readyroad-secure] [nio-8890-exec-4] c.r.r.config.RequestLoggingFilter        :   Accept: application/json
2026-02-27T09:41:49.769+01:00  INFO 23160 --- [readyroad-secure] [nio-8890-exec-4] c.r.r.config.RequestLoggingFilter        :   Authorization: Bearer [TOKEN_HIDDEN]
2026-02-27T09:41:49.770+01:00  INFO 23160 --- [readyroad-secure] [nio-8890-exec-4] c.r.r.config.RequestLoggingFilter        :   accept-language: *
2026-02-27T09:41:49.771+01:00  INFO 23160 --- [readyroad-secure] [nio-8890-exec-4] c.r.r.config.RequestLoggingFilter        :   sec-fetch-mode: cors
2026-02-27T09:41:49.772+01:00  INFO 23160 --- [readyroad-secure] [nio-8890-exec-4] c.r.r.config.RequestLoggingFilter        :   user-agent: node
2026-02-27T09:41:49.772+01:00  INFO 23160 --- [readyroad-secure] [nio-8890-exec-4] c.r.r.config.RequestLoggingFilter        :   pragma: no-cache
2026-02-27T09:41:49.773+01:00  INFO 23160 --- [readyroad-secure] [nio-8890-exec-4] c.r.r.config.RequestLoggingFilter        :   cache-control: no-cache
2026-02-27T09:41:49.773+01:00  INFO 23160 --- [readyroad-secure] [nio-8890-exec-4] c.r.r.config.RequestLoggingFilter        :   accept-encoding: gzip, deflate
2026-02-27T09:41:49.774+01:00  INFO 23160 --- [readyroad-secure] [nio-8890-exec-4] c.r.r.config.RequestLoggingFilter        : ════════════════════════════════════════
2026-02-27T09:41:49.778+01:00 DEBUG 23160 --- [readyroad-secure] [nio-8890-exec-4] org.hibernate.SQL                        : select count(qq1_0.id) from quiz_questions qq1_0 where qq1_0.category_id=? and qq1_0.is_active=true and qq1_0.status=?
2026-02-27T09:41:49.901+01:00 DEBUG 23160 --- [readyroad-secure] [nio-8890-exec-5] org.hibernate.SQL                        : select u1_0.id,u1_0.created_at,u1_0.email,u1_0.full_name,u1_0.is_active,u1_0.is_locked,u1_0.password_hash,u1_0.role,u1_0.updated_at,u1_0.username from users u1_0 where u1_0.username=?
2026-02-27T09:41:49.907+01:00  INFO 23160 --- [readyroad-secure] [nio-8890-exec-5] c.r.r.config.RequestLoggingFilter        : ════════════════════════════════════════
2026-02-27T09:41:49.907+01:00  INFO 23160 --- [readyroad-secure] [nio-8890-exec-5] c.r.r.config.RequestLoggingFilter        : 🌐 INCOMING REQUEST
2026-02-27T09:41:49.908+01:00  INFO 23160 --- [readyroad-secure] [nio-8890-exec-5] c.r.r.config.RequestLoggingFilter        : ════════════════════════════════════════
2026-02-27T09:41:49.908+01:00  INFO 23160 --- [readyroad-secure] [nio-8890-exec-5] c.r.r.config.RequestLoggingFilter        : Method: GET
2026-02-27T09:41:49.909+01:00  INFO 23160 --- [readyroad-secure] [nio-8890-exec-5] c.r.r.config.RequestLoggingFilter        : URI: /api/quiz/stats/category/6
2026-02-27T09:41:49.909+01:00  INFO 23160 --- [readyroad-secure] [nio-8890-exec-5] c.r.r.config.RequestLoggingFilter        : Remote Address: 0:0:0:0:0:0:0:1
2026-02-27T09:41:49.909+01:00  INFO 23160 --- [readyroad-secure] [nio-8890-exec-5] c.r.r.config.RequestLoggingFilter        : ----------------------------------------
2026-02-27T09:41:49.909+01:00  INFO 23160 --- [readyroad-secure] [nio-8890-exec-5] c.r.r.config.RequestLoggingFilter        : 📋 Request Headers:
2026-02-27T09:41:49.910+01:00  INFO 23160 --- [readyroad-secure] [nio-8890-exec-5] c.r.r.config.RequestLoggingFilter        :   host: localhost:8890
2026-02-27T09:41:49.910+01:00  INFO 23160 --- [readyroad-secure] [nio-8890-exec-5] c.r.r.config.RequestLoggingFilter        :   connection: keep-alive
2026-02-27T09:41:49.911+01:00  INFO 23160 --- [readyroad-secure] [nio-8890-exec-5] c.r.r.config.RequestLoggingFilter        :   Accept: application/json
2026-02-27T09:41:49.911+01:00  INFO 23160 --- [readyroad-secure] [nio-8890-exec-5] c.r.r.config.RequestLoggingFilter        :   Authorization: Bearer [TOKEN_HIDDEN]
2026-02-27T09:41:49.911+01:00  INFO 23160 --- [readyroad-secure] [nio-8890-exec-5] c.r.r.config.RequestLoggingFilter        :   accept-language: *
2026-02-27T09:41:49.912+01:00  INFO 23160 --- [readyroad-secure] [nio-8890-exec-5] c.r.r.config.RequestLoggingFilter        :   sec-fetch-mode: cors
2026-02-27T09:41:49.912+01:00  INFO 23160 --- [readyroad-secure] [nio-8890-exec-5] c.r.r.config.RequestLoggingFilter        :   user-agent: node
2026-02-27T09:41:49.912+01:00  INFO 23160 --- [readyroad-secure] [nio-8890-exec-5] c.r.r.config.RequestLoggingFilter        :   pragma: no-cache
2026-02-27T09:41:49.913+01:00  INFO 23160 --- [readyroad-secure] [nio-8890-exec-5] c.r.r.config.RequestLoggingFilter        :   cache-control: no-cache
2026-02-27T09:41:49.913+01:00  INFO 23160 --- [readyroad-secure] [nio-8890-exec-5] c.r.r.config.RequestLoggingFilter        :   accept-encoding: gzip, deflate
2026-02-27T09:41:49.914+01:00  INFO 23160 --- [readyroad-secure] [nio-8890-exec-5] c.r.r.config.RequestLoggingFilter        : ════════════════════════════════════════
2026-02-27T09:41:49.916+01:00 DEBUG 23160 --- [readyroad-secure] [nio-8890-exec-5] org.hibernate.SQL                        : select count(qq1_0.id) from quiz_questions qq1_0 where qq1_0.category_id=? and qq1_0.is_active=true and qq1_0.status=?
2026-02-27T09:41:49.918+01:00 DEBUG 23160 --- [readyroad-secure] [nio-8890-exec-8] org.hibernate.SQL                        : select u1_0.id,u1_0.created_at,u1_0.email,u1_0.full_name,u1_0.is_active,u1_0.is_locked,u1_0.password_hash,u1_0.role,u1_0.updated_at,u1_0.username from users u1_0 where u1_0.username=?
2026-02-27T09:41:49.923+01:00  INFO 23160 --- [readyroad-secure] [nio-8890-exec-8] c.r.r.config.RequestLoggingFilter        : ════════════════════════════════════════
2026-02-27T09:41:49.924+01:00  INFO 23160 --- [readyroad-secure] [nio-8890-exec-8] c.r.r.config.RequestLoggingFilter        : 🌐 INCOMING REQUEST
2026-02-27T09:41:49.925+01:00  INFO 23160 --- [readyroad-secure] [nio-8890-exec-8] c.r.r.config.RequestLoggingFilter        : ════════════════════════════════════════
2026-02-27T09:41:49.925+01:00  INFO 23160 --- [readyroad-secure] [nio-8890-exec-8] c.r.r.config.RequestLoggingFilter        : Method: GET
2026-02-27T09:41:49.926+01:00  INFO 23160 --- [readyroad-secure] [nio-8890-exec-8] c.r.r.config.RequestLoggingFilter        : URI: /api/quiz/stats/category/7
2026-02-27T09:41:49.926+01:00  INFO 23160 --- [readyroad-secure] [nio-8890-exec-8] c.r.r.config.RequestLoggingFilter        : Remote Address: 0:0:0:0:0:0:0:1
2026-02-27T09:41:49.926+01:00  INFO 23160 --- [readyroad-secure] [nio-8890-exec-8] c.r.r.config.RequestLoggingFilter        : ----------------------------------------
2026-02-27T09:41:49.927+01:00  INFO 23160 --- [readyroad-secure] [nio-8890-exec-8] c.r.r.config.RequestLoggingFilter        : 📋 Request Headers:
2026-02-27T09:41:49.927+01:00  INFO 23160 --- [readyroad-secure] [nio-8890-exec-8] c.r.r.config.RequestLoggingFilter        :   host: localhost:8890
2026-02-27T09:41:49.927+01:00  INFO 23160 --- [readyroad-secure] [nio-8890-exec-8] c.r.r.config.RequestLoggingFilter        :   connection: keep-alive
2026-02-27T09:41:49.928+01:00  INFO 23160 --- [readyroad-secure] [nio-8890-exec-8] c.r.r.config.RequestLoggingFilter        :   Accept: application/json
2026-02-27T09:41:49.928+01:00  INFO 23160 --- [readyroad-secure] [nio-8890-exec-8] c.r.r.config.RequestLoggingFilter        :   Authorization: Bearer [TOKEN_HIDDEN]
2026-02-27T09:41:49.929+01:00  INFO 23160 --- [readyroad-secure] [nio-8890-exec-8] c.r.r.config.RequestLoggingFilter        :   accept-language: *
2026-02-27T09:41:49.929+01:00  INFO 23160 --- [readyroad-secure] [nio-8890-exec-8] c.r.r.config.RequestLoggingFilter        :   sec-fetch-mode: cors
2026-02-27T09:41:49.929+01:00  INFO 23160 --- [readyroad-secure] [nio-8890-exec-8] c.r.r.config.RequestLoggingFilter        :   user-agent: node
2026-02-27T09:41:49.930+01:00  INFO 23160 --- [readyroad-secure] [nio-8890-exec-8] c.r.r.config.RequestLoggingFilter        :   pragma: no-cache
2026-02-27T09:41:49.930+01:00  INFO 23160 --- [readyroad-secure] [nio-8890-exec-8] c.r.r.config.RequestLoggingFilter        :   cache-control: no-cache
2026-02-27T09:41:49.930+01:00  INFO 23160 --- [readyroad-secure] [nio-8890-exec-8] c.r.r.config.RequestLoggingFilter        :   accept-encoding: gzip, deflate
2026-02-27T09:41:49.931+01:00  INFO 23160 --- [readyroad-secure] [nio-8890-exec-8] c.r.r.config.RequestLoggingFilter        : ════════════════════════════════════════
2026-02-27T09:41:49.934+01:00 DEBUG 23160 --- [readyroad-secure] [nio-8890-exec-8] org.hibernate.SQL                        : select count(qq1_0.id) from quiz_questions qq1_0 where qq1_0.category_id=? and qq1_0.is_active=true and qq1_0.status=?
2026-02-27T09:41:50.038+01:00 DEBUG 23160 --- [readyroad-secure] [nio-8890-exec-1] org.hibernate.SQL                        : select u1_0.id,u1_0.created_at,u1_0.email,u1_0.full_name,u1_0.is_active,u1_0.is_locked,u1_0.password_hash,u1_0.role,u1_0.updated_at,u1_0.username from users u1_0 where u1_0.username=?
2026-02-27T09:41:50.043+01:00  INFO 23160 --- [readyroad-secure] [nio-8890-exec-1] c.r.r.config.RequestLoggingFilter        : ════════════════════════════════════════
2026-02-27T09:41:50.043+01:00  INFO 23160 --- [readyroad-secure] [nio-8890-exec-1] c.r.r.config.RequestLoggingFilter        : 🌐 INCOMING REQUEST
2026-02-27T09:41:50.043+01:00  INFO 23160 --- [readyroad-secure] [nio-8890-exec-1] c.r.r.config.RequestLoggingFilter        : ════════════════════════════════════════
2026-02-27T09:41:50.043+01:00  INFO 23160 --- [readyroad-secure] [nio-8890-exec-1] c.r.r.config.RequestLoggingFilter        : Method: GET
2026-02-27T09:41:50.044+01:00  INFO 23160 --- [readyroad-secure] [nio-8890-exec-1] c.r.r.config.RequestLoggingFilter        : URI: /api/quiz/stats/category/9
2026-02-27T09:41:50.044+01:00  INFO 23160 --- [readyroad-secure] [nio-8890-exec-1] c.r.r.config.RequestLoggingFilter        : Remote Address: 0:0:0:0:0:0:0:1
2026-02-27T09:41:50.044+01:00  INFO 23160 --- [readyroad-secure] [nio-8890-exec-1] c.r.r.config.RequestLoggingFilter        : ----------------------------------------
2026-02-27T09:41:50.045+01:00  INFO 23160 --- [readyroad-secure] [nio-8890-exec-1] c.r.r.config.RequestLoggingFilter        : 📋 Request Headers:
2026-02-27T09:41:50.046+01:00  INFO 23160 --- [readyroad-secure] [nio-8890-exec-1] c.r.r.config.RequestLoggingFilter        :   host: localhost:8890
2026-02-27T09:41:50.046+01:00  INFO 23160 --- [readyroad-secure] [nio-8890-exec-1] c.r.r.config.RequestLoggingFilter        :   connection: keep-alive
2026-02-27T09:41:50.047+01:00  INFO 23160 --- [readyroad-secure] [nio-8890-exec-1] c.r.r.config.RequestLoggingFilter        :   Accept: application/json
2026-02-27T09:41:50.047+01:00  INFO 23160 --- [readyroad-secure] [nio-8890-exec-1] c.r.r.config.RequestLoggingFilter        :   Authorization: Bearer [TOKEN_HIDDEN]
2026-02-27T09:41:50.047+01:00 DEBUG 23160 --- [readyroad-secure] [nio-8890-exec-2] org.hibernate.SQL                        : select u1_0.id,u1_0.created_at,u1_0.email,u1_0.full_name,u1_0.is_active,u1_0.is_locked,u1_0.password_hash,u1_0.role,u1_0.updated_at,u1_0.username from users u1_0 where u1_0.username=?
2026-02-27T09:41:50.047+01:00  INFO 23160 --- [readyroad-secure] [nio-8890-exec-1] c.r.r.config.RequestLoggingFilter        :   accept-language: *
2026-02-27T09:41:50.048+01:00  INFO 23160 --- [readyroad-secure] [nio-8890-exec-1] c.r.r.config.RequestLoggingFilter        :   sec-fetch-mode: cors
2026-02-27T09:41:50.048+01:00  INFO 23160 --- [readyroad-secure] [nio-8890-exec-1] c.r.r.config.RequestLoggingFilter        :   user-agent: node
2026-02-27T09:41:50.049+01:00  INFO 23160 --- [readyroad-secure] [nio-8890-exec-1] c.r.r.config.RequestLoggingFilter        :   pragma: no-cache
2026-02-27T09:41:50.049+01:00  INFO 23160 --- [readyroad-secure] [nio-8890-exec-1] c.r.r.config.RequestLoggingFilter        :   cache-control: no-cache
2026-02-27T09:41:50.049+01:00  INFO 23160 --- [readyroad-secure] [nio-8890-exec-1] c.r.r.config.RequestLoggingFilter        :   accept-encoding: gzip, deflate
2026-02-27T09:41:50.050+01:00  INFO 23160 --- [readyroad-secure] [nio-8890-exec-1] c.r.r.config.RequestLoggingFilter        : ════════════════════════════════════════
2026-02-27T09:41:50.052+01:00  INFO 23160 --- [readyroad-secure] [nio-8890-exec-2] c.r.r.config.RequestLoggingFilter        : ════════════════════════════════════════
2026-02-27T09:41:50.052+01:00  INFO 23160 --- [readyroad-secure] [nio-8890-exec-2] c.r.r.config.RequestLoggingFilter        : 🌐 INCOMING REQUEST
2026-02-27T09:41:50.053+01:00  INFO 23160 --- [readyroad-secure] [nio-8890-exec-2] c.r.r.config.RequestLoggingFilter        : ════════════════════════════════════════
2026-02-27T09:41:50.053+01:00  INFO 23160 --- [readyroad-secure] [nio-8890-exec-2] c.r.r.config.RequestLoggingFilter        : Method: GET
2026-02-27T09:41:50.053+01:00 DEBUG 23160 --- [readyroad-secure] [nio-8890-exec-1] org.hibernate.SQL                        : select count(qq1_0.id) from quiz_questions qq1_0 where qq1_0.category_id=? and qq1_0.is_active=true and qq1_0.status=?
2026-02-27T09:41:50.053+01:00  INFO 23160 --- [readyroad-secure] [nio-8890-exec-2] c.r.r.config.RequestLoggingFilter        : URI: /api/quiz/stats/category/8
2026-02-27T09:41:50.055+01:00  INFO 23160 --- [readyroad-secure] [nio-8890-exec-2] c.r.r.config.RequestLoggingFilter        : Remote Address: 0:0:0:0:0:0:0:1
2026-02-27T09:41:50.055+01:00  INFO 23160 --- [readyroad-secure] [nio-8890-exec-2] c.r.r.config.RequestLoggingFilter        : ----------------------------------------
2026-02-27T09:41:50.056+01:00  INFO 23160 --- [readyroad-secure] [nio-8890-exec-2] c.r.r.config.RequestLoggingFilter        : 📋 Request Headers:
2026-02-27T09:41:50.056+01:00  INFO 23160 --- [readyroad-secure] [nio-8890-exec-2] c.r.r.config.RequestLoggingFilter        :   host: localhost:8890
2026-02-27T09:41:50.056+01:00  INFO 23160 --- [readyroad-secure] [nio-8890-exec-2] c.r.r.config.RequestLoggingFilter        :   connection: keep-alive
2026-02-27T09:41:50.057+01:00  INFO 23160 --- [readyroad-secure] [nio-8890-exec-2] c.r.r.config.RequestLoggingFilter        :   Accept: application/json
2026-02-27T09:41:50.057+01:00  INFO 23160 --- [readyroad-secure] [nio-8890-exec-2] c.r.r.config.RequestLoggingFilter        :   Authorization: Bearer [TOKEN_HIDDEN]
2026-02-27T09:41:50.058+01:00  INFO 23160 --- [readyroad-secure] [nio-8890-exec-2] c.r.r.config.RequestLoggingFilter        :   accept-language: *
2026-02-27T09:41:50.058+01:00  INFO 23160 --- [readyroad-secure] [nio-8890-exec-2] c.r.r.config.RequestLoggingFilter        :   sec-fetch-mode: cors
2026-02-27T09:41:50.058+01:00  INFO 23160 --- [readyroad-secure] [nio-8890-exec-2] c.r.r.config.RequestLoggingFilter        :   user-agent: node
2026-02-27T09:41:50.059+01:00  INFO 23160 --- [readyroad-secure] [nio-8890-exec-2] c.r.r.config.RequestLoggingFilter        :   pragma: no-cache
2026-02-27T09:41:50.059+01:00  INFO 23160 --- [readyroad-secure] [nio-8890-exec-2] c.r.r.config.RequestLoggingFilter        :   cache-control: no-cache
2026-02-27T09:41:50.060+01:00  INFO 23160 --- [readyroad-secure] [nio-8890-exec-2] c.r.r.config.RequestLoggingFilter        :   accept-encoding: gzip, deflate
2026-02-27T09:41:50.060+01:00  INFO 23160 --- [readyroad-secure] [nio-8890-exec-2] c.r.r.config.RequestLoggingFilter        : ════════════════════════════════════════
2026-02-27T09:41:50.063+01:00 DEBUG 23160 --- [readyroad-secure] [nio-8890-exec-2] org.hibernate.SQL                        : select count(qq1_0.id) from quiz_questions qq1_0 where qq1_0.category_id=? and qq1_0.is_active=true and qq1_0.status=?
2026-02-27T09:41:50.195+01:00 DEBUG 23160 --- [readyroad-secure] [nio-8890-exec-3] org.hibernate.SQL                        : select u1_0.id,u1_0.created_at,u1_0.email,u1_0.full_name,u1_0.is_active,u1_0.is_locked,u1_0.password_hash,u1_0.role,u1_0.updated_at,u1_0.username from users u1_0 where u1_0.username=?
2026-02-27T09:41:50.199+01:00  INFO 23160 --- [readyroad-secure] [nio-8890-exec-3] c.r.r.config.RequestLoggingFilter        : ════════════════════════════════════════
2026-02-27T09:41:50.199+01:00  INFO 23160 --- [readyroad-secure] [nio-8890-exec-3] c.r.r.config.RequestLoggingFilter        : 🌐 INCOMING REQUEST
2026-02-27T09:41:50.200+01:00  INFO 23160 --- [readyroad-secure] [nio-8890-exec-3] c.r.r.config.RequestLoggingFilter        : ════════════════════════════════════════
2026-02-27T09:41:50.200+01:00  INFO 23160 --- [readyroad-secure] [nio-8890-exec-3] c.r.r.config.RequestLoggingFilter        : Method: GET
2026-02-27T09:41:50.200+01:00  INFO 23160 --- [readyroad-secure] [nio-8890-exec-3] c.r.r.config.RequestLoggingFilter        : URI: /api/quiz/stats/category/17
2026-02-27T09:41:50.202+01:00  INFO 23160 --- [readyroad-secure] [nio-8890-exec-3] c.r.r.config.RequestLoggingFilter        : Remote Address: 0:0:0:0:0:0:0:1
2026-02-27T09:41:50.202+01:00  INFO 23160 --- [readyroad-secure] [nio-8890-exec-3] c.r.r.config.RequestLoggingFilter        : ----------------------------------------
2026-02-27T09:41:50.202+01:00  INFO 23160 --- [readyroad-secure] [nio-8890-exec-3] c.r.r.config.RequestLoggingFilter        : 📋 Request Headers:
2026-02-27T09:41:50.203+01:00  INFO 23160 --- [readyroad-secure] [nio-8890-exec-3] c.r.r.config.RequestLoggingFilter        :   host: localhost:8890
2026-02-27T09:41:50.203+01:00  INFO 23160 --- [readyroad-secure] [nio-8890-exec-3] c.r.r.config.RequestLoggingFilter        :   connection: keep-alive
2026-02-27T09:41:50.203+01:00  INFO 23160 --- [readyroad-secure] [nio-8890-exec-3] c.r.r.config.RequestLoggingFilter        :   Accept: application/json
2026-02-27T09:41:50.204+01:00  INFO 23160 --- [readyroad-secure] [nio-8890-exec-3] c.r.r.config.RequestLoggingFilter        :   Authorization: Bearer [TOKEN_HIDDEN]
2026-02-27T09:41:50.205+01:00  INFO 23160 --- [readyroad-secure] [nio-8890-exec-3] c.r.r.config.RequestLoggingFilter        :   accept-language: *
2026-02-27T09:41:50.205+01:00  INFO 23160 --- [readyroad-secure] [nio-8890-exec-3] c.r.r.config.RequestLoggingFilter        :   sec-fetch-mode: cors
2026-02-27T09:41:50.205+01:00  INFO 23160 --- [readyroad-secure] [nio-8890-exec-3] c.r.r.config.RequestLoggingFilter        :   user-agent: node
2026-02-27T09:41:50.206+01:00  INFO 23160 --- [readyroad-secure] [nio-8890-exec-3] c.r.r.config.RequestLoggingFilter        :   pragma: no-cache
2026-02-27T09:41:50.206+01:00  INFO 23160 --- [readyroad-secure] [nio-8890-exec-3] c.r.r.config.RequestLoggingFilter        :   cache-control: no-cache
2026-02-27T09:41:50.207+01:00  INFO 23160 --- [readyroad-secure] [nio-8890-exec-3] c.r.r.config.RequestLoggingFilter        :   accept-encoding: gzip, deflate
2026-02-27T09:41:50.207+01:00  INFO 23160 --- [readyroad-secure] [nio-8890-exec-3] c.r.r.config.RequestLoggingFilter        : ════════════════════════════════════════
2026-02-27T09:41:50.210+01:00 DEBUG 23160 --- [readyroad-secure] [nio-8890-exec-3] org.hibernate.SQL                        : select count(qq1_0.id) from quiz_questions qq1_0 where qq1_0.category_id=? and qq1_0.is_active=true and qq1_0.status=?
2026-02-27T09:41:50.245+01:00 DEBUG 23160 --- [readyroad-secure] [nio-8890-exec-9] org.hibernate.SQL                        : select u1_0.id,u1_0.created_at,u1_0.email,u1_0.full_name,u1_0.is_active,u1_0.is_locked,u1_0.password_hash,u1_0.role,u1_0.updated_at,u1_0.username from users u1_0 where u1_0.username=?
2026-02-27T09:41:50.249+01:00  INFO 23160 --- [readyroad-secure] [nio-8890-exec-9] c.r.r.config.RequestLoggingFilter        : ════════════════════════════════════════
2026-02-27T09:41:50.249+01:00  INFO 23160 --- [readyroad-secure] [nio-8890-exec-9] c.r.r.config.RequestLoggingFilter        : 🌐 INCOMING REQUEST
2026-02-27T09:41:50.249+01:00  INFO 23160 --- [readyroad-secure] [nio-8890-exec-9] c.r.r.config.RequestLoggingFilter        : ════════════════════════════════════════
2026-02-27T09:41:50.249+01:00  INFO 23160 --- [readyroad-secure] [nio-8890-exec-9] c.r.r.config.RequestLoggingFilter        : Method: GET
2026-02-27T09:41:50.249+01:00  INFO 23160 --- [readyroad-secure] [nio-8890-exec-9] c.r.r.config.RequestLoggingFilter        : URI: /api/quiz/stats
2026-02-27T09:41:50.249+01:00  INFO 23160 --- [readyroad-secure] [nio-8890-exec-9] c.r.r.config.RequestLoggingFilter        : Remote Address: 0:0:0:0:0:0:0:1
2026-02-27T09:41:50.253+01:00  INFO 23160 --- [readyroad-secure] [nio-8890-exec-9] c.r.r.config.RequestLoggingFilter        : ----------------------------------------
2026-02-27T09:41:50.253+01:00  INFO 23160 --- [readyroad-secure] [nio-8890-exec-9] c.r.r.config.RequestLoggingFilter        : 📋 Request Headers:
2026-02-27T09:41:50.253+01:00  INFO 23160 --- [readyroad-secure] [nio-8890-exec-9] c.r.r.config.RequestLoggingFilter        :   host: localhost:8890
2026-02-27T09:41:50.255+01:00  INFO 23160 --- [readyroad-secure] [nio-8890-exec-9] c.r.r.config.RequestLoggingFilter        :   connection: keep-alive
2026-02-27T09:41:50.256+01:00  INFO 23160 --- [readyroad-secure] [nio-8890-exec-9] c.r.r.config.RequestLoggingFilter        :   Accept: application/json
2026-02-27T09:41:50.257+01:00  INFO 23160 --- [readyroad-secure] [nio-8890-exec-9] c.r.r.config.RequestLoggingFilter        :   Authorization: Bearer [TOKEN_HIDDEN]
2026-02-27T09:41:50.258+01:00  INFO 23160 --- [readyroad-secure] [nio-8890-exec-9] c.r.r.config.RequestLoggingFilter        :   accept-language: *
2026-02-27T09:41:50.259+01:00  INFO 23160 --- [readyroad-secure] [nio-8890-exec-9] c.r.r.config.RequestLoggingFilter        :   sec-fetch-mode: cors
2026-02-27T09:41:50.260+01:00  INFO 23160 --- [readyroad-secure] [nio-8890-exec-9] c.r.r.config.RequestLoggingFilter        :   user-agent: node
2026-02-27T09:41:50.260+01:00  INFO 23160 --- [readyroad-secure] [nio-8890-exec-9] c.r.r.config.RequestLoggingFilter        :   pragma: no-cache
2026-02-27T09:41:50.260+01:00  INFO 23160 --- [readyroad-secure] [nio-8890-exec-9] c.r.r.config.RequestLoggingFilter        :   cache-control: no-cache
2026-02-27T09:41:50.261+01:00  INFO 23160 --- [readyroad-secure] [nio-8890-exec-9] c.r.r.config.RequestLoggingFilter        :   accept-encoding: gzip, deflate
2026-02-27T09:41:50.262+01:00  INFO 23160 --- [readyroad-secure] [nio-8890-exec-9] c.r.r.config.RequestLoggingFilter        : ════════════════════════════════════════
2026-02-27T09:41:50.265+01:00 DEBUG 23160 --- [readyroad-secure] [nio-8890-exec-9] org.hibernate.SQL                        : select count(qq1_0.id) from quiz_questions qq1_0 where qq1_0.is_active=true and qq1_0.status=?
2026-02-27T09:41:50.271+01:00 DEBUG 23160 --- [readyroad-secure] [nio-8890-exec-9] org.hibernate.SQL                        : select c1_0.id,c1_0.code,c1_0.created_at,c1_0.description_ar,c1_0.description_en,c1_0.description_fr,c1_0.description_nl,c1_0.display_order,c1_0.is_active,c1_0.name_ar,c1_0.name_en,c1_0.name_fr,c1_0.name_nl,c1_0.updated_at from categories c1_0 where c1_0.is_active=true order by c1_0.display_order
2026-02-27T09:41:50.827+01:00 DEBUG 23160 --- [readyroad-secure] [nio-8890-exec-7] org.hibernate.SQL                        : select u1_0.id,u1_0.created_at,u1_0.email,u1_0.full_name,u1_0.is_active,u1_0.is_locked,u1_0.password_hash,u1_0.role,u1_0.updated_at,u1_0.username from users u1_0 where u1_0.username=?
2026-02-27T09:41:50.832+01:00  INFO 23160 --- [readyroad-secure] [nio-8890-exec-7] c.r.r.config.RequestLoggingFilter        : ════════════════════════════════════════
2026-02-27T09:41:50.833+01:00  INFO 23160 --- [readyroad-secure] [nio-8890-exec-7] c.r.r.config.RequestLoggingFilter        : 🌐 INCOMING REQUEST
2026-02-27T09:41:50.833+01:00  INFO 23160 --- [readyroad-secure] [nio-8890-exec-7] c.r.r.config.RequestLoggingFilter        : ════════════════════════════════════════
2026-02-27T09:41:50.833+01:00  INFO 23160 --- [readyroad-secure] [nio-8890-exec-7] c.r.r.config.RequestLoggingFilter        : Method: GET
2026-02-27T09:41:50.834+01:00 DEBUG 23160 --- [readyroad-secure] [io-8890-exec-10] org.hibernate.SQL                        : select u1_0.id,u1_0.created_at,u1_0.email,u1_0.full_name,u1_0.is_active,u1_0.is_locked,u1_0.password_hash,u1_0.role,u1_0.updated_at,u1_0.username from users u1_0 where u1_0.username=?
2026-02-27T09:41:50.834+01:00  INFO 23160 --- [readyroad-secure] [nio-8890-exec-7] c.r.r.config.RequestLoggingFilter        : URI: /api/quiz/stats/category/2
2026-02-27T09:41:50.834+01:00  INFO 23160 --- [readyroad-secure] [nio-8890-exec-7] c.r.r.config.RequestLoggingFilter        : Remote Address: 0:0:0:0:0:0:0:1
2026-02-27T09:41:50.835+01:00  INFO 23160 --- [readyroad-secure] [nio-8890-exec-7] c.r.r.config.RequestLoggingFilter        : ----------------------------------------
2026-02-27T09:41:50.836+01:00  INFO 23160 --- [readyroad-secure] [nio-8890-exec-7] c.r.r.config.RequestLoggingFilter        : 📋 Request Headers:
2026-02-27T09:41:50.836+01:00  INFO 23160 --- [readyroad-secure] [nio-8890-exec-7] c.r.r.config.RequestLoggingFilter        :   host: localhost:8890
2026-02-27T09:41:50.837+01:00  INFO 23160 --- [readyroad-secure] [nio-8890-exec-7] c.r.r.config.RequestLoggingFilter        :   connection: keep-alive
2026-02-27T09:41:50.837+01:00  INFO 23160 --- [readyroad-secure] [nio-8890-exec-7] c.r.r.config.RequestLoggingFilter        :   Accept: application/json
2026-02-27T09:41:50.837+01:00  INFO 23160 --- [readyroad-secure] [nio-8890-exec-7] c.r.r.config.RequestLoggingFilter        :   Authorization: Bearer [TOKEN_HIDDEN]
2026-02-27T09:41:50.838+01:00  INFO 23160 --- [readyroad-secure] [nio-8890-exec-7] c.r.r.config.RequestLoggingFilter        :   accept-language: *
2026-02-27T09:41:50.838+01:00  INFO 23160 --- [readyroad-secure] [nio-8890-exec-7] c.r.r.config.RequestLoggingFilter        :   sec-fetch-mode: cors
2026-02-27T09:41:50.839+01:00  INFO 23160 --- [readyroad-secure] [nio-8890-exec-7] c.r.r.config.RequestLoggingFilter        :   user-agent: node
2026-02-27T09:41:50.839+01:00  INFO 23160 --- [readyroad-secure] [io-8890-exec-10] c.r.r.config.RequestLoggingFilter        : ════════════════════════════════════════
2026-02-27T09:41:50.839+01:00  INFO 23160 --- [readyroad-secure] [nio-8890-exec-7] c.r.r.config.RequestLoggingFilter        :   pragma: no-cache
2026-02-27T09:41:50.839+01:00  INFO 23160 --- [readyroad-secure] [io-8890-exec-10] c.r.r.config.RequestLoggingFilter        : 🌐 INCOMING REQUEST
2026-02-27T09:41:50.840+01:00  INFO 23160 --- [readyroad-secure] [nio-8890-exec-7] c.r.r.config.RequestLoggingFilter        :   cache-control: no-cache
2026-02-27T09:41:50.840+01:00  INFO 23160 --- [readyroad-secure] [io-8890-exec-10] c.r.r.config.RequestLoggingFilter        : ════════════════════════════════════════
2026-02-27T09:41:50.840+01:00  INFO 23160 --- [readyroad-secure] [nio-8890-exec-7] c.r.r.config.RequestLoggingFilter        :   accept-encoding: gzip, deflate
2026-02-27T09:41:50.841+01:00  INFO 23160 --- [readyroad-secure] [io-8890-exec-10] c.r.r.config.RequestLoggingFilter        : Method: GET
2026-02-27T09:41:50.841+01:00  INFO 23160 --- [readyroad-secure] [nio-8890-exec-7] c.r.r.config.RequestLoggingFilter        : ════════════════════════════════════════
2026-02-27T09:41:50.841+01:00  INFO 23160 --- [readyroad-secure] [io-8890-exec-10] c.r.r.config.RequestLoggingFilter        : URI: /api/quiz/stats/category/3
2026-02-27T09:41:50.842+01:00  INFO 23160 --- [readyroad-secure] [io-8890-exec-10] c.r.r.config.RequestLoggingFilter        : Remote Address: 0:0:0:0:0:0:0:1
2026-02-27T09:41:50.842+01:00  INFO 23160 --- [readyroad-secure] [io-8890-exec-10] c.r.r.config.RequestLoggingFilter        : ----------------------------------------
2026-02-27T09:41:50.842+01:00  INFO 23160 --- [readyroad-secure] [io-8890-exec-10] c.r.r.config.RequestLoggingFilter        : 📋 Request Headers:
2026-02-27T09:41:50.843+01:00  INFO 23160 --- [readyroad-secure] [io-8890-exec-10] c.r.r.config.RequestLoggingFilter        :   host: localhost:8890
2026-02-27T09:41:50.843+01:00  INFO 23160 --- [readyroad-secure] [io-8890-exec-10] c.r.r.config.RequestLoggingFilter        :   connection: keep-alive
2026-02-27T09:41:50.844+01:00  INFO 23160 --- [readyroad-secure] [io-8890-exec-10] c.r.r.config.RequestLoggingFilter        :   Accept: application/json
2026-02-27T09:41:50.845+01:00  INFO 23160 --- [readyroad-secure] [io-8890-exec-10] c.r.r.config.RequestLoggingFilter        :   Authorization: Bearer [TOKEN_HIDDEN]
2026-02-27T09:41:50.845+01:00  INFO 23160 --- [readyroad-secure] [io-8890-exec-10] c.r.r.config.RequestLoggingFilter        :   accept-language: *
2026-02-27T09:41:50.845+01:00  INFO 23160 --- [readyroad-secure] [io-8890-exec-10] c.r.r.config.RequestLoggingFilter        :   sec-fetch-mode: cors
2026-02-27T09:41:50.845+01:00 DEBUG 23160 --- [readyroad-secure] [nio-8890-exec-7] org.hibernate.SQL                        : select count(qq1_0.id) from quiz_questions qq1_0 where qq1_0.category_id=? and qq1_0.is_active=true and qq1_0.status=?
2026-02-27T09:41:50.846+01:00  INFO 23160 --- [readyroad-secure] [io-8890-exec-10] c.r.r.config.RequestLoggingFilter        :   user-agent: node
2026-02-27T09:41:50.846+01:00  INFO 23160 --- [readyroad-secure] [io-8890-exec-10] c.r.r.config.RequestLoggingFilter        :   pragma: no-cache
2026-02-27T09:41:50.846+01:00  INFO 23160 --- [readyroad-secure] [io-8890-exec-10] c.r.r.config.RequestLoggingFilter        :   cache-control: no-cache
2026-02-27T09:41:50.846+01:00  INFO 23160 --- [readyroad-secure] [io-8890-exec-10] c.r.r.config.RequestLoggingFilter        :   accept-encoding: gzip, deflate
2026-02-27T09:41:50.846+01:00  INFO 23160 --- [readyroad-secure] [io-8890-exec-10] c.r.r.config.RequestLoggingFilter        : ════════════════════════════════════════
2026-02-27T09:41:50.849+01:00 DEBUG 23160 --- [readyroad-secure] [io-8890-exec-10] org.hibernate.SQL                        : select count(qq1_0.id) from quiz_questions qq1_0 where qq1_0.category_id=? and qq1_0.is_active=true and qq1_0.status=?
2026-02-27T09:41:50.889+01:00 DEBUG 23160 --- [readyroad-secure] [nio-8890-exec-6] org.hibernate.SQL                        : select u1_0.id,u1_0.created_at,u1_0.email,u1_0.full_name,u1_0.is_active,u1_0.is_locked,u1_0.password_hash,u1_0.role,u1_0.updated_at,u1_0.username from users u1_0 where u1_0.username=?
2026-02-27T09:41:50.894+01:00  INFO 23160 --- [readyroad-secure] [nio-8890-exec-6] c.r.r.config.RequestLoggingFilter        : ════════════════════════════════════════
2026-02-27T09:41:50.895+01:00  INFO 23160 --- [readyroad-secure] [nio-8890-exec-6] c.r.r.config.RequestLoggingFilter        : 🌐 INCOMING REQUEST
2026-02-27T09:41:50.895+01:00  INFO 23160 --- [readyroad-secure] [nio-8890-exec-6] c.r.r.config.RequestLoggingFilter        : ════════════════════════════════════════
2026-02-27T09:41:50.895+01:00  INFO 23160 --- [readyroad-secure] [nio-8890-exec-6] c.r.r.config.RequestLoggingFilter        : Method: GET
2026-02-27T09:41:50.896+01:00  INFO 23160 --- [readyroad-secure] [nio-8890-exec-6] c.r.r.config.RequestLoggingFilter        : URI: /api/quiz/stats/category/4
2026-02-27T09:41:50.896+01:00  INFO 23160 --- [readyroad-secure] [nio-8890-exec-6] c.r.r.config.RequestLoggingFilter        : Remote Address: 0:0:0:0:0:0:0:1
2026-02-27T09:41:50.896+01:00  INFO 23160 --- [readyroad-secure] [nio-8890-exec-6] c.r.r.config.RequestLoggingFilter        : ----------------------------------------
2026-02-27T09:41:50.896+01:00  INFO 23160 --- [readyroad-secure] [nio-8890-exec-6] c.r.r.config.RequestLoggingFilter        : 📋 Request Headers:
2026-02-27T09:41:50.897+01:00  INFO 23160 --- [readyroad-secure] [nio-8890-exec-6] c.r.r.config.RequestLoggingFilter        :   host: localhost:8890
2026-02-27T09:41:50.897+01:00  INFO 23160 --- [readyroad-secure] [nio-8890-exec-6] c.r.r.config.RequestLoggingFilter        :   connection: keep-alive
2026-02-27T09:41:50.897+01:00  INFO 23160 --- [readyroad-secure] [nio-8890-exec-6] c.r.r.config.RequestLoggingFilter        :   Accept: application/json
2026-02-27T09:41:50.898+01:00  INFO 23160 --- [readyroad-secure] [nio-8890-exec-6] c.r.r.config.RequestLoggingFilter        :   Authorization: Bearer [TOKEN_HIDDEN]
2026-02-27T09:41:50.898+01:00  INFO 23160 --- [readyroad-secure] [nio-8890-exec-6] c.r.r.config.RequestLoggingFilter        :   accept-language: *
2026-02-27T09:41:50.899+01:00  INFO 23160 --- [readyroad-secure] [nio-8890-exec-6] c.r.r.config.RequestLoggingFilter        :   sec-fetch-mode: cors
2026-02-27T09:41:50.899+01:00  INFO 23160 --- [readyroad-secure] [nio-8890-exec-6] c.r.r.config.RequestLoggingFilter        :   user-agent: node
2026-02-27T09:41:50.900+01:00  INFO 23160 --- [readyroad-secure] [nio-8890-exec-6] c.r.r.config.RequestLoggingFilter        :   pragma: no-cache
2026-02-27T09:41:50.900+01:00  INFO 23160 --- [readyroad-secure] [nio-8890-exec-6] c.r.r.config.RequestLoggingFilter        :   cache-control: no-cache
2026-02-27T09:41:50.901+01:00  INFO 23160 --- [readyroad-secure] [nio-8890-exec-6] c.r.r.config.RequestLoggingFilter        :   accept-encoding: gzip, deflate
2026-02-27T09:41:50.901+01:00  INFO 23160 --- [readyroad-secure] [nio-8890-exec-6] c.r.r.config.RequestLoggingFilter        : ════════════════════════════════════════
2026-02-27T09:41:50.905+01:00 DEBUG 23160 --- [readyroad-secure] [nio-8890-exec-6] org.hibernate.SQL                        : select count(qq1_0.id) from quiz_questions qq1_0 where qq1_0.category_id=? and qq1_0.is_active=true and qq1_0.status=?
2026-02-27T09:41:50.947+01:00 DEBUG 23160 --- [readyroad-secure] [nio-8890-exec-4] org.hibernate.SQL                        : select u1_0.id,u1_0.created_at,u1_0.email,u1_0.full_name,u1_0.is_active,u1_0.is_locked,u1_0.password_hash,u1_0.role,u1_0.updated_at,u1_0.username from users u1_0 where u1_0.username=?
2026-02-27T09:41:50.948+01:00 DEBUG 23160 --- [readyroad-secure] [nio-8890-exec-5] org.hibernate.SQL                        : select u1_0.id,u1_0.created_at,u1_0.email,u1_0.full_name,u1_0.is_active,u1_0.is_locked,u1_0.password_hash,u1_0.role,u1_0.updated_at,u1_0.username from users u1_0 where u1_0.username=?
2026-02-27T09:41:50.952+01:00  INFO 23160 --- [readyroad-secure] [nio-8890-exec-4] c.r.r.config.RequestLoggingFilter        : ════════════════════════════════════════
2026-02-27T09:41:50.953+01:00  INFO 23160 --- [readyroad-secure] [nio-8890-exec-5] c.r.r.config.RequestLoggingFilter        : ════════════════════════════════════════
2026-02-27T09:41:50.953+01:00  INFO 23160 --- [readyroad-secure] [nio-8890-exec-4] c.r.r.config.RequestLoggingFilter        : 🌐 INCOMING REQUEST
2026-02-27T09:41:50.953+01:00  INFO 23160 --- [readyroad-secure] [nio-8890-exec-5] c.r.r.config.RequestLoggingFilter        : 🌐 INCOMING REQUEST
2026-02-27T09:41:50.953+01:00  INFO 23160 --- [readyroad-secure] [nio-8890-exec-4] c.r.r.config.RequestLoggingFilter        : ════════════════════════════════════════
2026-02-27T09:41:50.954+01:00  INFO 23160 --- [readyroad-secure] [nio-8890-exec-5] c.r.r.config.RequestLoggingFilter        : ════════════════════════════════════════
2026-02-27T09:41:50.955+01:00  INFO 23160 --- [readyroad-secure] [nio-8890-exec-4] c.r.r.config.RequestLoggingFilter        : Method: GET
2026-02-27T09:41:50.955+01:00  INFO 23160 --- [readyroad-secure] [nio-8890-exec-5] c.r.r.config.RequestLoggingFilter        : Method: GET
2026-02-27T09:41:50.955+01:00  INFO 23160 --- [readyroad-secure] [nio-8890-exec-4] c.r.r.config.RequestLoggingFilter        : URI: /api/quiz/stats/category/5
2026-02-27T09:41:50.955+01:00  INFO 23160 --- [readyroad-secure] [nio-8890-exec-5] c.r.r.config.RequestLoggingFilter        : URI: /api/quiz/stats/category/1
2026-02-27T09:41:50.956+01:00  INFO 23160 --- [readyroad-secure] [nio-8890-exec-4] c.r.r.config.RequestLoggingFilter        : Remote Address: 0:0:0:0:0:0:0:1
2026-02-27T09:41:50.956+01:00  INFO 23160 --- [readyroad-secure] [nio-8890-exec-5] c.r.r.config.RequestLoggingFilter        : Remote Address: 0:0:0:0:0:0:0:1
2026-02-27T09:41:50.956+01:00  INFO 23160 --- [readyroad-secure] [nio-8890-exec-5] c.r.r.config.RequestLoggingFilter        : ----------------------------------------
2026-02-27T09:41:50.956+01:00  INFO 23160 --- [readyroad-secure] [nio-8890-exec-4] c.r.r.config.RequestLoggingFilter        : ----------------------------------------
2026-02-27T09:41:50.957+01:00  INFO 23160 --- [readyroad-secure] [nio-8890-exec-5] c.r.r.config.RequestLoggingFilter        : 📋 Request Headers:
2026-02-27T09:41:50.957+01:00  INFO 23160 --- [readyroad-secure] [nio-8890-exec-4] c.r.r.config.RequestLoggingFilter        : 📋 Request Headers:
2026-02-27T09:41:50.958+01:00  INFO 23160 --- [readyroad-secure] [nio-8890-exec-4] c.r.r.config.RequestLoggingFilter        :   host: localhost:8890
2026-02-27T09:41:50.957+01:00  INFO 23160 --- [readyroad-secure] [nio-8890-exec-5] c.r.r.config.RequestLoggingFilter        :   host: localhost:8890
2026-02-27T09:41:50.958+01:00  INFO 23160 --- [readyroad-secure] [nio-8890-exec-4] c.r.r.config.RequestLoggingFilter        :   connection: keep-alive
2026-02-27T09:41:50.958+01:00  INFO 23160 --- [readyroad-secure] [nio-8890-exec-5] c.r.r.config.RequestLoggingFilter        :   connection: keep-alive
2026-02-27T09:41:50.959+01:00  INFO 23160 --- [readyroad-secure] [nio-8890-exec-4] c.r.r.config.RequestLoggingFilter        :   Accept: application/json
2026-02-27T09:41:50.959+01:00  INFO 23160 --- [readyroad-secure] [nio-8890-exec-5] c.r.r.config.RequestLoggingFilter        :   Accept: application/json
2026-02-27T09:41:50.959+01:00  INFO 23160 --- [readyroad-secure] [nio-8890-exec-4] c.r.r.config.RequestLoggingFilter        :   Authorization: Bearer [TOKEN_HIDDEN]
2026-02-27T09:41:50.959+01:00  INFO 23160 --- [readyroad-secure] [nio-8890-exec-5] c.r.r.config.RequestLoggingFilter        :   Authorization: Bearer [TOKEN_HIDDEN]
2026-02-27T09:41:50.960+01:00  INFO 23160 --- [readyroad-secure] [nio-8890-exec-4] c.r.r.config.RequestLoggingFilter        :   accept-language: *
2026-02-27T09:41:50.960+01:00  INFO 23160 --- [readyroad-secure] [nio-8890-exec-5] c.r.r.config.RequestLoggingFilter        :   accept-language: *
2026-02-27T09:41:50.960+01:00  INFO 23160 --- [readyroad-secure] [nio-8890-exec-4] c.r.r.config.RequestLoggingFilter        :   sec-fetch-mode: cors
2026-02-27T09:41:50.961+01:00  INFO 23160 --- [readyroad-secure] [nio-8890-exec-5] c.r.r.config.RequestLoggingFilter        :   sec-fetch-mode: cors
2026-02-27T09:41:50.961+01:00  INFO 23160 --- [readyroad-secure] [nio-8890-exec-4] c.r.r.config.RequestLoggingFilter        :   user-agent: node
2026-02-27T09:41:50.961+01:00  INFO 23160 --- [readyroad-secure] [nio-8890-exec-5] c.r.r.config.RequestLoggingFilter        :   user-agent: node
2026-02-27T09:41:50.961+01:00  INFO 23160 --- [readyroad-secure] [nio-8890-exec-4] c.r.r.config.RequestLoggingFilter        :   pragma: no-cache
2026-02-27T09:41:50.962+01:00  INFO 23160 --- [readyroad-secure] [nio-8890-exec-5] c.r.r.config.RequestLoggingFilter        :   pragma: no-cache
2026-02-27T09:41:50.962+01:00  INFO 23160 --- [readyroad-secure] [nio-8890-exec-4] c.r.r.config.RequestLoggingFilter        :   cache-control: no-cache
2026-02-27T09:41:50.962+01:00  INFO 23160 --- [readyroad-secure] [nio-8890-exec-5] c.r.r.config.RequestLoggingFilter        :   cache-control: no-cache
2026-02-27T09:41:50.963+01:00  INFO 23160 --- [readyroad-secure] [nio-8890-exec-4] c.r.r.config.RequestLoggingFilter        :   accept-encoding: gzip, deflate
2026-02-27T09:41:50.963+01:00  INFO 23160 --- [readyroad-secure] [nio-8890-exec-5] c.r.r.config.RequestLoggingFilter        :   accept-encoding: gzip, deflate
2026-02-27T09:41:50.963+01:00  INFO 23160 --- [readyroad-secure] [nio-8890-exec-4] c.r.r.config.RequestLoggingFilter        : ════════════════════════════════════════
2026-02-27T09:41:50.963+01:00  INFO 23160 --- [readyroad-secure] [nio-8890-exec-5] c.r.r.config.RequestLoggingFilter        : ════════════════════════════════════════
2026-02-27T09:41:50.967+01:00 DEBUG 23160 --- [readyroad-secure] [nio-8890-exec-4] org.hibernate.SQL                        : select count(qq1_0.id) from quiz_questions qq1_0 where qq1_0.category_id=? and qq1_0.is_active=true and qq1_0.status=?
2026-02-27T09:41:50.967+01:00 DEBUG 23160 --- [readyroad-secure] [nio-8890-exec-5] org.hibernate.SQL                        : select count(qq1_0.id) from quiz_questions qq1_0 where qq1_0.category_id=? and qq1_0.is_active=true and qq1_0.status=?
2026-02-27T09:41:51.156+01:00 DEBUG 23160 --- [readyroad-secure] [nio-8890-exec-8] org.hibernate.SQL                        : select u1_0.id,u1_0.created_at,u1_0.email,u1_0.full_name,u1_0.is_active,u1_0.is_locked,u1_0.password_hash,u1_0.role,u1_0.updated_at,u1_0.username from users u1_0 where u1_0.username=?
2026-02-27T09:41:51.160+01:00  INFO 23160 --- [readyroad-secure] [nio-8890-exec-8] c.r.r.config.RequestLoggingFilter        : ════════════════════════════════════════
2026-02-27T09:41:51.161+01:00  INFO 23160 --- [readyroad-secure] [nio-8890-exec-8] c.r.r.config.RequestLoggingFilter        : 🌐 INCOMING REQUEST
2026-02-27T09:41:51.162+01:00  INFO 23160 --- [readyroad-secure] [nio-8890-exec-8] c.r.r.config.RequestLoggingFilter        : ════════════════════════════════════════
2026-02-27T09:41:51.162+01:00  INFO 23160 --- [readyroad-secure] [nio-8890-exec-8] c.r.r.config.RequestLoggingFilter        : Method: GET
2026-02-27T09:41:51.162+01:00  INFO 23160 --- [readyroad-secure] [nio-8890-exec-8] c.r.r.config.RequestLoggingFilter        : URI: /api/quiz/stats/category/6
2026-02-27T09:41:51.163+01:00  INFO 23160 --- [readyroad-secure] [nio-8890-exec-8] c.r.r.config.RequestLoggingFilter        : Remote Address: 0:0:0:0:0:0:0:1
2026-02-27T09:41:51.163+01:00  INFO 23160 --- [readyroad-secure] [nio-8890-exec-8] c.r.r.config.RequestLoggingFilter        : ----------------------------------------
2026-02-27T09:41:51.163+01:00  INFO 23160 --- [readyroad-secure] [nio-8890-exec-8] c.r.r.config.RequestLoggingFilter        : 📋 Request Headers:
2026-02-27T09:41:51.163+01:00  INFO 23160 --- [readyroad-secure] [nio-8890-exec-8] c.r.r.config.RequestLoggingFilter        :   host: localhost:8890
2026-02-27T09:41:51.163+01:00  INFO 23160 --- [readyroad-secure] [nio-8890-exec-8] c.r.r.config.RequestLoggingFilter        :   connection: keep-alive
2026-02-27T09:41:51.165+01:00  INFO 23160 --- [readyroad-secure] [nio-8890-exec-8] c.r.r.config.RequestLoggingFilter        :   Accept: application/json
2026-02-27T09:41:51.165+01:00  INFO 23160 --- [readyroad-secure] [nio-8890-exec-8] c.r.r.config.RequestLoggingFilter        :   Authorization: Bearer [TOKEN_HIDDEN]
2026-02-27T09:41:51.165+01:00  INFO 23160 --- [readyroad-secure] [nio-8890-exec-8] c.r.r.config.RequestLoggingFilter        :   accept-language: *
2026-02-27T09:41:51.166+01:00  INFO 23160 --- [readyroad-secure] [nio-8890-exec-8] c.r.r.config.RequestLoggingFilter        :   sec-fetch-mode: cors
2026-02-27T09:41:51.166+01:00  INFO 23160 --- [readyroad-secure] [nio-8890-exec-8] c.r.r.config.RequestLoggingFilter        :   user-agent: node
2026-02-27T09:41:51.166+01:00  INFO 23160 --- [readyroad-secure] [nio-8890-exec-8] c.r.r.config.RequestLoggingFilter        :   pragma: no-cache
2026-02-27T09:41:51.167+01:00  INFO 23160 --- [readyroad-secure] [nio-8890-exec-8] c.r.r.config.RequestLoggingFilter        :   cache-control: no-cache
2026-02-27T09:41:51.167+01:00  INFO 23160 --- [readyroad-secure] [nio-8890-exec-8] c.r.r.config.RequestLoggingFilter        :   accept-encoding: gzip, deflate
2026-02-27T09:41:51.167+01:00  INFO 23160 --- [readyroad-secure] [nio-8890-exec-8] c.r.r.config.RequestLoggingFilter        : ════════════════════════════════════════
2026-02-27T09:41:51.171+01:00 DEBUG 23160 --- [readyroad-secure] [nio-8890-exec-8] org.hibernate.SQL                        : select count(qq1_0.id) from quiz_questions qq1_0 where qq1_0.category_id=? and qq1_0.is_active=true and qq1_0.status=?
2026-02-27T09:41:51.173+01:00 DEBUG 23160 --- [readyroad-secure] [nio-8890-exec-1] org.hibernate.SQL                        : select u1_0.id,u1_0.created_at,u1_0.email,u1_0.full_name,u1_0.is_active,u1_0.is_locked,u1_0.password_hash,u1_0.role,u1_0.updated_at,u1_0.username from users u1_0 where u1_0.username=?
2026-02-27T09:41:51.178+01:00  INFO 23160 --- [readyroad-secure] [nio-8890-exec-1] c.r.r.config.RequestLoggingFilter        : ════════════════════════════════════════
2026-02-27T09:41:51.178+01:00  INFO 23160 --- [readyroad-secure] [nio-8890-exec-1] c.r.r.config.RequestLoggingFilter        : 🌐 INCOMING REQUEST
2026-02-27T09:41:51.178+01:00  INFO 23160 --- [readyroad-secure] [nio-8890-exec-1] c.r.r.config.RequestLoggingFilter        : ════════════════════════════════════════
2026-02-27T09:41:51.179+01:00  INFO 23160 --- [readyroad-secure] [nio-8890-exec-1] c.r.r.config.RequestLoggingFilter        : Method: GET
2026-02-27T09:41:51.179+01:00  INFO 23160 --- [readyroad-secure] [nio-8890-exec-1] c.r.r.config.RequestLoggingFilter        : URI: /api/quiz/stats/category/7
2026-02-27T09:41:51.179+01:00  INFO 23160 --- [readyroad-secure] [nio-8890-exec-1] c.r.r.config.RequestLoggingFilter        : Remote Address: 0:0:0:0:0:0:0:1
2026-02-27T09:41:51.180+01:00  INFO 23160 --- [readyroad-secure] [nio-8890-exec-1] c.r.r.config.RequestLoggingFilter        : ----------------------------------------
2026-02-27T09:41:51.180+01:00  INFO 23160 --- [readyroad-secure] [nio-8890-exec-1] c.r.r.config.RequestLoggingFilter        : 📋 Request Headers:
2026-02-27T09:41:51.180+01:00  INFO 23160 --- [readyroad-secure] [nio-8890-exec-1] c.r.r.config.RequestLoggingFilter        :   host: localhost:8890
2026-02-27T09:41:51.181+01:00  INFO 23160 --- [readyroad-secure] [nio-8890-exec-1] c.r.r.config.RequestLoggingFilter        :   connection: keep-alive
2026-02-27T09:41:51.181+01:00  INFO 23160 --- [readyroad-secure] [nio-8890-exec-1] c.r.r.config.RequestLoggingFilter        :   Accept: application/json
2026-02-27T09:41:51.181+01:00  INFO 23160 --- [readyroad-secure] [nio-8890-exec-1] c.r.r.config.RequestLoggingFilter        :   Authorization: Bearer [TOKEN_HIDDEN]
2026-02-27T09:41:51.182+01:00  INFO 23160 --- [readyroad-secure] [nio-8890-exec-1] c.r.r.config.RequestLoggingFilter        :   accept-language: *
2026-02-27T09:41:51.182+01:00  INFO 23160 --- [readyroad-secure] [nio-8890-exec-1] c.r.r.config.RequestLoggingFilter        :   sec-fetch-mode: cors
2026-02-27T09:41:51.183+01:00  INFO 23160 --- [readyroad-secure] [nio-8890-exec-1] c.r.r.config.RequestLoggingFilter        :   user-agent: node
2026-02-27T09:41:51.183+01:00  INFO 23160 --- [readyroad-secure] [nio-8890-exec-1] c.r.r.config.RequestLoggingFilter        :   pragma: no-cache
2026-02-27T09:41:51.183+01:00  INFO 23160 --- [readyroad-secure] [nio-8890-exec-1] c.r.r.config.RequestLoggingFilter        :   cache-control: no-cache
2026-02-27T09:41:51.184+01:00 DEBUG 23160 --- [readyroad-secure] [nio-8890-exec-2] org.hibernate.SQL                        : select u1_0.id,u1_0.created_at,u1_0.email,u1_0.full_name,u1_0.is_active,u1_0.is_locked,u1_0.password_hash,u1_0.role,u1_0.updated_at,u1_0.username from users u1_0 where u1_0.username=?
2026-02-27T09:41:51.184+01:00  INFO 23160 --- [readyroad-secure] [nio-8890-exec-1] c.r.r.config.RequestLoggingFilter        :   accept-encoding: gzip, deflate
2026-02-27T09:41:51.185+01:00  INFO 23160 --- [readyroad-secure] [nio-8890-exec-1] c.r.r.config.RequestLoggingFilter        : ════════════════════════════════════════
2026-02-27T09:41:51.188+01:00  INFO 23160 --- [readyroad-secure] [nio-8890-exec-2] c.r.r.config.RequestLoggingFilter        : ════════════════════════════════════════
2026-02-27T09:41:51.189+01:00  INFO 23160 --- [readyroad-secure] [nio-8890-exec-2] c.r.r.config.RequestLoggingFilter        : 🌐 INCOMING REQUEST
2026-02-27T09:41:51.189+01:00  INFO 23160 --- [readyroad-secure] [nio-8890-exec-2] c.r.r.config.RequestLoggingFilter        : ════════════════════════════════════════
2026-02-27T09:41:51.189+01:00  INFO 23160 --- [readyroad-secure] [nio-8890-exec-2] c.r.r.config.RequestLoggingFilter        : Method: GET
2026-02-27T09:41:51.190+01:00 DEBUG 23160 --- [readyroad-secure] [nio-8890-exec-1] org.hibernate.SQL                        : select count(qq1_0.id) from quiz_questions qq1_0 where qq1_0.category_id=? and qq1_0.is_active=true and qq1_0.status=?
2026-02-27T09:41:51.190+01:00  INFO 23160 --- [readyroad-secure] [nio-8890-exec-2] c.r.r.config.RequestLoggingFilter        : URI: /api/quiz/stats/category/8
2026-02-27T09:41:51.190+01:00  INFO 23160 --- [readyroad-secure] [nio-8890-exec-2] c.r.r.config.RequestLoggingFilter        : Remote Address: 0:0:0:0:0:0:0:1
2026-02-27T09:41:51.191+01:00  INFO 23160 --- [readyroad-secure] [nio-8890-exec-2] c.r.r.config.RequestLoggingFilter        : ----------------------------------------
2026-02-27T09:41:51.191+01:00  INFO 23160 --- [readyroad-secure] [nio-8890-exec-2] c.r.r.config.RequestLoggingFilter        : 📋 Request Headers:
2026-02-27T09:41:51.191+01:00  INFO 23160 --- [readyroad-secure] [nio-8890-exec-2] c.r.r.config.RequestLoggingFilter        :   host: localhost:8890
2026-02-27T09:41:51.192+01:00  INFO 23160 --- [readyroad-secure] [nio-8890-exec-2] c.r.r.config.RequestLoggingFilter        :   connection: keep-alive
2026-02-27T09:41:51.192+01:00  INFO 23160 --- [readyroad-secure] [nio-8890-exec-2] c.r.r.config.RequestLoggingFilter        :   Accept: application/json
2026-02-27T09:41:51.193+01:00  INFO 23160 --- [readyroad-secure] [nio-8890-exec-2] c.r.r.config.RequestLoggingFilter        :   Authorization: Bearer [TOKEN_HIDDEN]
2026-02-27T09:41:51.193+01:00  INFO 23160 --- [readyroad-secure] [nio-8890-exec-2] c.r.r.config.RequestLoggingFilter        :   accept-language: *
2026-02-27T09:41:51.193+01:00  INFO 23160 --- [readyroad-secure] [nio-8890-exec-2] c.r.r.config.RequestLoggingFilter        :   sec-fetch-mode: cors
2026-02-27T09:41:51.194+01:00  INFO 23160 --- [readyroad-secure] [nio-8890-exec-2] c.r.r.config.RequestLoggingFilter        :   user-agent: node
2026-02-27T09:41:51.194+01:00  INFO 23160 --- [readyroad-secure] [nio-8890-exec-2] c.r.r.config.RequestLoggingFilter        :   pragma: no-cache
2026-02-27T09:41:51.194+01:00  INFO 23160 --- [readyroad-secure] [nio-8890-exec-2] c.r.r.config.RequestLoggingFilter        :   cache-control: no-cache
2026-02-27T09:41:51.195+01:00  INFO 23160 --- [readyroad-secure] [nio-8890-exec-2] c.r.r.config.RequestLoggingFilter        :   accept-encoding: gzip, deflate
2026-02-27T09:41:51.195+01:00  INFO 23160 --- [readyroad-secure] [nio-8890-exec-2] c.r.r.config.RequestLoggingFilter        : ════════════════════════════════════════
2026-02-27T09:41:51.199+01:00 DEBUG 23160 --- [readyroad-secure] [nio-8890-exec-2] org.hibernate.SQL                        : select count(qq1_0.id) from quiz_questions qq1_0 where qq1_0.category_id=? and qq1_0.is_active=true and qq1_0.status=?
2026-02-27T09:41:51.235+01:00 DEBUG 23160 --- [readyroad-secure] [nio-8890-exec-3] org.hibernate.SQL                        : select u1_0.id,u1_0.created_at,u1_0.email,u1_0.full_name,u1_0.is_active,u1_0.is_locked,u1_0.password_hash,u1_0.role,u1_0.updated_at,u1_0.username from users u1_0 where u1_0.username=?
2026-02-27T09:41:51.236+01:00 DEBUG 23160 --- [readyroad-secure] [nio-8890-exec-9] org.hibernate.SQL                        : select u1_0.id,u1_0.created_at,u1_0.email,u1_0.full_name,u1_0.is_active,u1_0.is_locked,u1_0.password_hash,u1_0.role,u1_0.updated_at,u1_0.username from users u1_0 where u1_0.username=?
2026-02-27T09:41:51.240+01:00  INFO 23160 --- [readyroad-secure] [nio-8890-exec-9] c.r.r.config.RequestLoggingFilter        : ════════════════════════════════════════
2026-02-27T09:41:51.240+01:00  INFO 23160 --- [readyroad-secure] [nio-8890-exec-3] c.r.r.config.RequestLoggingFilter        : ════════════════════════════════════════
2026-02-27T09:41:51.240+01:00  INFO 23160 --- [readyroad-secure] [nio-8890-exec-9] c.r.r.config.RequestLoggingFilter        : 🌐 INCOMING REQUEST
2026-02-27T09:41:51.241+01:00  INFO 23160 --- [readyroad-secure] [nio-8890-exec-3] c.r.r.config.RequestLoggingFilter        : 🌐 INCOMING REQUEST
2026-02-27T09:41:51.242+01:00  INFO 23160 --- [readyroad-secure] [nio-8890-exec-9] c.r.r.config.RequestLoggingFilter        : ════════════════════════════════════════
2026-02-27T09:41:51.242+01:00  INFO 23160 --- [readyroad-secure] [nio-8890-exec-3] c.r.r.config.RequestLoggingFilter        : ════════════════════════════════════════
2026-02-27T09:41:51.242+01:00  INFO 23160 --- [readyroad-secure] [nio-8890-exec-9] c.r.r.config.RequestLoggingFilter        : Method: GET
2026-02-27T09:41:51.242+01:00  INFO 23160 --- [readyroad-secure] [nio-8890-exec-3] c.r.r.config.RequestLoggingFilter        : Method: GET
2026-02-27T09:41:51.242+01:00  INFO 23160 --- [readyroad-secure] [nio-8890-exec-9] c.r.r.config.RequestLoggingFilter        : URI: /api/quiz/stats/category/17
2026-02-27T09:41:51.243+01:00  INFO 23160 --- [readyroad-secure] [nio-8890-exec-3] c.r.r.config.RequestLoggingFilter        : URI: /api/quiz/stats/category/9
2026-02-27T09:41:51.244+01:00  INFO 23160 --- [readyroad-secure] [nio-8890-exec-9] c.r.r.config.RequestLoggingFilter        : Remote Address: 0:0:0:0:0:0:0:1
2026-02-27T09:41:51.244+01:00  INFO 23160 --- [readyroad-secure] [nio-8890-exec-3] c.r.r.config.RequestLoggingFilter        : Remote Address: 0:0:0:0:0:0:0:1
2026-02-27T09:41:51.244+01:00  INFO 23160 --- [readyroad-secure] [nio-8890-exec-9] c.r.r.config.RequestLoggingFilter        : ----------------------------------------
2026-02-27T09:41:51.244+01:00  INFO 23160 --- [readyroad-secure] [nio-8890-exec-3] c.r.r.config.RequestLoggingFilter        : ----------------------------------------
2026-02-27T09:41:51.244+01:00  INFO 23160 --- [readyroad-secure] [nio-8890-exec-9] c.r.r.config.RequestLoggingFilter        : 📋 Request Headers:
2026-02-27T09:41:51.245+01:00  INFO 23160 --- [readyroad-secure] [nio-8890-exec-3] c.r.r.config.RequestLoggingFilter        : 📋 Request Headers:
2026-02-27T09:41:51.246+01:00  INFO 23160 --- [readyroad-secure] [nio-8890-exec-9] c.r.r.config.RequestLoggingFilter        :   host: localhost:8890
2026-02-27T09:41:51.246+01:00  INFO 23160 --- [readyroad-secure] [nio-8890-exec-3] c.r.r.config.RequestLoggingFilter        :   host: localhost:8890
2026-02-27T09:41:51.246+01:00  INFO 23160 --- [readyroad-secure] [nio-8890-exec-9] c.r.r.config.RequestLoggingFilter        :   connection: keep-alive
2026-02-27T09:41:51.246+01:00  INFO 23160 --- [readyroad-secure] [nio-8890-exec-3] c.r.r.config.RequestLoggingFilter        :   connection: keep-alive
2026-02-27T09:41:51.246+01:00  INFO 23160 --- [readyroad-secure] [nio-8890-exec-9] c.r.r.config.RequestLoggingFilter        :   Accept: application/json
2026-02-27T09:41:51.247+01:00  INFO 23160 --- [readyroad-secure] [nio-8890-exec-3] c.r.r.config.RequestLoggingFilter        :   Accept: application/json
2026-02-27T09:41:51.247+01:00  INFO 23160 --- [readyroad-secure] [nio-8890-exec-9] c.r.r.config.RequestLoggingFilter        :   Authorization: Bearer [TOKEN_HIDDEN]
2026-02-27T09:41:51.247+01:00  INFO 23160 --- [readyroad-secure] [nio-8890-exec-3] c.r.r.config.RequestLoggingFilter        :   Authorization: Bearer [TOKEN_HIDDEN]
2026-02-27T09:41:51.247+01:00  INFO 23160 --- [readyroad-secure] [nio-8890-exec-9] c.r.r.config.RequestLoggingFilter        :   accept-language: *
2026-02-27T09:41:51.248+01:00  INFO 23160 --- [readyroad-secure] [nio-8890-exec-9] c.r.r.config.RequestLoggingFilter        :   sec-fetch-mode: cors
2026-02-27T09:41:51.248+01:00  INFO 23160 --- [readyroad-secure] [nio-8890-exec-3] c.r.r.config.RequestLoggingFilter        :   accept-language: *
2026-02-27T09:41:51.248+01:00  INFO 23160 --- [readyroad-secure] [nio-8890-exec-9] c.r.r.config.RequestLoggingFilter        :   user-agent: node
2026-02-27T09:41:51.249+01:00  INFO 23160 --- [readyroad-secure] [nio-8890-exec-3] c.r.r.config.RequestLoggingFilter        :   sec-fetch-mode: cors
2026-02-27T09:41:51.249+01:00  INFO 23160 --- [readyroad-secure] [nio-8890-exec-9] c.r.r.config.RequestLoggingFilter        :   pragma: no-cache
2026-02-27T09:41:51.250+01:00  INFO 23160 --- [readyroad-secure] [nio-8890-exec-3] c.r.r.config.RequestLoggingFilter        :   user-agent: node
2026-02-27T09:41:51.251+01:00  INFO 23160 --- [readyroad-secure] [nio-8890-exec-9] c.r.r.config.RequestLoggingFilter        :   cache-control: no-cache
2026-02-27T09:41:51.251+01:00  INFO 23160 --- [readyroad-secure] [nio-8890-exec-3] c.r.r.config.RequestLoggingFilter        :   pragma: no-cache
2026-02-27T09:41:51.251+01:00  INFO 23160 --- [readyroad-secure] [nio-8890-exec-9] c.r.r.config.RequestLoggingFilter        :   accept-encoding: gzip, deflate
2026-02-27T09:41:51.251+01:00  INFO 23160 --- [readyroad-secure] [nio-8890-exec-3] c.r.r.config.RequestLoggingFilter        :   cache-control: no-cache
2026-02-27T09:41:51.252+01:00  INFO 23160 --- [readyroad-secure] [nio-8890-exec-9] c.r.r.config.RequestLoggingFilter        : ════════════════════════════════════════
2026-02-27T09:41:51.252+01:00  INFO 23160 --- [readyroad-secure] [nio-8890-exec-3] c.r.r.config.RequestLoggingFilter        :   accept-encoding: gzip, deflate
2026-02-27T09:41:51.252+01:00  INFO 23160 --- [readyroad-secure] [nio-8890-exec-3] c.r.r.config.RequestLoggingFilter        : ════════════════════════════════════════
2026-02-27T09:41:51.255+01:00 DEBUG 23160 --- [readyroad-secure] [nio-8890-exec-9] org.hibernate.SQL                        : select count(qq1_0.id) from quiz_questions qq1_0 where qq1_0.category_id=? and qq1_0.is_active=true and qq1_0.status=?
2026-02-27T09:41:51.255+01:00 DEBUG 23160 --- [readyroad-secure] [nio-8890-exec-3] org.hibernate.SQL                        : select count(qq1_0.id) from quiz_questions qq1_0 where qq1_0.category_id=? and qq1_0.is_active=true and qq1_0.status=?
2026-02-27T09:41:59.903+01:00 DEBUG 23160 --- [readyroad-secure] [nio-8890-exec-7] org.hibernate.SQL                        : select u1_0.id,u1_0.created_at,u1_0.email,u1_0.full_name,u1_0.is_active,u1_0.is_locked,u1_0.password_hash,u1_0.role,u1_0.updated_at,u1_0.username from users u1_0 where u1_0.username=?
2026-02-27T09:41:59.910+01:00  INFO 23160 --- [readyroad-secure] [nio-8890-exec-7] c.r.r.config.RequestLoggingFilter        : ════════════════════════════════════════
2026-02-27T09:41:59.910+01:00  INFO 23160 --- [readyroad-secure] [nio-8890-exec-7] c.r.r.config.RequestLoggingFilter        : 🌐 INCOMING REQUEST
2026-02-27T09:41:59.911+01:00  INFO 23160 --- [readyroad-secure] [nio-8890-exec-7] c.r.r.config.RequestLoggingFilter        : ════════════════════════════════════════
2026-02-27T09:41:59.911+01:00  INFO 23160 --- [readyroad-secure] [nio-8890-exec-7] c.r.r.config.RequestLoggingFilter        : Method: GET
2026-02-27T09:41:59.912+01:00  INFO 23160 --- [readyroad-secure] [nio-8890-exec-7] c.r.r.config.RequestLoggingFilter        : URI: /api/categories/A
2026-02-27T09:41:59.912+01:00  INFO 23160 --- [readyroad-secure] [nio-8890-exec-7] c.r.r.config.RequestLoggingFilter        : Remote Address: 0:0:0:0:0:0:0:1
2026-02-27T09:41:59.912+01:00  INFO 23160 --- [readyroad-secure] [nio-8890-exec-7] c.r.r.config.RequestLoggingFilter        : ----------------------------------------
2026-02-27T09:41:59.913+01:00  INFO 23160 --- [readyroad-secure] [nio-8890-exec-7] c.r.r.config.RequestLoggingFilter        : 📋 Request Headers:
2026-02-27T09:41:59.913+01:00  INFO 23160 --- [readyroad-secure] [nio-8890-exec-7] c.r.r.config.RequestLoggingFilter        :   host: localhost:8890
2026-02-27T09:41:59.914+01:00  INFO 23160 --- [readyroad-secure] [nio-8890-exec-7] c.r.r.config.RequestLoggingFilter        :   connection: keep-alive
2026-02-27T09:41:59.914+01:00  INFO 23160 --- [readyroad-secure] [nio-8890-exec-7] c.r.r.config.RequestLoggingFilter        :   Accept: application/json
2026-02-27T09:41:59.915+01:00  INFO 23160 --- [readyroad-secure] [nio-8890-exec-7] c.r.r.config.RequestLoggingFilter        :   Authorization: Bearer [TOKEN_HIDDEN]
2026-02-27T09:41:59.915+01:00  INFO 23160 --- [readyroad-secure] [nio-8890-exec-7] c.r.r.config.RequestLoggingFilter        :   accept-language: *
2026-02-27T09:41:59.915+01:00  INFO 23160 --- [readyroad-secure] [nio-8890-exec-7] c.r.r.config.RequestLoggingFilter        :   sec-fetch-mode: cors
2026-02-27T09:41:59.916+01:00  INFO 23160 --- [readyroad-secure] [nio-8890-exec-7] c.r.r.config.RequestLoggingFilter        :   user-agent: node
2026-02-27T09:41:59.917+01:00  INFO 23160 --- [readyroad-secure] [nio-8890-exec-7] c.r.r.config.RequestLoggingFilter        :   pragma: no-cache
2026-02-27T09:41:59.917+01:00  INFO 23160 --- [readyroad-secure] [nio-8890-exec-7] c.r.r.config.RequestLoggingFilter        :   cache-control: no-cache
2026-02-27T09:41:59.918+01:00  INFO 23160 --- [readyroad-secure] [nio-8890-exec-7] c.r.r.config.RequestLoggingFilter        :   accept-encoding: gzip, deflate
2026-02-27T09:41:59.918+01:00  INFO 23160 --- [readyroad-secure] [nio-8890-exec-7] c.r.r.config.RequestLoggingFilter        : ════════════════════════════════════════
2026-02-27T09:41:59.932+01:00 DEBUG 23160 --- [readyroad-secure] [nio-8890-exec-7] org.hibernate.SQL                        : select c1_0.id,c1_0.code,c1_0.created_at,c1_0.description_ar,c1_0.description_en,c1_0.description_fr,c1_0.description_nl,c1_0.display_order,c1_0.is_active,c1_0.name_ar,c1_0.name_en,c1_0.name_fr,c1_0.name_nl,c1_0.updated_at from categories c1_0 where c1_0.code=?
2026-02-27T09:42:00.272+01:00 DEBUG 23160 --- [readyroad-secure] [io-8890-exec-10] org.hibernate.SQL                        : select u1_0.id,u1_0.created_at,u1_0.email,u1_0.full_name,u1_0.is_active,u1_0.is_locked,u1_0.password_hash,u1_0.role,u1_0.updated_at,u1_0.username from users u1_0 where u1_0.username=?
2026-02-27T09:42:00.278+01:00  INFO 23160 --- [readyroad-secure] [io-8890-exec-10] c.r.r.config.RequestLoggingFilter        : ════════════════════════════════════════
2026-02-27T09:42:00.279+01:00  INFO 23160 --- [readyroad-secure] [io-8890-exec-10] c.r.r.config.RequestLoggingFilter        : 🌐 INCOMING REQUEST
2026-02-27T09:42:00.279+01:00  INFO 23160 --- [readyroad-secure] [io-8890-exec-10] c.r.r.config.RequestLoggingFilter        : ════════════════════════════════════════
2026-02-27T09:42:00.280+01:00  INFO 23160 --- [readyroad-secure] [io-8890-exec-10] c.r.r.config.RequestLoggingFilter        : Method: GET
2026-02-27T09:42:00.280+01:00  INFO 23160 --- [readyroad-secure] [io-8890-exec-10] c.r.r.config.RequestLoggingFilter        : URI: /api/categories/A
2026-02-27T09:42:00.280+01:00  INFO 23160 --- [readyroad-secure] [io-8890-exec-10] c.r.r.config.RequestLoggingFilter        : Remote Address: 0:0:0:0:0:0:0:1
2026-02-27T09:42:00.281+01:00  INFO 23160 --- [readyroad-secure] [io-8890-exec-10] c.r.r.config.RequestLoggingFilter        : ----------------------------------------
2026-02-27T09:42:00.281+01:00  INFO 23160 --- [readyroad-secure] [io-8890-exec-10] c.r.r.config.RequestLoggingFilter        : 📋 Request Headers:
2026-02-27T09:42:00.282+01:00  INFO 23160 --- [readyroad-secure] [io-8890-exec-10] c.r.r.config.RequestLoggingFilter        :   host: localhost:8890
2026-02-27T09:42:00.282+01:00  INFO 23160 --- [readyroad-secure] [io-8890-exec-10] c.r.r.config.RequestLoggingFilter        :   connection: keep-alive
2026-02-27T09:42:00.283+01:00  INFO 23160 --- [readyroad-secure] [io-8890-exec-10] c.r.r.config.RequestLoggingFilter        :   Accept: application/json
2026-02-27T09:42:00.283+01:00  INFO 23160 --- [readyroad-secure] [io-8890-exec-10] c.r.r.config.RequestLoggingFilter        :   Authorization: Bearer [TOKEN_HIDDEN]
2026-02-27T09:42:00.284+01:00  INFO 23160 --- [readyroad-secure] [io-8890-exec-10] c.r.r.config.RequestLoggingFilter        :   accept-language: *
2026-02-27T09:42:00.284+01:00  INFO 23160 --- [readyroad-secure] [io-8890-exec-10] c.r.r.config.RequestLoggingFilter        :   sec-fetch-mode: cors
2026-02-27T09:42:00.284+01:00  INFO 23160 --- [readyroad-secure] [io-8890-exec-10] c.r.r.config.RequestLoggingFilter        :   user-agent: node
2026-02-27T09:42:00.285+01:00  INFO 23160 --- [readyroad-secure] [io-8890-exec-10] c.r.r.config.RequestLoggingFilter        :   pragma: no-cache
2026-02-27T09:42:00.285+01:00  INFO 23160 --- [readyroad-secure] [io-8890-exec-10] c.r.r.config.RequestLoggingFilter        :   cache-control: no-cache
2026-02-27T09:42:00.285+01:00  INFO 23160 --- [readyroad-secure] [io-8890-exec-10] c.r.r.config.RequestLoggingFilter        :   accept-encoding: gzip, deflate
2026-02-27T09:42:00.286+01:00  INFO 23160 --- [readyroad-secure] [io-8890-exec-10] c.r.r.config.RequestLoggingFilter        : ════════════════════════════════════════
2026-02-27T09:42:00.290+01:00 DEBUG 23160 --- [readyroad-secure] [io-8890-exec-10] org.hibernate.SQL                        : select c1_0.id,c1_0.code,c1_0.created_at,c1_0.description_ar,c1_0.description_en,c1_0.description_fr,c1_0.description_nl,c1_0.display_order,c1_0.is_active,c1_0.name_ar,c1_0.name_en,c1_0.name_fr,c1_0.name_nl,c1_0.updated_at from categories c1_0 where c1_0.code=?
2026-02-27T09:42:00.485+01:00 DEBUG 23160 --- [readyroad-secure] [nio-8890-exec-6] org.hibernate.SQL                        : select u1_0.id,u1_0.created_at,u1_0.email,u1_0.full_name,u1_0.is_active,u1_0.is_locked,u1_0.password_hash,u1_0.role,u1_0.updated_at,u1_0.username from users u1_0 where u1_0.username=?
2026-02-27T09:42:00.493+01:00  INFO 23160 --- [readyroad-secure] [nio-8890-exec-6] c.r.r.config.RequestLoggingFilter        : ════════════════════════════════════════
2026-02-27T09:42:00.494+01:00  INFO 23160 --- [readyroad-secure] [nio-8890-exec-6] c.r.r.config.RequestLoggingFilter        : 🌐 INCOMING REQUEST
2026-02-27T09:42:00.494+01:00  INFO 23160 --- [readyroad-secure] [nio-8890-exec-6] c.r.r.config.RequestLoggingFilter        : ════════════════════════════════════════
2026-02-27T09:42:00.494+01:00  INFO 23160 --- [readyroad-secure] [nio-8890-exec-6] c.r.r.config.RequestLoggingFilter        : Method: GET
2026-02-27T09:42:00.495+01:00  INFO 23160 --- [readyroad-secure] [nio-8890-exec-6] c.r.r.config.RequestLoggingFilter        : URI: /api/smart-quiz/category/1
2026-02-27T09:42:00.495+01:00  INFO 23160 --- [readyroad-secure] [nio-8890-exec-6] c.r.r.config.RequestLoggingFilter        : Query: count=20
2026-02-27T09:42:00.495+01:00  INFO 23160 --- [readyroad-secure] [nio-8890-exec-6] c.r.r.config.RequestLoggingFilter        : Remote Address: 0:0:0:0:0:0:0:1
2026-02-27T09:42:00.496+01:00  INFO 23160 --- [readyroad-secure] [nio-8890-exec-6] c.r.r.config.RequestLoggingFilter        : ----------------------------------------
2026-02-27T09:42:00.496+01:00  INFO 23160 --- [readyroad-secure] [nio-8890-exec-6] c.r.r.config.RequestLoggingFilter        : 📋 Request Headers:
2026-02-27T09:42:00.497+01:00  INFO 23160 --- [readyroad-secure] [nio-8890-exec-6] c.r.r.config.RequestLoggingFilter        :   host: localhost:8890
2026-02-27T09:42:00.497+01:00  INFO 23160 --- [readyroad-secure] [nio-8890-exec-6] c.r.r.config.RequestLoggingFilter        :   connection: keep-alive
2026-02-27T09:42:00.497+01:00  INFO 23160 --- [readyroad-secure] [nio-8890-exec-6] c.r.r.config.RequestLoggingFilter        :   Accept: application/json
2026-02-27T09:42:00.498+01:00  INFO 23160 --- [readyroad-secure] [nio-8890-exec-6] c.r.r.config.RequestLoggingFilter        :   Authorization: Bearer [TOKEN_HIDDEN]
2026-02-27T09:42:00.498+01:00  INFO 23160 --- [readyroad-secure] [nio-8890-exec-6] c.r.r.config.RequestLoggingFilter        :   accept-language: *
2026-02-27T09:42:00.499+01:00  INFO 23160 --- [readyroad-secure] [nio-8890-exec-6] c.r.r.config.RequestLoggingFilter        :   sec-fetch-mode: cors
2026-02-27T09:42:00.500+01:00  INFO 23160 --- [readyroad-secure] [nio-8890-exec-6] c.r.r.config.RequestLoggingFilter        :   user-agent: node
2026-02-27T09:42:00.500+01:00  INFO 23160 --- [readyroad-secure] [nio-8890-exec-6] c.r.r.config.RequestLoggingFilter        :   pragma: no-cache
2026-02-27T09:42:00.500+01:00  INFO 23160 --- [readyroad-secure] [nio-8890-exec-6] c.r.r.config.RequestLoggingFilter        :   cache-control: no-cache
2026-02-27T09:42:00.501+01:00  INFO 23160 --- [readyroad-secure] [nio-8890-exec-6] c.r.r.config.RequestLoggingFilter        :   accept-encoding: gzip, deflate
2026-02-27T09:42:00.501+01:00  INFO 23160 --- [readyroad-secure] [nio-8890-exec-6] c.r.r.config.RequestLoggingFilter        : ════════════════════════════════════════
2026-02-27T09:42:00.511+01:00  INFO 23160 --- [readyroad-secure] [nio-8890-exec-6] c.r.r.controller.SmartQuizController     : Smart quiz request (authenticated): userId=2, categoryId=1, count=20
2026-02-27T09:42:00.513+01:00  INFO 23160 --- [readyroad-secure] [nio-8890-exec-6] c.r.r.service.SmartQuizService           : Generating smart quiz: userId=2, count=20, categoryId=1
2026-02-27T09:42:00.524+01:00 DEBUG 23160 --- [readyroad-secure] [nio-8890-exec-6] org.hibernate.SQL                        : select distinct uqh1_0.question_id from user_question_history uqh1_0 where uqh1_0.user_id=? and uqh1_0.last_shown_at>=?
2026-02-27T09:42:00.553+01:00  WARN 23160 --- [readyroad-secure] [nio-8890-exec-6] org.hibernate.orm.query                  : HHH90003004: firstResult/maxResults specified with collection fetch; applying in memory
2026-02-27T09:42:00.613+01:00 DEBUG 23160 --- [readyroad-secure] [nio-8890-exec-6] org.hibernate.SQL                        : select distinct qq1_0.id,c1_0.id,c1_0.code,c1_0.created_at,c1_0.description_ar,c1_0.description_en,c1_0.description_fr,c1_0.description_nl,c1_0.display_order,c1_0.is_active,c1_0.name_ar,c1_0.name_en,c1_0.name_fr,c1_0.name_nl,c1_0.updated_at,qq1_0.content_image_url,qq1_0.context_specific,qq1_0.created_at,qq1_0.difficulty_level,qq1_0.error_explanation_ar,qq1_0.error_explanation_en,qq1_0.error_explanation_fr,qq1_0.error_explanation_nl,qq1_0.explanation_ar,qq1_0.explanation_en,qq1_0.explanation_fr,qq1_0.explanation_nl,qq1_0.is_active,o1_0.question_id,o1_0.id,o1_0.created_at,o1_0.display_order,o1_0.is_correct,o1_0.option_text_ar,o1_0.option_text_en,o1_0.option_text_fr,o1_0.option_text_nl,qq1_0.published_at,qq1_0.question_ar,qq1_0.question_en,qq1_0.question_fr,qq1_0.question_nl,qq1_0.question_type,qq1_0.requires_sign_image,qq1_0.status,ts1_0.id,ts1_0.category_id,ts1_0.created_at,ts1_0.description_ar,ts1_0.description_en,ts1_0.description_fr,ts1_0.description_nl,ts1_0.image_url,ts1_0.is_active,ts1_0.long_description_ar,ts1_0.long_description_en,ts1_0.long_description_fr,ts1_0.long_description_nl,ts1_0.name_ar,ts1_0.name_en,ts1_0.name_fr,ts1_0.name_nl,ts1_0.sign_code,ts1_0.updated_at,qq1_0.typical_error_type,qq1_0.updated_at from quiz_questions qq1_0 left join categories c1_0 on c1_0.id=qq1_0.category_id left join quiz_answer_options o1_0 on qq1_0.id=o1_0.question_id left join traffic_signs ts1_0 on ts1_0.id=qq1_0.traffic_sign_id where qq1_0.category_id=? and qq1_0.is_active=true and qq1_0.status='PUBLISHED'
2026-02-27T09:42:00.663+01:00  INFO 23160 --- [readyroad-secure] [nio-8890-exec-6] c.r.r.service.SmartQuizService           : Found 0 fresh questions out of 27 candidates
2026-02-27T09:42:00.925+01:00 DEBUG 23160 --- [readyroad-secure] [nio-8890-exec-5] org.hibernate.SQL                        : select u1_0.id,u1_0.created_at,u1_0.email,u1_0.full_name,u1_0.is_active,u1_0.is_locked,u1_0.password_hash,u1_0.role,u1_0.updated_at,u1_0.username from users u1_0 where u1_0.username=?
2026-02-27T09:42:00.933+01:00  INFO 23160 --- [readyroad-secure] [nio-8890-exec-5] c.r.r.config.RequestLoggingFilter        : ════════════════════════════════════════
2026-02-27T09:42:00.933+01:00  INFO 23160 --- [readyroad-secure] [nio-8890-exec-5] c.r.r.config.RequestLoggingFilter        : 🌐 INCOMING REQUEST
2026-02-27T09:42:00.933+01:00  INFO 23160 --- [readyroad-secure] [nio-8890-exec-5] c.r.r.config.RequestLoggingFilter        : ════════════════════════════════════════
2026-02-27T09:42:00.934+01:00  INFO 23160 --- [readyroad-secure] [nio-8890-exec-5] c.r.r.config.RequestLoggingFilter        : Method: GET
2026-02-27T09:42:00.934+01:00  INFO 23160 --- [readyroad-secure] [nio-8890-exec-5] c.r.r.config.RequestLoggingFilter        : URI: /api/smart-quiz/category/1
2026-02-27T09:42:00.934+01:00  INFO 23160 --- [readyroad-secure] [nio-8890-exec-5] c.r.r.config.RequestLoggingFilter        : Query: count=20
2026-02-27T09:42:00.934+01:00  INFO 23160 --- [readyroad-secure] [nio-8890-exec-5] c.r.r.config.RequestLoggingFilter        : Remote Address: 0:0:0:0:0:0:0:1
2026-02-27T09:42:00.935+01:00  INFO 23160 --- [readyroad-secure] [nio-8890-exec-5] c.r.r.config.RequestLoggingFilter        : ----------------------------------------
2026-02-27T09:42:00.935+01:00  INFO 23160 --- [readyroad-secure] [nio-8890-exec-5] c.r.r.config.RequestLoggingFilter        : 📋 Request Headers:
2026-02-27T09:42:00.935+01:00  INFO 23160 --- [readyroad-secure] [nio-8890-exec-5] c.r.r.config.RequestLoggingFilter        :   host: localhost:8890
2026-02-27T09:42:00.936+01:00  INFO 23160 --- [readyroad-secure] [nio-8890-exec-5] c.r.r.config.RequestLoggingFilter        :   connection: keep-alive
2026-02-27T09:42:00.937+01:00  INFO 23160 --- [readyroad-secure] [nio-8890-exec-5] c.r.r.config.RequestLoggingFilter        :   Accept: application/json
2026-02-27T09:42:00.937+01:00  INFO 23160 --- [readyroad-secure] [nio-8890-exec-5] c.r.r.config.RequestLoggingFilter        :   Authorization: Bearer [TOKEN_HIDDEN]
2026-02-27T09:42:00.937+01:00  INFO 23160 --- [readyroad-secure] [nio-8890-exec-5] c.r.r.config.RequestLoggingFilter        :   accept-language: *
2026-02-27T09:42:00.938+01:00  INFO 23160 --- [readyroad-secure] [nio-8890-exec-5] c.r.r.config.RequestLoggingFilter        :   sec-fetch-mode: cors
2026-02-27T09:42:00.938+01:00  INFO 23160 --- [readyroad-secure] [nio-8890-exec-5] c.r.r.config.RequestLoggingFilter        :   user-agent: node
2026-02-27T09:42:00.938+01:00  INFO 23160 --- [readyroad-secure] [nio-8890-exec-5] c.r.r.config.RequestLoggingFilter        :   pragma: no-cache
2026-02-27T09:42:00.938+01:00  INFO 23160 --- [readyroad-secure] [nio-8890-exec-5] c.r.r.config.RequestLoggingFilter        :   cache-control: no-cache
2026-02-27T09:42:00.938+01:00  INFO 23160 --- [readyroad-secure] [nio-8890-exec-5] c.r.r.config.RequestLoggingFilter        :   accept-encoding: gzip, deflate
2026-02-27T09:42:00.939+01:00  INFO 23160 --- [readyroad-secure] [nio-8890-exec-5] c.r.r.config.RequestLoggingFilter        : ════════════════════════════════════════
2026-02-27T09:42:00.941+01:00  INFO 23160 --- [readyroad-secure] [nio-8890-exec-5] c.r.r.controller.SmartQuizController     : Smart quiz request (authenticated): userId=2, categoryId=1, count=20
2026-02-27T09:42:00.942+01:00  INFO 23160 --- [readyroad-secure] [nio-8890-exec-5] c.r.r.service.SmartQuizService           : Generating smart quiz: userId=2, count=20, categoryId=1
2026-02-27T09:42:00.945+01:00 DEBUG 23160 --- [readyroad-secure] [nio-8890-exec-5] org.hibernate.SQL                        : select distinct uqh1_0.question_id from user_question_history uqh1_0 where uqh1_0.user_id=? and uqh1_0.last_shown_at>=?
2026-02-27T09:42:00.947+01:00  WARN 23160 --- [readyroad-secure] [nio-8890-exec-5] org.hibernate.orm.query                  : HHH90003004: firstResult/maxResults specified with collection fetch; applying in memory
2026-02-27T09:42:00.957+01:00 DEBUG 23160 --- [readyroad-secure] [nio-8890-exec-5] org.hibernate.SQL                        : select distinct qq1_0.id,c1_0.id,c1_0.code,c1_0.created_at,c1_0.description_ar,c1_0.description_en,c1_0.description_fr,c1_0.description_nl,c1_0.display_order,c1_0.is_active,c1_0.name_ar,c1_0.name_en,c1_0.name_fr,c1_0.name_nl,c1_0.updated_at,qq1_0.content_image_url,qq1_0.context_specific,qq1_0.created_at,qq1_0.difficulty_level,qq1_0.error_explanation_ar,qq1_0.error_explanation_en,qq1_0.error_explanation_fr,qq1_0.error_explanation_nl,qq1_0.explanation_ar,qq1_0.explanation_en,qq1_0.explanation_fr,qq1_0.explanation_nl,qq1_0.is_active,o1_0.question_id,o1_0.id,o1_0.created_at,o1_0.display_order,o1_0.is_correct,o1_0.option_text_ar,o1_0.option_text_en,o1_0.option_text_fr,o1_0.option_text_nl,qq1_0.published_at,qq1_0.question_ar,qq1_0.question_en,qq1_0.question_fr,qq1_0.question_nl,qq1_0.question_type,qq1_0.requires_sign_image,qq1_0.status,ts1_0.id,ts1_0.category_id,ts1_0.created_at,ts1_0.description_ar,ts1_0.description_en,ts1_0.description_fr,ts1_0.description_nl,ts1_0.image_url,ts1_0.is_active,ts1_0.long_description_ar,ts1_0.long_description_en,ts1_0.long_description_fr,ts1_0.long_description_nl,ts1_0.name_ar,ts1_0.name_en,ts1_0.name_fr,ts1_0.name_nl,ts1_0.sign_code,ts1_0.updated_at,qq1_0.typical_error_type,qq1_0.updated_at from quiz_questions qq1_0 left join categories c1_0 on c1_0.id=qq1_0.category_id left join quiz_answer_options o1_0 on qq1_0.id=o1_0.question_id left join traffic_signs ts1_0 on ts1_0.id=qq1_0.traffic_sign_id where qq1_0.category_id=? and qq1_0.is_active=true and qq1_0.status='PUBLISHED'
2026-02-27T09:42:00.989+01:00  INFO 23160 --- [readyroad-secure] [nio-8890-exec-5] c.r.r.service.SmartQuizService           : Found 0 fresh questions out of 27 candidates
2026-02-27T09:42:59.897+01:00 DEBUG 23160 --- [readyroad-secure] [nio-8890-exec-9] org.hibernate.SQL                        : select u1_0.id,u1_0.created_at,u1_0.email,u1_0.full_name,u1_0.is_active,u1_0.is_locked,u1_0.password_hash,u1_0.role,u1_0.updated_at,u1_0.username from users u1_0 where u1_0.username=?
2026-02-27T09:42:59.904+01:00  INFO 23160 --- [readyroad-secure] [nio-8890-exec-9] c.r.r.config.RequestLoggingFilter        : ════════════════════════════════════════
2026-02-27T09:42:59.905+01:00  INFO 23160 --- [readyroad-secure] [nio-8890-exec-9] c.r.r.config.RequestLoggingFilter        : 🌐 INCOMING REQUEST
2026-02-27T09:42:59.905+01:00  INFO 23160 --- [readyroad-secure] [nio-8890-exec-9] c.r.r.config.RequestLoggingFilter        : ════════════════════════════════════════
2026-02-27T09:42:59.905+01:00  INFO 23160 --- [readyroad-secure] [nio-8890-exec-9] c.r.r.config.RequestLoggingFilter        : Method: GET
2026-02-27T09:42:59.905+01:00  INFO 23160 --- [readyroad-secure] [nio-8890-exec-9] c.r.r.config.RequestLoggingFilter        : URI: /api/auth/me
2026-02-27T09:42:59.906+01:00  INFO 23160 --- [readyroad-secure] [nio-8890-exec-9] c.r.r.config.RequestLoggingFilter        : Remote Address: 0:0:0:0:0:0:0:1
2026-02-27T09:42:59.906+01:00  INFO 23160 --- [readyroad-secure] [nio-8890-exec-9] c.r.r.config.RequestLoggingFilter        : ----------------------------------------
2026-02-27T09:42:59.907+01:00  INFO 23160 --- [readyroad-secure] [nio-8890-exec-9] c.r.r.config.RequestLoggingFilter        : 📋 Request Headers:
2026-02-27T09:42:59.908+01:00  INFO 23160 --- [readyroad-secure] [nio-8890-exec-9] c.r.r.config.RequestLoggingFilter        :   host: localhost:8890
2026-02-27T09:42:59.909+01:00  INFO 23160 --- [readyroad-secure] [nio-8890-exec-9] c.r.r.config.RequestLoggingFilter        :   connection: keep-alive
2026-02-27T09:42:59.909+01:00  INFO 23160 --- [readyroad-secure] [nio-8890-exec-9] c.r.r.config.RequestLoggingFilter        :   Authorization: Bearer [TOKEN_HIDDEN]
2026-02-27T09:42:59.910+01:00  INFO 23160 --- [readyroad-secure] [nio-8890-exec-9] c.r.r.config.RequestLoggingFilter        :   Accept: application/json
2026-02-27T09:42:59.910+01:00  INFO 23160 --- [readyroad-secure] [nio-8890-exec-9] c.r.r.config.RequestLoggingFilter        :   accept-language: *
2026-02-27T09:42:59.911+01:00  INFO 23160 --- [readyroad-secure] [nio-8890-exec-9] c.r.r.config.RequestLoggingFilter        :   sec-fetch-mode: cors
2026-02-27T09:42:59.912+01:00  INFO 23160 --- [readyroad-secure] [nio-8890-exec-9] c.r.r.config.RequestLoggingFilter        :   user-agent: node
2026-02-27T09:42:59.912+01:00  INFO 23160 --- [readyroad-secure] [nio-8890-exec-9] c.r.r.config.RequestLoggingFilter        :   pragma: no-cache
2026-02-27T09:42:59.913+01:00  INFO 23160 --- [readyroad-secure] [nio-8890-exec-9] c.r.r.config.RequestLoggingFilter        :   cache-control: no-cache
2026-02-27T09:42:59.913+01:00  INFO 23160 --- [readyroad-secure] [nio-8890-exec-9] c.r.r.config.RequestLoggingFilter        :   accept-encoding: gzip, deflate
2026-02-27T09:42:59.913+01:00  INFO 23160 --- [readyroad-secure] [nio-8890-exec-9] c.r.r.config.RequestLoggingFilter        : ════════════════════════════════════════
2026-02-27T09:43:00.621+01:00 DEBUG 23160 --- [readyroad-secure] [nio-8890-exec-7] org.hibernate.SQL                        : select u1_0.id,u1_0.created_at,u1_0.email,u1_0.full_name,u1_0.is_active,u1_0.is_locked,u1_0.password_hash,u1_0.role,u1_0.updated_at,u1_0.username from users u1_0 where u1_0.username=?
2026-02-27T09:43:00.629+01:00  INFO 23160 --- [readyroad-secure] [nio-8890-exec-7] c.r.r.config.RequestLoggingFilter        : ════════════════════════════════════════
2026-02-27T09:43:00.629+01:00  INFO 23160 --- [readyroad-secure] [nio-8890-exec-7] c.r.r.config.RequestLoggingFilter        : 🌐 INCOMING REQUEST
2026-02-27T09:43:00.629+01:00  INFO 23160 --- [readyroad-secure] [nio-8890-exec-7] c.r.r.config.RequestLoggingFilter        : ════════════════════════════════════════
2026-02-27T09:43:00.630+01:00  INFO 23160 --- [readyroad-secure] [nio-8890-exec-7] c.r.r.config.RequestLoggingFilter        : Method: GET
2026-02-27T09:43:00.630+01:00  INFO 23160 --- [readyroad-secure] [nio-8890-exec-7] c.r.r.config.RequestLoggingFilter        : URI: /api/categories/A
2026-02-27T09:43:00.631+01:00  INFO 23160 --- [readyroad-secure] [nio-8890-exec-7] c.r.r.config.RequestLoggingFilter        : Remote Address: 0:0:0:0:0:0:0:1
2026-02-27T09:43:00.631+01:00  INFO 23160 --- [readyroad-secure] [nio-8890-exec-7] c.r.r.config.RequestLoggingFilter        : ----------------------------------------
2026-02-27T09:43:00.631+01:00  INFO 23160 --- [readyroad-secure] [nio-8890-exec-7] c.r.r.config.RequestLoggingFilter        : 📋 Request Headers:
2026-02-27T09:43:00.631+01:00  INFO 23160 --- [readyroad-secure] [nio-8890-exec-7] c.r.r.config.RequestLoggingFilter        :   host: localhost:8890
2026-02-27T09:43:00.632+01:00  INFO 23160 --- [readyroad-secure] [nio-8890-exec-7] c.r.r.config.RequestLoggingFilter        :   connection: keep-alive
2026-02-27T09:43:00.632+01:00  INFO 23160 --- [readyroad-secure] [nio-8890-exec-7] c.r.r.config.RequestLoggingFilter        :   Accept: application/json
2026-02-27T09:43:00.633+01:00  INFO 23160 --- [readyroad-secure] [nio-8890-exec-7] c.r.r.config.RequestLoggingFilter        :   Authorization: Bearer [TOKEN_HIDDEN]
2026-02-27T09:43:00.633+01:00  INFO 23160 --- [readyroad-secure] [nio-8890-exec-7] c.r.r.config.RequestLoggingFilter        :   accept-language: *
2026-02-27T09:43:00.634+01:00  INFO 23160 --- [readyroad-secure] [nio-8890-exec-7] c.r.r.config.RequestLoggingFilter        :   sec-fetch-mode: cors
2026-02-27T09:43:00.634+01:00  INFO 23160 --- [readyroad-secure] [nio-8890-exec-7] c.r.r.config.RequestLoggingFilter        :   user-agent: node
2026-02-27T09:43:00.634+01:00  INFO 23160 --- [readyroad-secure] [nio-8890-exec-7] c.r.r.config.RequestLoggingFilter        :   pragma: no-cache
2026-02-27T09:43:00.637+01:00  INFO 23160 --- [readyroad-secure] [nio-8890-exec-7] c.r.r.config.RequestLoggingFilter        :   cache-control: no-cache
2026-02-27T09:43:00.637+01:00  INFO 23160 --- [readyroad-secure] [nio-8890-exec-7] c.r.r.config.RequestLoggingFilter        :   accept-encoding: gzip, deflate
2026-02-27T09:43:00.639+01:00  INFO 23160 --- [readyroad-secure] [nio-8890-exec-7] c.r.r.config.RequestLoggingFilter        : ════════════════════════════════════════
2026-02-27T09:43:00.644+01:00 DEBUG 23160 --- [readyroad-secure] [nio-8890-exec-7] org.hibernate.SQL                        : select c1_0.id,c1_0.code,c1_0.created_at,c1_0.description_ar,c1_0.description_en,c1_0.description_fr,c1_0.description_nl,c1_0.display_order,c1_0.is_active,c1_0.name_ar,c1_0.name_en,c1_0.name_fr,c1_0.name_nl,c1_0.updated_at from categories c1_0 where c1_0.code=?
2026-02-27T09:43:00.781+01:00 DEBUG 23160 --- [readyroad-secure] [io-8890-exec-10] org.hibernate.SQL                        : select u1_0.id,u1_0.created_at,u1_0.email,u1_0.full_name,u1_0.is_active,u1_0.is_locked,u1_0.password_hash,u1_0.role,u1_0.updated_at,u1_0.username from users u1_0 where u1_0.username=?
2026-02-27T09:43:00.787+01:00  INFO 23160 --- [readyroad-secure] [io-8890-exec-10] c.r.r.config.RequestLoggingFilter        : ════════════════════════════════════════
2026-02-27T09:43:00.789+01:00  INFO 23160 --- [readyroad-secure] [io-8890-exec-10] c.r.r.config.RequestLoggingFilter        : 🌐 INCOMING REQUEST
2026-02-27T09:43:00.789+01:00  INFO 23160 --- [readyroad-secure] [io-8890-exec-10] c.r.r.config.RequestLoggingFilter        : ════════════════════════════════════════
2026-02-27T09:43:00.789+01:00  INFO 23160 --- [readyroad-secure] [io-8890-exec-10] c.r.r.config.RequestLoggingFilter        : Method: GET
2026-02-27T09:43:00.789+01:00  INFO 23160 --- [readyroad-secure] [io-8890-exec-10] c.r.r.config.RequestLoggingFilter        : URI: /api/users/me/notifications/unread-count
2026-02-27T09:43:00.789+01:00  INFO 23160 --- [readyroad-secure] [io-8890-exec-10] c.r.r.config.RequestLoggingFilter        : Remote Address: 0:0:0:0:0:0:0:1
2026-02-27T09:43:00.791+01:00  INFO 23160 --- [readyroad-secure] [io-8890-exec-10] c.r.r.config.RequestLoggingFilter        : ----------------------------------------
2026-02-27T09:43:00.791+01:00  INFO 23160 --- [readyroad-secure] [io-8890-exec-10] c.r.r.config.RequestLoggingFilter        : 📋 Request Headers:
2026-02-27T09:43:00.791+01:00  INFO 23160 --- [readyroad-secure] [io-8890-exec-10] c.r.r.config.RequestLoggingFilter        :   host: localhost:8890
2026-02-27T09:43:00.791+01:00  INFO 23160 --- [readyroad-secure] [io-8890-exec-10] c.r.r.config.RequestLoggingFilter        :   connection: keep-alive
2026-02-27T09:43:00.791+01:00  INFO 23160 --- [readyroad-secure] [io-8890-exec-10] c.r.r.config.RequestLoggingFilter        :   Accept: application/json
2026-02-27T09:43:00.792+01:00  INFO 23160 --- [readyroad-secure] [io-8890-exec-10] c.r.r.config.RequestLoggingFilter        :   Authorization: Bearer [TOKEN_HIDDEN]
2026-02-27T09:43:00.792+01:00  INFO 23160 --- [readyroad-secure] [io-8890-exec-10] c.r.r.config.RequestLoggingFilter        :   accept-language: *
2026-02-27T09:43:00.793+01:00  INFO 23160 --- [readyroad-secure] [io-8890-exec-10] c.r.r.config.RequestLoggingFilter        :   sec-fetch-mode: cors
2026-02-27T09:43:00.793+01:00  INFO 23160 --- [readyroad-secure] [io-8890-exec-10] c.r.r.config.RequestLoggingFilter        :   user-agent: node
2026-02-27T09:43:00.793+01:00  INFO 23160 --- [readyroad-secure] [io-8890-exec-10] c.r.r.config.RequestLoggingFilter        :   pragma: no-cache
2026-02-27T09:43:00.794+01:00  INFO 23160 --- [readyroad-secure] [io-8890-exec-10] c.r.r.config.RequestLoggingFilter        :   cache-control: no-cache
2026-02-27T09:43:00.795+01:00  INFO 23160 --- [readyroad-secure] [io-8890-exec-10] c.r.r.config.RequestLoggingFilter        :   accept-encoding: gzip, deflate
2026-02-27T09:43:00.795+01:00  INFO 23160 --- [readyroad-secure] [io-8890-exec-10] c.r.r.config.RequestLoggingFilter        : ════════════════════════════════════════
2026-02-27T09:43:00.796+01:00  INFO 23160 --- [readyroad-secure] [io-8890-exec-10] c.r.r.service.NotificationService        : Getting unread notification count for user: admin
2026-02-27T09:43:01.044+01:00 DEBUG 23160 --- [readyroad-secure] [nio-8890-exec-6] org.hibernate.SQL                        : select u1_0.id,u1_0.created_at,u1_0.email,u1_0.full_name,u1_0.is_active,u1_0.is_locked,u1_0.password_hash,u1_0.role,u1_0.updated_at,u1_0.username from users u1_0 where u1_0.username=?
2026-02-27T09:43:01.050+01:00  INFO 23160 --- [readyroad-secure] [nio-8890-exec-6] c.r.r.config.RequestLoggingFilter        : ════════════════════════════════════════
2026-02-27T09:43:01.051+01:00  INFO 23160 --- [readyroad-secure] [nio-8890-exec-6] c.r.r.config.RequestLoggingFilter        : 🌐 INCOMING REQUEST
2026-02-27T09:43:01.051+01:00  INFO 23160 --- [readyroad-secure] [nio-8890-exec-6] c.r.r.config.RequestLoggingFilter        : ════════════════════════════════════════
2026-02-27T09:43:01.052+01:00  INFO 23160 --- [readyroad-secure] [nio-8890-exec-6] c.r.r.config.RequestLoggingFilter        : Method: GET
2026-02-27T09:43:01.052+01:00  INFO 23160 --- [readyroad-secure] [nio-8890-exec-6] c.r.r.config.RequestLoggingFilter        : URI: /api/smart-quiz/category/1
2026-02-27T09:43:01.052+01:00  INFO 23160 --- [readyroad-secure] [nio-8890-exec-6] c.r.r.config.RequestLoggingFilter        : Query: count=20
2026-02-27T09:43:01.053+01:00  INFO 23160 --- [readyroad-secure] [nio-8890-exec-6] c.r.r.config.RequestLoggingFilter        : Remote Address: 0:0:0:0:0:0:0:1
2026-02-27T09:43:01.053+01:00  INFO 23160 --- [readyroad-secure] [nio-8890-exec-6] c.r.r.config.RequestLoggingFilter        : ----------------------------------------
2026-02-27T09:43:01.053+01:00  INFO 23160 --- [readyroad-secure] [nio-8890-exec-6] c.r.r.config.RequestLoggingFilter        : 📋 Request Headers:
2026-02-27T09:43:01.054+01:00  INFO 23160 --- [readyroad-secure] [nio-8890-exec-6] c.r.r.config.RequestLoggingFilter        :   host: localhost:8890
2026-02-27T09:43:01.054+01:00  INFO 23160 --- [readyroad-secure] [nio-8890-exec-6] c.r.r.config.RequestLoggingFilter        :   connection: keep-alive
2026-02-27T09:43:01.054+01:00  INFO 23160 --- [readyroad-secure] [nio-8890-exec-6] c.r.r.config.RequestLoggingFilter        :   Accept: application/json
2026-02-27T09:43:01.054+01:00  INFO 23160 --- [readyroad-secure] [nio-8890-exec-6] c.r.r.config.RequestLoggingFilter        :   Authorization: Bearer [TOKEN_HIDDEN]
2026-02-27T09:43:01.055+01:00  INFO 23160 --- [readyroad-secure] [nio-8890-exec-6] c.r.r.config.RequestLoggingFilter        :   accept-language: *
2026-02-27T09:43:01.056+01:00  INFO 23160 --- [readyroad-secure] [nio-8890-exec-6] c.r.r.config.RequestLoggingFilter        :   sec-fetch-mode: cors
2026-02-27T09:43:01.056+01:00  INFO 23160 --- [readyroad-secure] [nio-8890-exec-6] c.r.r.config.RequestLoggingFilter        :   user-agent: node
2026-02-27T09:43:01.057+01:00  INFO 23160 --- [readyroad-secure] [nio-8890-exec-6] c.r.r.config.RequestLoggingFilter        :   pragma: no-cache
2026-02-27T09:43:01.057+01:00  INFO 23160 --- [readyroad-secure] [nio-8890-exec-6] c.r.r.config.RequestLoggingFilter        :   cache-control: no-cache
2026-02-27T09:43:01.058+01:00  INFO 23160 --- [readyroad-secure] [nio-8890-exec-6] c.r.r.config.RequestLoggingFilter        :   accept-encoding: gzip, deflate
2026-02-27T09:43:01.059+01:00  INFO 23160 --- [readyroad-secure] [nio-8890-exec-6] c.r.r.config.RequestLoggingFilter        : ════════════════════════════════════════
2026-02-27T09:43:01.061+01:00  INFO 23160 --- [readyroad-secure] [nio-8890-exec-6] c.r.r.controller.SmartQuizController     : Smart quiz request (authenticated): userId=2, categoryId=1, count=20
2026-02-27T09:43:01.063+01:00  INFO 23160 --- [readyroad-secure] [nio-8890-exec-6] c.r.r.service.SmartQuizService           : Generating smart quiz: userId=2, count=20, categoryId=1
2026-02-27T09:43:01.064+01:00 DEBUG 23160 --- [readyroad-secure] [nio-8890-exec-6] org.hibernate.SQL                        : select distinct uqh1_0.question_id from user_question_history uqh1_0 where uqh1_0.user_id=? and uqh1_0.last_shown_at>=?
2026-02-27T09:43:01.065+01:00 DEBUG 23160 --- [readyroad-secure] [nio-8890-exec-5] org.hibernate.SQL                        : select u1_0.id,u1_0.created_at,u1_0.email,u1_0.full_name,u1_0.is_active,u1_0.is_locked,u1_0.password_hash,u1_0.role,u1_0.updated_at,u1_0.username from users u1_0 where u1_0.username=?
2026-02-27T09:43:01.070+01:00  WARN 23160 --- [readyroad-secure] [nio-8890-exec-6] org.hibernate.orm.query                  : HHH90003004: firstResult/maxResults specified with collection fetch; applying in memory
2026-02-27T09:43:01.072+01:00  INFO 23160 --- [readyroad-secure] [nio-8890-exec-5] c.r.r.config.RequestLoggingFilter        : ════════════════════════════════════════
2026-02-27T09:43:01.073+01:00  INFO 23160 --- [readyroad-secure] [nio-8890-exec-5] c.r.r.config.RequestLoggingFilter        : 🌐 INCOMING REQUEST
2026-02-27T09:43:01.073+01:00  INFO 23160 --- [readyroad-secure] [nio-8890-exec-5] c.r.r.config.RequestLoggingFilter        : ════════════════════════════════════════
2026-02-27T09:43:01.074+01:00  INFO 23160 --- [readyroad-secure] [nio-8890-exec-5] c.r.r.config.RequestLoggingFilter        : Method: GET
2026-02-27T09:43:01.074+01:00  INFO 23160 --- [readyroad-secure] [nio-8890-exec-5] c.r.r.config.RequestLoggingFilter        : URI: /api/categories/A
2026-02-27T09:43:01.075+01:00  INFO 23160 --- [readyroad-secure] [nio-8890-exec-5] c.r.r.config.RequestLoggingFilter        : Remote Address: 0:0:0:0:0:0:0:1
2026-02-27T09:43:01.075+01:00  INFO 23160 --- [readyroad-secure] [nio-8890-exec-5] c.r.r.config.RequestLoggingFilter        : ----------------------------------------
2026-02-27T09:43:01.077+01:00  INFO 23160 --- [readyroad-secure] [nio-8890-exec-5] c.r.r.config.RequestLoggingFilter        : 📋 Request Headers:
2026-02-27T09:43:01.078+01:00 DEBUG 23160 --- [readyroad-secure] [nio-8890-exec-6] org.hibernate.SQL                        : select distinct qq1_0.id,c1_0.id,c1_0.code,c1_0.created_at,c1_0.description_ar,c1_0.description_en,c1_0.description_fr,c1_0.description_nl,c1_0.display_order,c1_0.is_active,c1_0.name_ar,c1_0.name_en,c1_0.name_fr,c1_0.name_nl,c1_0.updated_at,qq1_0.content_image_url,qq1_0.context_specific,qq1_0.created_at,qq1_0.difficulty_level,qq1_0.error_explanation_ar,qq1_0.error_explanation_en,qq1_0.error_explanation_fr,qq1_0.error_explanation_nl,qq1_0.explanation_ar,qq1_0.explanation_en,qq1_0.explanation_fr,qq1_0.explanation_nl,qq1_0.is_active,o1_0.question_id,o1_0.id,o1_0.created_at,o1_0.display_order,o1_0.is_correct,o1_0.option_text_ar,o1_0.option_text_en,o1_0.option_text_fr,o1_0.option_text_nl,qq1_0.published_at,qq1_0.question_ar,qq1_0.question_en,qq1_0.question_fr,qq1_0.question_nl,qq1_0.question_type,qq1_0.requires_sign_image,qq1_0.status,ts1_0.id,ts1_0.category_id,ts1_0.created_at,ts1_0.description_ar,ts1_0.description_en,ts1_0.description_fr,ts1_0.description_nl,ts1_0.image_url,ts1_0.is_active,ts1_0.long_description_ar,ts1_0.long_description_en,ts1_0.long_description_fr,ts1_0.long_description_nl,ts1_0.name_ar,ts1_0.name_en,ts1_0.name_fr,ts1_0.name_nl,ts1_0.sign_code,ts1_0.updated_at,qq1_0.typical_error_type,qq1_0.updated_at from quiz_questions qq1_0 left join categories c1_0 on c1_0.id=qq1_0.category_id left join quiz_answer_options o1_0 on qq1_0.id=o1_0.question_id left join traffic_signs ts1_0 on ts1_0.id=qq1_0.traffic_sign_id where qq1_0.category_id=? and qq1_0.is_active=true and qq1_0.status='PUBLISHED'
2026-02-27T09:43:01.078+01:00  INFO 23160 --- [readyroad-secure] [nio-8890-exec-5] c.r.r.config.RequestLoggingFilter        :   host: localhost:8890
2026-02-27T09:43:01.079+01:00  INFO 23160 --- [readyroad-secure] [nio-8890-exec-5] c.r.r.config.RequestLoggingFilter        :   connection: keep-alive
2026-02-27T09:43:01.079+01:00  INFO 23160 --- [readyroad-secure] [nio-8890-exec-5] c.r.r.config.RequestLoggingFilter        :   Accept: application/json
2026-02-27T09:43:01.079+01:00  INFO 23160 --- [readyroad-secure] [nio-8890-exec-5] c.r.r.config.RequestLoggingFilter        :   Authorization: Bearer [TOKEN_HIDDEN]
2026-02-27T09:43:01.080+01:00  INFO 23160 --- [readyroad-secure] [nio-8890-exec-5] c.r.r.config.RequestLoggingFilter        :   accept-language: *
2026-02-27T09:43:01.081+01:00  INFO 23160 --- [readyroad-secure] [nio-8890-exec-5] c.r.r.config.RequestLoggingFilter        :   sec-fetch-mode: cors
2026-02-27T09:43:01.081+01:00  INFO 23160 --- [readyroad-secure] [nio-8890-exec-5] c.r.r.config.RequestLoggingFilter        :   user-agent: node
2026-02-27T09:43:01.082+01:00  INFO 23160 --- [readyroad-secure] [nio-8890-exec-5] c.r.r.config.RequestLoggingFilter        :   pragma: no-cache
2026-02-27T09:43:01.082+01:00  INFO 23160 --- [readyroad-secure] [nio-8890-exec-5] c.r.r.config.RequestLoggingFilter        :   cache-control: no-cache
2026-02-27T09:43:01.083+01:00  INFO 23160 --- [readyroad-secure] [nio-8890-exec-5] c.r.r.config.RequestLoggingFilter        :   accept-encoding: gzip, deflate
2026-02-27T09:43:01.083+01:00  INFO 23160 --- [readyroad-secure] [nio-8890-exec-5] c.r.r.config.RequestLoggingFilter        : ════════════════════════════════════════
2026-02-27T09:43:01.088+01:00 DEBUG 23160 --- [readyroad-secure] [nio-8890-exec-5] org.hibernate.SQL                        : select c1_0.id,c1_0.code,c1_0.created_at,c1_0.description_ar,c1_0.description_en,c1_0.description_fr,c1_0.description_nl,c1_0.display_order,c1_0.is_active,c1_0.name_ar,c1_0.name_en,c1_0.name_fr,c1_0.name_nl,c1_0.updated_at from categories c1_0 where c1_0.code=?
2026-02-27T09:43:01.156+01:00  INFO 23160 --- [readyroad-secure] [nio-8890-exec-6] c.r.r.service.SmartQuizService           : Found 0 fresh questions out of 27 candidates
2026-02-27T09:43:01.525+01:00 DEBUG 23160 --- [readyroad-secure] [nio-8890-exec-4] org.hibernate.SQL                        : select u1_0.id,u1_0.created_at,u1_0.email,u1_0.full_name,u1_0.is_active,u1_0.is_locked,u1_0.password_hash,u1_0.role,u1_0.updated_at,u1_0.username from users u1_0 where u1_0.username=?
2026-02-27T09:43:01.540+01:00  INFO 23160 --- [readyroad-secure] [nio-8890-exec-4] c.r.r.config.RequestLoggingFilter        : ════════════════════════════════════════
2026-02-27T09:43:01.544+01:00  INFO 23160 --- [readyroad-secure] [nio-8890-exec-4] c.r.r.config.RequestLoggingFilter        : 🌐 INCOMING REQUEST
2026-02-27T09:43:01.545+01:00  INFO 23160 --- [readyroad-secure] [nio-8890-exec-4] c.r.r.config.RequestLoggingFilter        : ════════════════════════════════════════
2026-02-27T09:43:01.545+01:00  INFO 23160 --- [readyroad-secure] [nio-8890-exec-4] c.r.r.config.RequestLoggingFilter        : Method: GET
2026-02-27T09:43:01.545+01:00  INFO 23160 --- [readyroad-secure] [nio-8890-exec-4] c.r.r.config.RequestLoggingFilter        : URI: /api/smart-quiz/category/1
2026-02-27T09:43:01.546+01:00  INFO 23160 --- [readyroad-secure] [nio-8890-exec-4] c.r.r.config.RequestLoggingFilter        : Query: count=20
2026-02-27T09:43:01.546+01:00  INFO 23160 --- [readyroad-secure] [nio-8890-exec-4] c.r.r.config.RequestLoggingFilter        : Remote Address: 0:0:0:0:0:0:0:1
2026-02-27T09:43:01.547+01:00  INFO 23160 --- [readyroad-secure] [nio-8890-exec-4] c.r.r.config.RequestLoggingFilter        : ----------------------------------------
2026-02-27T09:43:01.547+01:00  INFO 23160 --- [readyroad-secure] [nio-8890-exec-4] c.r.r.config.RequestLoggingFilter        : 📋 Request Headers:
2026-02-27T09:43:01.548+01:00  INFO 23160 --- [readyroad-secure] [nio-8890-exec-4] c.r.r.config.RequestLoggingFilter        :   host: localhost:8890
2026-02-27T09:43:01.548+01:00  INFO 23160 --- [readyroad-secure] [nio-8890-exec-4] c.r.r.config.RequestLoggingFilter        :   connection: keep-alive
2026-02-27T09:43:01.550+01:00  INFO 23160 --- [readyroad-secure] [nio-8890-exec-4] c.r.r.config.RequestLoggingFilter        :   Accept: application/json
2026-02-27T09:43:01.554+01:00  INFO 23160 --- [readyroad-secure] [nio-8890-exec-4] c.r.r.config.RequestLoggingFilter        :   Authorization: Bearer [TOKEN_HIDDEN]
2026-02-27T09:43:01.556+01:00  INFO 23160 --- [readyroad-secure] [nio-8890-exec-4] c.r.r.config.RequestLoggingFilter        :   accept-language: *
2026-02-27T09:43:01.557+01:00  INFO 23160 --- [readyroad-secure] [nio-8890-exec-4] c.r.r.config.RequestLoggingFilter        :   sec-fetch-mode: cors
2026-02-27T09:43:01.557+01:00  INFO 23160 --- [readyroad-secure] [nio-8890-exec-4] c.r.r.config.RequestLoggingFilter        :   user-agent: node
2026-02-27T09:43:01.558+01:00  INFO 23160 --- [readyroad-secure] [nio-8890-exec-4] c.r.r.config.RequestLoggingFilter        :   pragma: no-cache
2026-02-27T09:43:01.558+01:00  INFO 23160 --- [readyroad-secure] [nio-8890-exec-4] c.r.r.config.RequestLoggingFilter        :   cache-control: no-cache
2026-02-27T09:43:01.558+01:00  INFO 23160 --- [readyroad-secure] [nio-8890-exec-4] c.r.r.config.RequestLoggingFilter        :   accept-encoding: gzip, deflate
2026-02-27T09:43:01.559+01:00  INFO 23160 --- [readyroad-secure] [nio-8890-exec-4] c.r.r.config.RequestLoggingFilter        : ════════════════════════════════════════
2026-02-27T09:43:01.562+01:00  INFO 23160 --- [readyroad-secure] [nio-8890-exec-4] c.r.r.controller.SmartQuizController     : Smart quiz request (authenticated): userId=2, categoryId=1, count=20
2026-02-27T09:43:01.564+01:00  INFO 23160 --- [readyroad-secure] [nio-8890-exec-4] c.r.r.service.SmartQuizService           : Generating smart quiz: userId=2, count=20, categoryId=1
2026-02-27T09:43:01.565+01:00 DEBUG 23160 --- [readyroad-secure] [nio-8890-exec-4] org.hibernate.SQL                        : select distinct uqh1_0.question_id from user_question_history uqh1_0 where uqh1_0.user_id=? and uqh1_0.last_shown_at>=?
2026-02-27T09:43:01.568+01:00  WARN 23160 --- [readyroad-secure] [nio-8890-exec-4] org.hibernate.orm.query                  : HHH90003004: firstResult/maxResults specified with collection fetch; applying in memory
2026-02-27T09:43:01.576+01:00 DEBUG 23160 --- [readyroad-secure] [nio-8890-exec-4] org.hibernate.SQL                        : select distinct qq1_0.id,c1_0.id,c1_0.code,c1_0.created_at,c1_0.description_ar,c1_0.description_en,c1_0.description_fr,c1_0.description_nl,c1_0.display_order,c1_0.is_active,c1_0.name_ar,c1_0.name_en,c1_0.name_fr,c1_0.name_nl,c1_0.updated_at,qq1_0.content_image_url,qq1_0.context_specific,qq1_0.created_at,qq1_0.difficulty_level,qq1_0.error_explanation_ar,qq1_0.error_explanation_en,qq1_0.error_explanation_fr,qq1_0.error_explanation_nl,qq1_0.explanation_ar,qq1_0.explanation_en,qq1_0.explanation_fr,qq1_0.explanation_nl,qq1_0.is_active,o1_0.question_id,o1_0.id,o1_0.created_at,o1_0.display_order,o1_0.is_correct,o1_0.option_text_ar,o1_0.option_text_en,o1_0.option_text_fr,o1_0.option_text_nl,qq1_0.published_at,qq1_0.question_ar,qq1_0.question_en,qq1_0.question_fr,qq1_0.question_nl,qq1_0.question_type,qq1_0.requires_sign_image,qq1_0.status,ts1_0.id,ts1_0.category_id,ts1_0.created_at,ts1_0.description_ar,ts1_0.description_en,ts1_0.description_fr,ts1_0.description_nl,ts1_0.image_url,ts1_0.is_active,ts1_0.long_description_ar,ts1_0.long_description_en,ts1_0.long_description_fr,ts1_0.long_description_nl,ts1_0.name_ar,ts1_0.name_en,ts1_0.name_fr,ts1_0.name_nl,ts1_0.sign_code,ts1_0.updated_at,qq1_0.typical_error_type,qq1_0.updated_at from quiz_questions qq1_0 left join categories c1_0 on c1_0.id=qq1_0.category_id left join quiz_answer_options o1_0 on qq1_0.id=o1_0.question_id left join traffic_signs ts1_0 on ts1_0.id=qq1_0.traffic_sign_id where qq1_0.category_id=? and qq1_0.is_active=true and qq1_0.status='PUBLISHED'
2026-02-27T09:43:01.601+01:00  INFO 23160 --- [readyroad-secure] [nio-8890-exec-4] c.r.r.service.SmartQuizService           : Found 0 fresh questions out of 27 candidates
[INFO] ------------------------------------------------------------------------
[INFO] BUILD FAILURE
[INFO] ------------------------------------------------------------------------
[INFO] Total time:  07:12 h
[INFO] Finished at: 2026-02-27T09:44:13+01:00
[INFO] ------------------------------------------------------------------------
[ERROR] Failed to execute goal org.springframework.boot:spring-boot-maven-plugin:4.0.1:run (default-cli) on project readyroad-backend: Process terminated with exit code: -1 -> [Help 1]
[ERROR] 
[ERROR] To see the full stack trace of the errors, re-run Maven with the -e switch.
[ERROR] Re-run Maven using the -X switch to enable full debug logging.
[ERROR] 
[ERROR] For more information about the errors and possible solutions, please read the following articles:
[ERROR] [Help 1] http://cwiki.apache.org/confluence/display/MAVEN/MojoExecutionException
